interval,midi,ref_midi,source,source_type
-12,57,69,sine,waveform
-12,57,69,synth_lead,instrument
-12,57,69,cello,instrument
-12,57,69,flute,instrument
-12,57,69,piano,instrument
-12,57,69,voice,instrument
-7,62,69,sine,waveform
-7,62,69,synth_lead,instrument
-7,62,69,cello,instrument
-7,62,69,flute,instrument
-7,62,69,piano,instrument
-7,62,69,voice,instrument
-5,64,69,sine,waveform
-5,64,69,synth_lead,instrument
-5,64,69,cello,instrument
-5,64,69,flute,instrument
-5,64,69,piano,instrument
-5,64,69,voice,instrument
-4,65,69,sine,waveform
-4,65,69,synth_lead,instrument
-4,65,69,cello,instrument
-4,65,69,flute,instrument
-4,65,69,piano,instrument
-4,65,69,voice,instrument
-3,66,69,sine,waveform
-3,66,69,synth_lead,instrument
-3,66,69,cello,instrument
-3,66,69,flute,instrument
-3,66,69,piano,instrument
-3,66,69,voice,instrument
-1,68,69,sine,waveform
-1,68,69,synth_lead,instrument
-1,68,69,cello,instrument
-1,68,69,flute,instrument
-1,68,69,piano,instrument
-1,68,69,voice,instrument
0,69,69,sine,waveform
0,69,69,synth_lead,instrument
0,69,69,cello,instrument
0,69,69,flute,instrument
0,69,69,piano,instrument
0,69,69,voice,instrument
1,70,69,sine,waveform
1,70,69,synth_lead,instrument
1,70,69,cello,instrument
1,70,69,flute,instrument
1,70,69,piano,instrument
1,70,69,voice,instrument
3,72,69,sine,waveform
3,72,69,synth_lead,instrument
3,72,69,cello,instrument
3,72,69,flute,instrument
3,72,69,piano,instrument
3,72,69,voice,instrument
4,73,69,sine,waveform
4,73,69,synth_lead,instrument
4,73,69,cello,instrument
4,73,69,flute,instrument
4,73,69,piano,instrument
4,73,69,voice,instrument
5,74,69,sine,waveform
5,74,69,synth_lead,instrument
5,74,69,cello,instrument
5,74,69,flute,instrument
5,74,69,piano,instrument
5,74,69,voice,instrument
7,76,69,sine,waveform
7,76,69,synth_lead,instrument
7,76,69,cello,instrument
7,76,69,flute,instrument
7,76,69,piano,instrument
7,76,69,voice,instrument
12,81,69,sine,waveform
12,81,69,synth_lead,instrument
12,81,69,cello,instrument
12,81,69,flute,instrument
12,81,69,piano,instrument
12,81,69,voice,instrument
-12,41,53,sine,waveform
-12,41,53,synth_lead,instrument
-12,41,53,cello,instrument
-12,41,53,flute,instrument
-12,41,53,piano,instrument
-12,41,53,voice,instrument
-7,46,53,sine,waveform
-7,46,53,synth_lead,instrument
-7,46,53,cello,instrument
-7,46,53,flute,instrument
-7,46,53,piano,instrument
-7,46,53,voice,instrument
-5,48,53,sine,waveform
-5,48,53,synth_lead,instrument
-5,48,53,cello,instrument
-5,48,53,flute,instrument
-5,48,53,piano,instrument
-5,48,53,voice,instrument
-4,49,53,sine,waveform
-4,49,53,synth_lead,instrument
-4,49,53,cello,instrument
-4,49,53,flute,instrument
-4,49,53,piano,instrument
-4,49,53,voice,instrument
-3,50,53,sine,waveform
-3,50,53,synth_lead,instrument
-3,50,53,cello,instrument
-3,50,53,flute,instrument
-3,50,53,piano,instrument
-3,50,53,voice,instrument
-1,52,53,sine,waveform
-1,52,53,synth_lead,instrument
-1,52,53,cello,instrument
-1,52,53,flute,instrument
-1,52,53,piano,instrument
-1,52,53,voice,instrument
0,53,53,sine,waveform
0,53,53,synth_lead,instrument
0,53,53,cello,instrument
0,53,53,flute,instrument
0,53,53,piano,instrument
0,53,53,voice,instrument
1,54,53,sine,waveform
1,54,53,synth_lead,instrument
1,54,53,cello,instrument
1,54,53,flute,instrument
1,54,53,piano,instrument
1,54,53,voice,instrument
3,56,53,sine,waveform
3,56,53,synth_lead,instrument
3,56,53,cello,instrument
3,56,53,flute,instrument
3,56,53,piano,instrument
3,56,53,voice,instrument
4,57,53,sine,waveform
4,57,53,synth_lead,instrument
4,57,53,cello,instrument
4,57,53,flute,instrument
4,57,53,piano,instrument
4,57,53,voice,instrument
5,58,53,sine,waveform
5,58,53,synth_lead,instrument
5,58,53,cello,instrument
5,58,53,flute,instrument
5,58,53,piano,instrument
5,58,53,voice,instrument
7,60,53,sine,waveform
7,60,53,synth_lead,instrument
7,60,53,cello,instrument
7,60,53,flute,instrument
7,60,53,piano,instrument
7,60,53,voice,instrument
12,65,53,sine,waveform
12,65,53,synth_lead,instrument
12,65,53,cello,instrument
12,65,53,flute,instrument
12,65,53,piano,instrument
12,65,53,voice,instrument
