metric,n_samples,value,value_pct
total,20,,
accuracy,20,0.0,0.0%
by_source.sawtooth,5,0.0,0.0%
by_source.sine,9,0.0,0.0%
by_source.square,1,0.0,0.0%
by_source.triangle,5,0.0,0.0%
by_interval.1,3,0.0,0.0%
by_interval.4,2,0.0,0.0%
by_interval.7,7,0.0,0.0%
by_interval.12,8,0.0,0.0%
by_end_pitch.29,1,0.0,0.0%
by_end_pitch.42,1,0.0,0.0%
by_end_pitch.43,1,0.0,0.0%
by_end_pitch.44,1,0.0,0.0%
by_end_pitch.47,1,0.0,0.0%
by_end_pitch.48,1,0.0,0.0%
by_end_pitch.50,1,0.0,0.0%
by_end_pitch.53,2,0.0,0.0%
by_end_pitch.57,2,0.0,0.0%
by_end_pitch.60,1,0.0,0.0%
by_end_pitch.62,1,0.0,0.0%
by_end_pitch.66,1,0.0,0.0%
by_end_pitch.67,1,0.0,0.0%
by_end_pitch.68,1,0.0,0.0%
by_end_pitch.70,1,0.0,0.0%
by_end_pitch.72,2,0.0,0.0%
by_end_pitch.86,1,0.0,0.0%
by_start_pitch.36,3,0.0,0.0%
by_start_pitch.43,2,0.0,0.0%
by_start_pitch.48,1,0.0,0.0%
by_start_pitch.54,3,0.0,0.0%
by_start_pitch.60,4,0.0,0.0%
by_start_pitch.64,1,0.0,0.0%
by_start_pitch.69,4,0.0,0.0%
by_start_pitch.79,2,0.0,0.0%
by_trajectory.down,5,0.0,0.0%
by_trajectory.down_then_up,5,0.0,0.0%
by_trajectory.up,5,0.0,0.0%
by_trajectory.up_then_down,5,0.0,0.0%
