answer_gt,base_name,delta_cents,duration_ms,gaps_ms,n_notes,perm,presented_hz,rhythm,source,trial
2 1 3,A3,100,1000,"[738,443]",3,"[1,0,2]","[233.0819,220.0,246.9417]",irregular,triangle,2
2 3 1,A4,100,5000,"[469,183]",3,"[2,0,1]","[493.8833,440.0,466.1638]",irregular,sine,0
2 3 1,A5,100,1000,"[644,569]",3,"[2,0,1]","[987.7666,880.0,932.3275]",irregular,sine,0
3 1 2,A3,100,5000,"[300,300]",3,"[1,2,0]","[233.0819,246.9417,220.0]",regular,triangle,2
3 2 1,A4,100,1000,"[300,300]",3,"[2,1,0]","[493.8833,466.1638,440.0]",regular,sawtooth,2
3 1 2,A5,100,1000,"[300,300]",3,"[1,2,0]","[932.3275,987.7666,880.0]",regular,sawtooth,1
2 3 1,A3,200,1000,"[253,333]",3,"[2,0,1]","[277.1826,220.0,246.9417]",irregular,sawtooth,1
2 1 3,A4,200,5000,"[396,884]",3,"[1,0,2]","[493.8833,440.0,554.3653]",irregular,sine,1
3 1 2,A5,200,5000,"[866,633]",3,"[1,2,0]","[987.7666,1108.7305,880.0]",irregular,triangle,2
1 3 2,A3,200,5000,"[300,300]",3,"[0,2,1]","[220.0,277.1826,246.9417]",regular,sine,0
2 3 1,A4,200,5000,"[300,300]",3,"[2,0,1]","[554.3653,440.0,493.8833]",regular,triangle,0
1 3 2,A5,200,5000,"[300,300]",3,"[0,2,1]","[880.0,1108.7305,987.7666]",regular,triangle,2
1 3 2,A3,25,5000,"[413,875]",3,"[0,2,1]","[220.0,226.4465,223.2]",irregular,square,2
2 1 3,A4,25,1000,"[597,709]",3,"[1,0,2]","[446.3999,440.0,452.893]",irregular,sine,2
2 3 1,A5,25,1000,"[800,459]",3,"[2,0,1]","[905.786,880.0,892.7999]",irregular,triangle,0
2 3 1,A3,25,1000,"[300,300]",3,"[2,0,1]","[226.4465,220.0,223.2]",regular,square,1
1 3 2,A4,25,1000,"[300,300]",3,"[0,2,1]","[440.0,452.893,446.3999]",regular,sine,1
3 1 2,A5,25,1000,"[300,300]",3,"[1,2,0]","[892.7999,905.786,880.0]",regular,sine,0
3 2 1,A3,400,1000,"[635,763]",3,"[2,1,0]","[349.2282,277.1826,220.0]",irregular,sine,2
2 1 3,A4,400,1000,"[394,317]",3,"[1,0,2]","[554.3653,440.0,698.4565]",irregular,sawtooth,0
1 2 3,A5,400,1000,"[730,844]",3,"[0,1,2]","[880.0,1108.7305,1396.9129]",irregular,sawtooth,1
2 3 1,A3,400,5000,"[300,300]",3,"[2,0,1]","[349.2282,220.0,277.1826]",regular,square,1
2 1 3,A4,400,1000,"[300,300]",3,"[1,0,2]","[554.3653,440.0,698.4565]",regular,triangle,1
3 2 1,A5,400,1000,"[300,300]",3,"[2,1,0]","[1396.9129,1108.7305,880.0]",regular,sine,0
3 2 1,A3,50,5000,"[454,781]",3,"[2,1,0]","[233.0819,226.4465,220.0]",irregular,square,2
2 3 1,A4,50,1000,"[254,311]",3,"[2,0,1]","[466.1638,440.0,452.893]",irregular,sawtooth,0
1 2 3,A5,50,5000,"[696,632]",3,"[0,1,2]","[880.0,905.786,932.3275]",irregular,triangle,1
2 1 3,A3,50,1000,"[300,300]",3,"[1,0,2]","[226.4465,220.0,233.0819]",regular,triangle,2
3 2 1,A4,50,5000,"[300,300]",3,"[2,1,0]","[466.1638,452.893,440.0]",regular,triangle,1
3 1 2,A5,50,5000,"[300,300]",3,"[1,2,0]","[905.786,932.3275,880.0]",regular,square,2
1 4 3 2,A3,100,1000,"[561,374,875]",4,"[0,3,2,1]","[220.0,261.6256,246.9417,233.0819]",irregular,square,1
3 4 2 1,A4,100,1000,"[284,321,767]",4,"[3,2,0,1]","[523.2511,493.8833,440.0,466.1638]",irregular,sawtooth,1
2 1 3 4,A5,100,1000,"[504,285,600]",4,"[1,0,2,3]","[932.3275,880.0,987.7666,1046.5023]",irregular,square,2
3 2 4 1,A3,100,1000,"[300,300,300]",4,"[3,1,0,2]","[261.6256,233.0819,220.0,246.9417]",regular,triangle,0
4 2 3 1,A4,100,1000,"[300,300,300]",4,"[3,1,2,0]","[523.2511,466.1638,493.8833,440.0]",regular,sawtooth,2
3 2 1 4,A5,100,1000,"[300,300,300]",4,"[2,1,0,3]","[987.7666,932.3275,880.0,1046.5023]",regular,sine,0
1 3 4 2,A3,200,5000,"[807,523,285]",4,"[0,3,1,2]","[220.0,311.127,246.9417,277.1826]",irregular,sine,2
4 1 2 3,A4,200,5000,"[776,321,633]",4,"[1,2,3,0]","[493.8833,554.3653,622.254,440.0]",irregular,triangle,1
3 1 4 2,A5,200,1000,"[228,475,864]",4,"[1,3,0,2]","[987.7666,1244.5079,880.0,1108.7305]",irregular,square,1
2 4 1 3,A3,200,5000,"[300,300,300]",4,"[2,0,3,1]","[277.1826,220.0,311.127,246.9417]",regular,sawtooth,1
1 3 2 4,A4,200,1000,"[300,300,300]",4,"[0,2,1,3]","[440.0,554.3653,493.8833,622.254]",regular,sawtooth,2
3 4 2 1,A5,200,5000,"[300,300,300]",4,"[3,2,0,1]","[1244.5079,1108.7305,880.0,987.7666]",regular,sine,1
1 4 3 2,A3,25,1000,"[720,323,571]",4,"[0,3,2,1]","[220.0,229.7402,226.4465,223.2]",irregular,sawtooth,0
4 1 3 2,A4,25,5000,"[818,212,402]",4,"[1,3,2,0]","[446.3999,459.4805,452.893,440.0]",irregular,sawtooth,1
2 3 4 1,A5,25,5000,"[867,271,800]",4,"[3,0,1,2]","[918.9609,880.0,892.7999,905.786]",irregular,sine,0
3 4 2 1,A3,25,1000,"[300,300,300]",4,"[3,2,0,1]","[229.7402,226.4465,220.0,223.2]",regular,sine,2
2 3 4 1,A4,25,1000,"[300,300,300]",4,"[3,0,1,2]","[459.4805,440.0,446.3999,452.893]",regular,square,0
4 3 1 2,A5,25,5000,"[300,300,300]",4,"[2,3,1,0]","[905.786,918.9609,892.7999,880.0]",regular,sine,0
3 2 4 1,A3,400,5000,"[228,659,306]",4,"[3,1,0,2]","[440.0,277.1826,220.0,349.2282]",irregular,sawtooth,2
2 1 4 3,A4,400,5000,"[186,274,834]",4,"[1,0,3,2]","[554.3653,440.0,880.0,698.4565]",irregular,sawtooth,2
2 3 4 1,A5,400,1000,"[737,490,376]",4,"[3,0,1,2]","[1760.0,880.0,1108.7305,1396.9129]",irregular,triangle,1
3 2 1 4,A3,400,1000,"[300,300,300]",4,"[2,1,0,3]","[349.2282,277.1826,220.0,440.0]",regular,sawtooth,2
3 2 4 1,A4,400,1000,"[300,300,300]",4,"[3,1,0,2]","[880.0,554.3653,440.0,698.4565]",regular,sine,1
1 2 3 4,A5,400,5000,"[300,300,300]",4,"[0,1,2,3]","[880.0,1108.7305,1396.9129,1760.0]",regular,triangle,2
3 1 2 4,A3,50,1000,"[806,258,594]",4,"[1,2,0,3]","[226.4465,233.0819,220.0,239.9117]",irregular,square,2
3 4 1 2,A4,50,5000,"[401,593,834]",4,"[2,3,0,1]","[466.1638,479.8234,440.0,452.893]",irregular,square,2
1 4 2 3,A5,50,5000,"[359,889,541]",4,"[0,2,3,1]","[880.0,932.3275,959.6468,905.786]",irregular,sine,0
2 4 3 1,A3,50,1000,"[300,300,300]",4,"[3,0,2,1]","[239.9117,220.0,233.0819,226.4465]",regular,square,0
4 1 2 3,A4,50,1000,"[300,300,300]",4,"[1,2,3,0]","[452.893,466.1638,479.8234,440.0]",regular,sine,2
2 1 3 4,A5,50,5000,"[300,300,300]",4,"[1,0,2,3]","[905.786,880.0,932.3275,959.6468]",regular,square,2
5 4 2 1 3,A3,100,5000,"[505,789,198,311]",5,"[3,2,4,1,0]","[261.6256,246.9417,277.1826,233.0819,220.0]",irregular,sawtooth,0
2 3 4 1 5,A4,100,1000,"[475,382,150,614]",5,"[3,0,1,2,4]","[523.2511,440.0,466.1638,493.8833,554.3653]",irregular,triangle,2
2 1 3 5 4,A5,100,1000,"[770,386,456,871]",5,"[1,0,2,4,3]","[932.3275,880.0,987.7666,1108.7305,1046.5023]",irregular,triangle,1
2 4 3 1 5,A3,100,5000,"[300,300,300,300]",5,"[3,0,2,1,4]","[261.6256,220.0,246.9417,233.0819,277.1826]",regular,sawtooth,2
3 1 2 5 4,A4,100,1000,"[300,300,300,300]",5,"[1,2,0,4,3]","[466.1638,493.8833,440.0,554.3653,523.2511]",regular,triangle,0
5 1 3 4 2,A5,100,1000,"[300,300,300,300]",5,"[1,4,2,3,0]","[932.3275,1108.7305,987.7666,1046.5023,880.0]",regular,sawtooth,0
4 1 3 2 5,A3,200,5000,"[861,815,788,452]",5,"[1,3,2,0,4]","[246.9417,311.127,277.1826,220.0,349.2282]",irregular,triangle,1
4 3 2 5 1,A4,200,1000,"[270,844,804,514]",5,"[4,2,1,0,3]","[698.4565,554.3653,493.8833,440.0,622.254]",irregular,sine,2
5 1 3 4 2,A5,200,1000,"[217,900,486,199]",5,"[1,4,2,3,0]","[987.7666,1396.9129,1108.7305,1244.5079,880.0]",irregular,sine,1
4 3 2 1 5,A3,200,5000,"[300,300,300,300]",5,"[3,2,1,0,4]","[311.127,277.1826,246.9417,220.0,349.2282]",regular,triangle,0
3 2 5 4 1,A4,200,1000,"[300,300,300,300]",5,"[4,1,0,3,2]","[698.4565,493.8833,440.0,622.254,554.3653]",regular,sawtooth,1
4 2 1 3 5,A5,200,5000,"[300,300,300,300]",5,"[2,1,3,0,4]","[1108.7305,987.7666,1244.5079,880.0,1396.9129]",regular,sawtooth,0
4 1 2 5 3,A3,25,1000,"[311,246,189,293]",5,"[1,2,4,0,3]","[223.2,226.4465,233.0819,220.0,229.7402]",irregular,sine,2
3 2 5 1 4,A4,25,1000,"[734,760,852,559]",5,"[3,1,0,4,2]","[459.4805,446.3999,440.0,466.1638,452.893]",irregular,sawtooth,1
5 4 3 2 1,A5,25,5000,"[876,174,898,716]",5,"[4,3,2,1,0]","[932.3275,918.9609,905.786,892.7999,880.0]",irregular,sine,0
2 3 4 5 1,A3,25,1000,"[300,300,300,300]",5,"[4,0,1,2,3]","[233.0819,220.0,223.2,226.4465,229.7402]",regular,square,0
2 5 4 1 3,A4,25,1000,"[300,300,300,300]",5,"[3,0,4,2,1]","[459.4805,440.0,466.1638,452.893,446.3999]",regular,sawtooth,2
2 5 1 3 4,A5,25,1000,"[300,300,300,300]",5,"[2,0,3,4,1]","[905.786,880.0,918.9609,932.3275,892.7999]",regular,square,2
5 4 3 1 2,A3,400,1000,"[636,272,765,180]",5,"[3,4,2,1,0]","[440.0,554.3653,349.2282,277.1826,220.0]",irregular,triangle,2
1 2 4 5 3,A4,400,5000,"[726,805,310,794]",5,"[0,1,4,2,3]","[440.0,554.3653,1108.7305,698.4565,880.0]",irregular,sawtooth,2
4 3 5 2 1,A5,400,5000,"[765,717,538,872]",5,"[4,3,1,0,2]","[2217.461,1760.0,1108.7305,880.0,1396.9129]",irregular,sine,2
2 5 4 1 3,A3,400,5000,"[300,300,300,300]",5,"[3,0,4,2,1]","[440.0,220.0,554.3653,349.2282,277.1826]",regular,sawtooth,2
2 1 3 4 5,A4,400,5000,"[300,300,300,300]",5,"[1,0,2,3,4]","[554.3653,440.0,698.4565,880.0,1108.7305]",regular,sawtooth,2
4 1 3 2 5,A5,400,1000,"[300,300,300,300]",5,"[1,3,2,0,4]","[1108.7305,1760.0,1396.9129,880.0,2217.461]",regular,sawtooth,0
1 3 4 2 5,A3,50,5000,"[511,458,373,557]",5,"[0,3,1,2,4]","[220.0,239.9117,226.4465,233.0819,246.9417]",irregular,triangle,0
3 5 2 4 1,A4,50,1000,"[509,188,586,716]",5,"[4,2,0,3,1]","[493.8833,466.1638,440.0,479.8234,452.893]",irregular,sawtooth,2
3 4 2 5 1,A5,50,5000,"[856,533,775,888]",5,"[4,2,0,1,3]","[987.7666,932.3275,880.0,905.786,959.6468]",irregular,triangle,1
1 4 3 5 2,A3,50,5000,"[300,300,300,300]",5,"[0,4,2,1,3]","[220.0,246.9417,233.0819,226.4465,239.9117]",regular,triangle,0
1 2 5 3 4,A4,50,1000,"[300,300,300,300]",5,"[0,1,3,4,2]","[440.0,452.893,479.8234,493.8833,466.1638]",regular,triangle,2
3 1 5 2 4,A5,50,1000,"[300,300,300,300]",5,"[1,3,0,4,2]","[905.786,959.6468,880.0,987.7666,932.3275]",regular,sine,2
4 1 3 2 5 7 6,A3,100,1000,"[680,609,310,765,288,789]",7,"[1,3,2,0,4,6,5]","[233.0819,261.6256,246.9417,220.0,277.1826,311.127,293.6648]",irregular,triangle,1
2 1 7 4 3 6 5,A4,100,1000,"[274,645,268,783,425,651]",7,"[1,0,4,3,6,5,2]","[466.1638,440.0,554.3653,523.2511,622.254,587.3295,493.8833]",irregular,triangle,2
2 5 6 3 7 4 1,A5,100,5000,"[866,170,374,259,337,348]",7,"[6,0,3,5,1,2,4]","[1244.5079,880.0,1046.5023,1174.6591,932.3275,987.7666,1108.7305]",irregular,sine,2
5 6 2 3 1 7 4,A3,100,5000,"[300,300,300,300,300,300]",7,"[4,2,3,6,0,1,5]","[277.1826,246.9417,261.6256,311.127,220.0,233.0819,293.6648]",regular,square,2
6 3 1 2 7 5 4,A4,100,5000,"[300,300,300,300,300,300]",7,"[2,3,1,6,5,0,4]","[493.8833,523.2511,466.1638,622.254,587.3295,440.0,554.3653]",regular,triangle,2
4 7 6 2 3 5 1,A5,100,1000,"[300,300,300,300,300,300]",7,"[6,3,4,0,5,2,1]","[1244.5079,1046.5023,1108.7305,880.0,1174.6591,987.7666,932.3275]",regular,sawtooth,1
6 7 1 3 4 2 5,A3,200,5000,"[401,607,319,185,788,238]",7,"[2,5,3,4,6,0,1]","[277.1826,391.9954,311.127,349.2282,440.0,220.0,246.9417]",irregular,sine,2
6 3 2 7 4 5 1,A4,200,1000,"[835,670,502,179,418,403]",7,"[6,2,1,4,5,0,3]","[880.0,554.3653,493.8833,698.4565,783.9909,440.0,622.254]",irregular,square,2
3 6 1 2 5 7 4,A5,200,1000,"[805,280,689,428,634,190]",7,"[2,3,0,6,4,1,5]","[1108.7305,1244.5079,880.0,1760.0,1396.9129,987.7666,1567.9817]",irregular,square,0
6 3 1 4 2 5 7,A3,200,1000,"[300,300,300,300,300,300]",7,"[2,4,1,3,5,0,6]","[277.1826,349.2282,246.9417,311.127,391.9954,220.0,440.0]",regular,sawtooth,2
1 2 3 5 7 6 4,A4,200,1000,"[300,300,300,300,300,300]",7,"[0,1,2,6,3,5,4]","[440.0,493.8833,554.3653,880.0,622.254,783.9909,698.4565]",regular,triangle,2
7 3 6 2 4 5 1,A5,200,5000,"[300,300,300,300,300,300]",7,"[6,3,1,4,5,2,0]","[1760.0,1244.5079,987.7666,1396.9129,1567.9817,1108.7305,880.0]",regular,triangle,1
4 5 7 3 6 2 1,A3,25,5000,"[343,187,617,299,336,855]",7,"[6,5,3,0,1,4,2]","[239.9117,236.4721,229.7402,220.0,223.2,233.0819,226.4465]",irregular,square,2
1 3 4 2 7 5 6,A4,25,1000,"[360,499,831,566,747,602]",7,"[0,3,1,2,5,6,4]","[440.0,459.4805,446.3999,452.893,472.9443,479.8234,466.1638]",irregular,sawtooth,1
6 3 5 7 2 4 1,A5,25,5000,"[734,692,506,793,833,399]",7,"[6,4,1,5,2,0,3]","[959.6468,932.3275,892.7999,945.8885,905.786,880.0,918.9609]",irregular,triangle,0
7 6 4 2 1 3 5,A3,25,5000,"[300,300,300,300,300,300]",7,"[4,3,5,2,6,1,0]","[233.0819,229.7402,236.4721,226.4465,239.9117,223.2,220.0]",regular,sawtooth,1
3 2 4 6 7 5 1,A4,25,1000,"[300,300,300,300,300,300]",7,"[6,1,0,2,5,3,4]","[479.8234,446.3999,440.0,452.893,472.9443,459.4805,466.1638]",regular,sine,1
2 7 4 6 5 1 3,A5,25,1000,"[300,300,300,300,300,300]",7,"[5,0,6,2,4,3,1]","[945.8885,880.0,959.6468,905.786,932.3275,918.9609,892.7999]",regular,sawtooth,1
1 7 2 6 4 3 5,A3,400,1000,"[591,854,171,208,207,426]",7,"[0,2,5,4,6,3,1]","[220.0,349.2282,698.4565,554.3653,880.0,440.0,277.1826]",irregular,sine,1
3 7 2 6 1 5 4,A4,400,5000,"[504,610,669,289,318,195]",7,"[4,2,0,6,5,3,1]","[1108.7305,698.4565,440.0,1760.0,1396.9129,880.0,554.3653]",irregular,sawtooth,1
6 1 7 5 3 2 4,A5,400,1000,"[357,291,284,309,369,417]",7,"[1,5,4,6,3,0,2]","[1108.7305,2793.8259,2217.461,3520.0,1760.0,880.0,1396.9129]",irregular,square,0
3 2 7 5 6 4 1,A3,400,1000,"[300,300,300,300,300,300]",7,"[6,1,0,5,3,4,2]","[880.0,277.1826,220.0,698.4565,440.0,554.3653,349.2282]",regular,sawtooth,2
7 5 6 2 4 1 3,A4,400,1000,"[300,300,300,300,300,300]",7,"[5,3,6,4,1,2,0]","[1396.9129,880.0,1760.0,1108.7305,554.3653,698.4565,440.0]",regular,sine,2
5 2 3 4 7 1 6,A5,400,1000,"[300,300,300,300,300,300]",7,"[5,1,2,3,0,6,4]","[2793.8259,1108.7305,1396.9129,1760.0,880.0,3520.0,2217.461]",regular,sawtooth,0
4 6 7 1 5 3 2,A3,50,1000,"[764,583,276,374,416,727]",7,"[3,6,5,0,4,1,2]","[239.9117,261.6256,254.1776,220.0,246.9417,226.4465,233.0819]",irregular,triangle,0
1 7 4 2 5 3 6,A4,50,5000,"[678,763,380,791,762,820]",7,"[0,3,5,2,4,6,1]","[440.0,479.8234,508.3552,466.1638,493.8833,523.2511,452.893]",irregular,triangle,1
2 1 3 4 6 7 5,A5,50,5000,"[780,353,728,353,752,337]",7,"[1,0,2,3,6,4,5]","[905.786,880.0,932.3275,959.6468,1046.5023,987.7666,1016.7104]",irregular,sawtooth,1
6 3 1 7 2 4 5,A3,50,1000,"[300,300,300,300,300,300]",7,"[2,4,1,5,6,0,3]","[233.0819,246.9417,226.4465,254.1776,261.6256,220.0,239.9117]",regular,sawtooth,0
4 7 6 1 3 2 5,A4,50,1000,"[300,300,300,300,300,300]",7,"[3,5,4,0,6,2,1]","[479.8234,508.3552,493.8833,440.0,523.2511,466.1638,452.893]",regular,triangle,2
4 5 6 7 3 2 1,A5,50,5000,"[300,300,300,300,300,300]",7,"[6,5,4,0,1,2,3]","[1046.5023,1016.7104,987.7666,880.0,905.786,932.3275,959.6468]",regular,square,0
