source,duration_ms,n_notes,rhythm,base_name,delta_cents,trial,presented_hz,answer_gt,raw_response,answer_pred,answer_correct,kendall_tau,source_type,audio_url,audio_file,prompt_main
sine,1000,3,irregular,A5,100,1,"[880.0, 932.3275, 987.7666]",1 2 3,2 1 3,2 1 3,0,0.3333,waveform,data/audio/pitchbench_d6_pitch_ranking/880hz-932hz-988hz_sine_rank_n3_dur1000ms_irr_t1.wav,880hz-932hz-988hz_sine_rank_n3_dur1000ms_irr_t1.wav,"3 tones play one after another, separated by brief silences. Rank them from lowest pitch to highest pitch. Reply with ONLY the order as positions (1..3), space-separated, e.g. ""3 2 1"" means the 3th tone played is lowest and the 1st is highest."
sine,5000,3,regular,A3,100,0,"[246.9417, 233.0819, 220.0]",3 2 1,2 1 3,2 1 3,0,-0.3333,waveform,data/audio/pitchbench_d6_pitch_ranking/247hz-233hz-220hz_sine_rank_n3_dur5000ms_reg_t0.wav,247hz-233hz-220hz_sine_rank_n3_dur5000ms_reg_t0.wav,"3 tones play one after another, separated by brief silences. Rank them from lowest pitch to highest pitch. Reply with ONLY the order as positions (1..3), space-separated, e.g. ""3 2 1"" means the 3th tone played is lowest and the 1st is highest."
sawtooth,5000,3,irregular,A5,100,1,"[932.3275, 880.0, 987.7666]",2 1 3,1 2 3,1 2 3,0,0.3333,waveform,data/audio/pitchbench_d6_pitch_ranking/932hz-880hz-988hz_sawtooth_rank_n3_dur5000ms_irr_t1.wav,932hz-880hz-988hz_sawtooth_rank_n3_dur5000ms_irr_t1.wav,"3 tones play one after another, separated by brief silences. Rank them from lowest pitch to highest pitch. Reply with ONLY the order as positions (1..3), space-separated, e.g. ""3 2 1"" means the 3th tone played is lowest and the 1st is highest."
sawtooth,1000,3,regular,A5,100,2,"[932.3275, 880.0, 987.7666]",2 1 3,1 2 3,1 2 3,0,0.3333,waveform,data/audio/pitchbench_d6_pitch_ranking/932hz-880hz-988hz_sawtooth_rank_n3_dur1000ms_reg_t2.wav,932hz-880hz-988hz_sawtooth_rank_n3_dur1000ms_reg_t2.wav,"3 tones play one after another, separated by brief silences. Rank them from lowest pitch to highest pitch. Reply with ONLY the order as positions (1..3), space-separated, e.g. ""3 2 1"" means the 3th tone played is lowest and the 1st is highest."
sawtooth,5000,3,irregular,A4,100,0,"[493.8833, 440.0, 466.1638]",2 3 1,1 2 3,1 2 3,0,-0.3333,waveform,data/audio/pitchbench_d6_pitch_ranking/494hz-440hz-466hz_sawtooth_rank_n3_dur5000ms_irr_t0.wav,494hz-440hz-466hz_sawtooth_rank_n3_dur5000ms_irr_t0.wav,"3 tones play one after another, separated by brief silences. Rank them from lowest pitch to highest pitch. Reply with ONLY the order as positions (1..3), space-separated, e.g. ""3 2 1"" means the 3th tone played is lowest and the 1st is highest."
sine,5000,3,irregular,A5,200,2,"[880.0, 987.7666, 1108.7305]",1 2 3,1 2 3,1 2 3,1,1.0,waveform,data/audio/pitchbench_d6_pitch_ranking/880hz-988hz-1109hz_sine_rank_n3_dur5000ms_irr_t2.wav,880hz-988hz-1109hz_sine_rank_n3_dur5000ms_irr_t2.wav,"3 tones play one after another, separated by brief silences. Rank them from lowest pitch to highest pitch. Reply with ONLY the order as positions (1..3), space-separated, e.g. ""3 2 1"" means the 3th tone played is lowest and the 1st is highest."
sine,1000,3,regular,A5,200,2,"[987.7666, 1108.7305, 880.0]",3 1 2,1 2 3,1 2 3,0,-0.3333,waveform,data/audio/pitchbench_d6_pitch_ranking/988hz-1109hz-880hz_sine_rank_n3_dur1000ms_reg_t2.wav,988hz-1109hz-880hz_sine_rank_n3_dur1000ms_reg_t2.wav,"3 tones play one after another, separated by brief silences. Rank them from lowest pitch to highest pitch. Reply with ONLY the order as positions (1..3), space-separated, e.g. ""3 2 1"" means the 3th tone played is lowest and the 1st is highest."
triangle,5000,3,regular,A5,200,1,"[987.7666, 1108.7305, 880.0]",3 1 2,2 1 3,2 1 3,0,-1.0,waveform,data/audio/pitchbench_d6_pitch_ranking/988hz-1109hz-880hz_triangle_rank_n3_dur5000ms_reg_t1.wav,988hz-1109hz-880hz_triangle_rank_n3_dur5000ms_reg_t1.wav,"3 tones play one after another, separated by brief silences. Rank them from lowest pitch to highest pitch. Reply with ONLY the order as positions (1..3), space-separated, e.g. ""3 2 1"" means the 3th tone played is lowest and the 1st is highest."
sine,5000,3,irregular,A4,200,1,"[493.8833, 440.0, 554.3653]",2 1 3,2 1 3,2 1 3,1,1.0,waveform,data/audio/pitchbench_d6_pitch_ranking/494hz-440hz-554hz_sine_rank_n3_dur5000ms_irr_t1.wav,494hz-440hz-554hz_sine_rank_n3_dur5000ms_irr_t1.wav,"3 tones play one after another, separated by brief silences. Rank them from lowest pitch to highest pitch. Reply with ONLY the order as positions (1..3), space-separated, e.g. ""3 2 1"" means the 3th tone played is lowest and the 1st is highest."
triangle,1000,3,regular,A3,200,0,"[220.0, 246.9417, 277.1826]",1 2 3,2 1 3,2 1 3,0,0.3333,waveform,data/audio/pitchbench_d6_pitch_ranking/220hz-247hz-277hz_triangle_rank_n3_dur1000ms_reg_t0.wav,220hz-247hz-277hz_triangle_rank_n3_dur1000ms_reg_t0.wav,"3 tones play one after another, separated by brief silences. Rank them from lowest pitch to highest pitch. Reply with ONLY the order as positions (1..3), space-separated, e.g. ""3 2 1"" means the 3th tone played is lowest and the 1st is highest."
sine,5000,3,regular,A3,25,2,"[223.2, 226.4465, 220.0]",3 1 2,1 2 3,1 2 3,0,-0.3333,waveform,data/audio/pitchbench_d6_pitch_ranking/223hz-226hz-220hz_sine_rank_n3_dur5000ms_reg_t2.wav,223hz-226hz-220hz_sine_rank_n3_dur5000ms_reg_t2.wav,"3 tones play one after another, separated by brief silences. Rank them from lowest pitch to highest pitch. Reply with ONLY the order as positions (1..3), space-separated, e.g. ""3 2 1"" means the 3th tone played is lowest and the 1st is highest."
sine,5000,3,regular,A3,25,1,"[226.4465, 223.2, 220.0]",3 2 1,2 1 3,2 1 3,0,-0.3333,waveform,data/audio/pitchbench_d6_pitch_ranking/226hz-223hz-220hz_sine_rank_n3_dur5000ms_reg_t1.wav,226hz-223hz-220hz_sine_rank_n3_dur5000ms_reg_t1.wav,"3 tones play one after another, separated by brief silences. Rank them from lowest pitch to highest pitch. Reply with ONLY the order as positions (1..3), space-separated, e.g. ""3 2 1"" means the 3th tone played is lowest and the 1st is highest."
sine,5000,3,irregular,A4,25,2,"[452.893, 440.0, 446.3999]",2 3 1,1 2 3,1 2 3,0,-0.3333,waveform,data/audio/pitchbench_d6_pitch_ranking/453hz-440hz-446hz_sine_rank_n3_dur5000ms_irr_t2.wav,453hz-440hz-446hz_sine_rank_n3_dur5000ms_irr_t2.wav,"3 tones play one after another, separated by brief silences. Rank them from lowest pitch to highest pitch. Reply with ONLY the order as positions (1..3), space-separated, e.g. ""3 2 1"" means the 3th tone played is lowest and the 1st is highest."
sawtooth,5000,3,regular,A4,25,1,"[440.0, 452.893, 446.3999]",1 3 2,1 2 3,1 2 3,0,0.3333,waveform,data/audio/pitchbench_d6_pitch_ranking/440hz-453hz-446hz_sawtooth_rank_n3_dur5000ms_reg_t1.wav,440hz-453hz-446hz_sawtooth_rank_n3_dur5000ms_reg_t1.wav,"3 tones play one after another, separated by brief silences. Rank them from lowest pitch to highest pitch. Reply with ONLY the order as positions (1..3), space-separated, e.g. ""3 2 1"" means the 3th tone played is lowest and the 1st is highest."
sawtooth,5000,3,irregular,A4,25,2,"[446.3999, 452.893, 440.0]",3 1 2,1 2 3,1 2 3,0,-0.3333,waveform,data/audio/pitchbench_d6_pitch_ranking/446hz-453hz-440hz_sawtooth_rank_n3_dur5000ms_irr_t2.wav,446hz-453hz-440hz_sawtooth_rank_n3_dur5000ms_irr_t2.wav,"3 tones play one after another, separated by brief silences. Rank them from lowest pitch to highest pitch. Reply with ONLY the order as positions (1..3), space-separated, e.g. ""3 2 1"" means the 3th tone played is lowest and the 1st is highest."
triangle,5000,3,irregular,A4,400,0,"[698.4565, 554.3653, 440.0]",3 2 1,1 2 3,1 2 3,0,-1.0,waveform,data/audio/pitchbench_d6_pitch_ranking/698hz-554hz-440hz_triangle_rank_n3_dur5000ms_irr_t0.wav,698hz-554hz-440hz_triangle_rank_n3_dur5000ms_irr_t0.wav,"3 tones play one after another, separated by brief silences. Rank them from lowest pitch to highest pitch. Reply with ONLY the order as positions (1..3), space-separated, e.g. ""3 2 1"" means the 3th tone played is lowest and the 1st is highest."
sine,5000,3,regular,A3,400,0,"[277.1826, 220.0, 349.2282]",2 1 3,2 1 3,2 1 3,1,1.0,waveform,data/audio/pitchbench_d6_pitch_ranking/277hz-220hz-349hz_sine_rank_n3_dur5000ms_reg_t0.wav,277hz-220hz-349hz_sine_rank_n3_dur5000ms_reg_t0.wav,"3 tones play one after another, separated by brief silences. Rank them from lowest pitch to highest pitch. Reply with ONLY the order as positions (1..3), space-separated, e.g. ""3 2 1"" means the 3th tone played is lowest and the 1st is highest."
triangle,5000,3,irregular,A5,400,2,"[1396.9129, 880.0, 1108.7305]",2 3 1,1 2 3,1 2 3,0,-0.3333,waveform,data/audio/pitchbench_d6_pitch_ranking/1397hz-880hz-1109hz_triangle_rank_n3_dur5000ms_irr_t2.wav,1397hz-880hz-1109hz_triangle_rank_n3_dur5000ms_irr_t2.wav,"3 tones play one after another, separated by brief silences. Rank them from lowest pitch to highest pitch. Reply with ONLY the order as positions (1..3), space-separated, e.g. ""3 2 1"" means the 3th tone played is lowest and the 1st is highest."
sawtooth,1000,3,regular,A4,400,2,"[698.4565, 440.0, 554.3653]",2 3 1,2 1 3,2 1 3,0,0.3333,waveform,data/audio/pitchbench_d6_pitch_ranking/698hz-440hz-554hz_sawtooth_rank_n3_dur1000ms_reg_t2.wav,698hz-440hz-554hz_sawtooth_rank_n3_dur1000ms_reg_t2.wav,"3 tones play one after another, separated by brief silences. Rank them from lowest pitch to highest pitch. Reply with ONLY the order as positions (1..3), space-separated, e.g. ""3 2 1"" means the 3th tone played is lowest and the 1st is highest."
triangle,5000,3,regular,A5,400,1,"[1396.9129, 880.0, 1108.7305]",2 3 1,1 2 3,1 2 3,0,-0.3333,waveform,data/audio/pitchbench_d6_pitch_ranking/1397hz-880hz-1109hz_triangle_rank_n3_dur5000ms_reg_t1.wav,1397hz-880hz-1109hz_triangle_rank_n3_dur5000ms_reg_t1.wav,"3 tones play one after another, separated by brief silences. Rank them from lowest pitch to highest pitch. Reply with ONLY the order as positions (1..3), space-separated, e.g. ""3 2 1"" means the 3th tone played is lowest and the 1st is highest."
square,5000,3,irregular,A5,50,2,"[932.3275, 905.786, 880.0]",3 2 1,1 2 3,1 2 3,0,-1.0,waveform,data/audio/pitchbench_d6_pitch_ranking/932hz-906hz-880hz_square_rank_n3_dur5000ms_irr_t2.wav,932hz-906hz-880hz_square_rank_n3_dur5000ms_irr_t2.wav,"3 tones play one after another, separated by brief silences. Rank them from lowest pitch to highest pitch. Reply with ONLY the order as positions (1..3), space-separated, e.g. ""3 2 1"" means the 3th tone played is lowest and the 1st is highest."
sawtooth,5000,3,regular,A4,50,2,"[440.0, 466.1638, 452.893]",1 3 2,1 2 3,1 2 3,0,0.3333,waveform,data/audio/pitchbench_d6_pitch_ranking/440hz-466hz-453hz_sawtooth_rank_n3_dur5000ms_reg_t2.wav,440hz-466hz-453hz_sawtooth_rank_n3_dur5000ms_reg_t2.wav,"3 tones play one after another, separated by brief silences. Rank them from lowest pitch to highest pitch. Reply with ONLY the order as positions (1..3), space-separated, e.g. ""3 2 1"" means the 3th tone played is lowest and the 1st is highest."
triangle,5000,3,regular,A3,50,0,"[220.0, 233.0819, 226.4465]",1 3 2,1 2 3,1 2 3,0,0.3333,waveform,data/audio/pitchbench_d6_pitch_ranking/220hz-233hz-226hz_triangle_rank_n3_dur5000ms_reg_t0.wav,220hz-233hz-226hz_triangle_rank_n3_dur5000ms_reg_t0.wav,"3 tones play one after another, separated by brief silences. Rank them from lowest pitch to highest pitch. Reply with ONLY the order as positions (1..3), space-separated, e.g. ""3 2 1"" means the 3th tone played is lowest and the 1st is highest."
sawtooth,5000,3,irregular,A5,50,2,"[905.786, 880.0, 932.3275]",2 1 3,1 2 3,1 2 3,0,0.3333,waveform,data/audio/pitchbench_d6_pitch_ranking/906hz-880hz-932hz_sawtooth_rank_n3_dur5000ms_irr_t2.wav,906hz-880hz-932hz_sawtooth_rank_n3_dur5000ms_irr_t2.wav,"3 tones play one after another, separated by brief silences. Rank them from lowest pitch to highest pitch. Reply with ONLY the order as positions (1..3), space-separated, e.g. ""3 2 1"" means the 3th tone played is lowest and the 1st is highest."
sine,1000,3,regular,A3,50,1,"[226.4465, 220.0, 233.0819]",2 1 3,1 2 3,1 2 3,0,0.3333,waveform,data/audio/pitchbench_d6_pitch_ranking/226hz-220hz-233hz_sine_rank_n3_dur1000ms_reg_t1.wav,226hz-220hz-233hz_sine_rank_n3_dur1000ms_reg_t1.wav,"3 tones play one after another, separated by brief silences. Rank them from lowest pitch to highest pitch. Reply with ONLY the order as positions (1..3), space-separated, e.g. ""3 2 1"" means the 3th tone played is lowest and the 1st is highest."
sawtooth,1000,4,irregular,A3,100,1,"[220.0, 261.6256, 233.0819, 246.9417]",1 3 4 2,3 1 2 4,3 1 2 4,0,0.3333,waveform,data/audio/pitchbench_d6_pitch_ranking/220hz-262hz-233hz-247hz_sawtooth_rank_n4_dur1000ms_irr_t1.wav,220hz-262hz-233hz-247hz_sawtooth_rank_n4_dur1000ms_irr_t1.wav,"4 tones play one after another, separated by brief silences. Rank them from lowest pitch to highest pitch. Reply with ONLY the order as positions (1..4), space-separated, e.g. ""4 3 2 1"" means the 4th tone played is lowest and the 1st is highest."
triangle,1000,4,regular,A3,100,0,"[261.6256, 233.0819, 220.0, 246.9417]",3 2 4 1,3 1 2 4,3 1 2 4,0,0.3333,waveform,data/audio/pitchbench_d6_pitch_ranking/262hz-233hz-220hz-247hz_triangle_rank_n4_dur1000ms_reg_t0.wav,262hz-233hz-220hz-247hz_triangle_rank_n4_dur1000ms_reg_t0.wav,"4 tones play one after another, separated by brief silences. Rank them from lowest pitch to highest pitch. Reply with ONLY the order as positions (1..4), space-separated, e.g. ""4 3 2 1"" means the 4th tone played is lowest and the 1st is highest."
square,1000,4,irregular,A4,100,0,"[493.8833, 523.2511, 440.0, 466.1638]",3 4 1 2,3 1 2 4,3 1 2 4,0,0.3333,waveform,data/audio/pitchbench_d6_pitch_ranking/494hz-523hz-440hz-466hz_square_rank_n4_dur1000ms_irr_t0.wav,494hz-523hz-440hz-466hz_square_rank_n4_dur1000ms_irr_t0.wav,"4 tones play one after another, separated by brief silences. Rank them from lowest pitch to highest pitch. Reply with ONLY the order as positions (1..4), space-separated, e.g. ""4 3 2 1"" means the 4th tone played is lowest and the 1st is highest."
sawtooth,5000,4,irregular,A5,100,2,"[1046.5023, 880.0, 987.7666, 932.3275]",2 4 3 1,1 2 3 4,1 2 3 4,0,-0.3333,waveform,data/audio/pitchbench_d6_pitch_ranking/1047hz-880hz-988hz-932hz_sawtooth_rank_n4_dur5000ms_irr_t2.wav,1047hz-880hz-988hz-932hz_sawtooth_rank_n4_dur5000ms_irr_t2.wav,"4 tones play one after another, separated by brief silences. Rank them from lowest pitch to highest pitch. Reply with ONLY the order as positions (1..4), space-separated, e.g. ""4 3 2 1"" means the 4th tone played is lowest and the 1st is highest."
sawtooth,1000,4,irregular,A3,100,0,"[220.0, 233.0819, 246.9417, 261.6256]",1 2 3 4,3 1 2 4,3 1 2 4,0,0.3333,waveform,data/audio/pitchbench_d6_pitch_ranking/220hz-233hz-247hz-262hz_sawtooth_rank_n4_dur1000ms_irr_t0.wav,220hz-233hz-247hz-262hz_sawtooth_rank_n4_dur1000ms_irr_t0.wav,"4 tones play one after another, separated by brief silences. Rank them from lowest pitch to highest pitch. Reply with ONLY the order as positions (1..4), space-separated, e.g. ""4 3 2 1"" means the 4th tone played is lowest and the 1st is highest."
sawtooth,5000,4,regular,A4,200,1,"[554.3653, 440.0, 493.8833, 622.254]",2 3 1 4,1 2 3 4,1 2 3 4,0,0.3333,waveform,data/audio/pitchbench_d6_pitch_ranking/554hz-440hz-494hz-622hz_sawtooth_rank_n4_dur5000ms_reg_t1.wav,554hz-440hz-494hz-622hz_sawtooth_rank_n4_dur5000ms_reg_t1.wav,"4 tones play one after another, separated by brief silences. Rank them from lowest pitch to highest pitch. Reply with ONLY the order as positions (1..4), space-separated, e.g. ""4 3 2 1"" means the 4th tone played is lowest and the 1st is highest."
square,1000,4,regular,A4,200,2,"[493.8833, 622.254, 440.0, 554.3653]",3 1 4 2,The order from lowest pitch to highest pitch is: 1 2 3 4,1 2 3 4,0,0.0,waveform,data/audio/pitchbench_d6_pitch_ranking/494hz-622hz-440hz-554hz_square_rank_n4_dur1000ms_reg_t2.wav,494hz-622hz-440hz-554hz_square_rank_n4_dur1000ms_reg_t2.wav,"4 tones play one after another, separated by brief silences. Rank them from lowest pitch to highest pitch. Reply with ONLY the order as positions (1..4), space-separated, e.g. ""4 3 2 1"" means the 4th tone played is lowest and the 1st is highest."
sine,1000,4,regular,A5,200,2,"[880.0, 1108.7305, 987.7666, 1244.5079]",1 3 2 4,3 1 2 4,3 1 2 4,0,0.6667,waveform,data/audio/pitchbench_d6_pitch_ranking/880hz-1109hz-988hz-1245hz_sine_rank_n4_dur1000ms_reg_t2.wav,880hz-1109hz-988hz-1245hz_sine_rank_n4_dur1000ms_reg_t2.wav,"4 tones play one after another, separated by brief silences. Rank them from lowest pitch to highest pitch. Reply with ONLY the order as positions (1..4), space-separated, e.g. ""4 3 2 1"" means the 4th tone played is lowest and the 1st is highest."
sine,5000,4,irregular,A4,200,2,"[622.254, 440.0, 493.8833, 554.3653]",2 3 4 1,3 1 2 4,3 1 2 4,0,0.0,waveform,data/audio/pitchbench_d6_pitch_ranking/622hz-440hz-494hz-554hz_sine_rank_n4_dur5000ms_irr_t2.wav,622hz-440hz-494hz-554hz_sine_rank_n4_dur5000ms_irr_t2.wav,"4 tones play one after another, separated by brief silences. Rank them from lowest pitch to highest pitch. Reply with ONLY the order as positions (1..4), space-separated, e.g. ""4 3 2 1"" means the 4th tone played is lowest and the 1st is highest."
square,1000,4,regular,A5,200,1,"[987.7666, 880.0, 1108.7305, 1244.5079]",2 1 3 4,3 1 2 4,3 1 2 4,0,0.0,waveform,data/audio/pitchbench_d6_pitch_ranking/988hz-880hz-1109hz-1245hz_square_rank_n4_dur1000ms_reg_t1.wav,988hz-880hz-1109hz-1245hz_square_rank_n4_dur1000ms_reg_t1.wav,"4 tones play one after another, separated by brief silences. Rank them from lowest pitch to highest pitch. Reply with ONLY the order as positions (1..4), space-separated, e.g. ""4 3 2 1"" means the 4th tone played is lowest and the 1st is highest."
sine,1000,4,regular,A5,25,0,"[892.7999, 880.0, 918.9609, 905.786]",2 1 4 3,3 1 2 4,3 1 2 4,0,-0.3333,waveform,data/audio/pitchbench_d6_pitch_ranking/893hz-880hz-919hz-906hz_sine_rank_n4_dur1000ms_reg_t0.wav,893hz-880hz-919hz-906hz_sine_rank_n4_dur1000ms_reg_t0.wav,"4 tones play one after another, separated by brief silences. Rank them from lowest pitch to highest pitch. Reply with ONLY the order as positions (1..4), space-separated, e.g. ""4 3 2 1"" means the 4th tone played is lowest and the 1st is highest."
square,5000,4,regular,A4,25,1,"[446.3999, 452.893, 440.0, 459.4805]",3 1 2 4,1 2 3 4,1 2 3 4,0,0.3333,waveform,data/audio/pitchbench_d6_pitch_ranking/446hz-453hz-440hz-459hz_square_rank_n4_dur5000ms_reg_t1.wav,446hz-453hz-440hz-459hz_square_rank_n4_dur5000ms_reg_t1.wav,"4 tones play one after another, separated by brief silences. Rank them from lowest pitch to highest pitch. Reply with ONLY the order as positions (1..4), space-separated, e.g. ""4 3 2 1"" means the 4th tone played is lowest and the 1st is highest."
square,1000,4,irregular,A4,25,1,"[446.3999, 440.0, 459.4805, 452.893]",2 1 4 3,3 1 2 4,3 1 2 4,0,-0.3333,waveform,data/audio/pitchbench_d6_pitch_ranking/446hz-440hz-459hz-453hz_square_rank_n4_dur1000ms_irr_t1.wav,446hz-440hz-459hz-453hz_square_rank_n4_dur1000ms_irr_t1.wav,"4 tones play one after another, separated by brief silences. Rank them from lowest pitch to highest pitch. Reply with ONLY the order as positions (1..4), space-separated, e.g. ""4 3 2 1"" means the 4th tone played is lowest and the 1st is highest."
sawtooth,5000,4,regular,A5,25,1,"[905.786, 892.7999, 918.9609, 880.0]",4 2 1 3,3 1 2 4,3 1 2 4,0,-1.0,waveform,data/audio/pitchbench_d6_pitch_ranking/906hz-893hz-919hz-880hz_sawtooth_rank_n4_dur5000ms_reg_t1.wav,906hz-893hz-919hz-880hz_sawtooth_rank_n4_dur5000ms_reg_t1.wav,"4 tones play one after another, separated by brief silences. Rank them from lowest pitch to highest pitch. Reply with ONLY the order as positions (1..4), space-separated, e.g. ""4 3 2 1"" means the 4th tone played is lowest and the 1st is highest."
sine,5000,4,irregular,A3,25,2,"[223.2, 229.7402, 226.4465, 220.0]",4 1 3 2,1 2 3 4,1 2 3 4,0,-0.3333,waveform,data/audio/pitchbench_d6_pitch_ranking/223hz-230hz-226hz-220hz_sine_rank_n4_dur5000ms_irr_t2.wav,223hz-230hz-226hz-220hz_sine_rank_n4_dur5000ms_irr_t2.wav,"4 tones play one after another, separated by brief silences. Rank them from lowest pitch to highest pitch. Reply with ONLY the order as positions (1..4), space-separated, e.g. ""4 3 2 1"" means the 4th tone played is lowest and the 1st is highest."
triangle,5000,4,irregular,A3,400,0,"[440.0, 220.0, 277.1826, 349.2282]",2 3 4 1,3 1 2 4,3 1 2 4,0,0.0,waveform,data/audio/pitchbench_d6_pitch_ranking/440hz-220hz-277hz-349hz_triangle_rank_n4_dur5000ms_irr_t0.wav,440hz-220hz-277hz-349hz_triangle_rank_n4_dur5000ms_irr_t0.wav,"4 tones play one after another, separated by brief silences. Rank them from lowest pitch to highest pitch. Reply with ONLY the order as positions (1..4), space-separated, e.g. ""4 3 2 1"" means the 4th tone played is lowest and the 1st is highest."
triangle,1000,4,irregular,A5,400,2,"[880.0, 1760.0, 1108.7305, 1396.9129]",1 3 4 2,3 1 2 4,3 1 2 4,0,0.3333,waveform,data/audio/pitchbench_d6_pitch_ranking/880hz-1760hz-1109hz-1397hz_triangle_rank_n4_dur1000ms_irr_t2.wav,880hz-1760hz-1109hz-1397hz_triangle_rank_n4_dur1000ms_irr_t2.wav,"4 tones play one after another, separated by brief silences. Rank them from lowest pitch to highest pitch. Reply with ONLY the order as positions (1..4), space-separated, e.g. ""4 3 2 1"" means the 4th tone played is lowest and the 1st is highest."
sine,5000,4,regular,A5,400,1,"[880.0, 1108.7305, 1396.9129, 1760.0]",1 2 3 4,3 1 2 4,3 1 2 4,0,0.3333,waveform,data/audio/pitchbench_d6_pitch_ranking/880hz-1109hz-1397hz-1760hz_sine_rank_n4_dur5000ms_reg_t1.wav,880hz-1109hz-1397hz-1760hz_sine_rank_n4_dur5000ms_reg_t1.wav,"4 tones play one after another, separated by brief silences. Rank them from lowest pitch to highest pitch. Reply with ONLY the order as positions (1..4), space-separated, e.g. ""4 3 2 1"" means the 4th tone played is lowest and the 1st is highest."
square,1000,4,regular,A5,400,0,"[880.0, 1396.9129, 1108.7305, 1760.0]",1 3 2 4,3 1 2 4,3 1 2 4,0,0.6667,waveform,data/audio/pitchbench_d6_pitch_ranking/880hz-1397hz-1109hz-1760hz_square_rank_n4_dur1000ms_reg_t0.wav,880hz-1397hz-1109hz-1760hz_square_rank_n4_dur1000ms_reg_t0.wav,"4 tones play one after another, separated by brief silences. Rank them from lowest pitch to highest pitch. Reply with ONLY the order as positions (1..4), space-separated, e.g. ""4 3 2 1"" means the 4th tone played is lowest and the 1st is highest."
sine,5000,4,regular,A4,400,2,"[880.0, 698.4565, 440.0, 554.3653]",3 4 2 1,3 1 2 4,3 1 2 4,0,0.0,waveform,data/audio/pitchbench_d6_pitch_ranking/880hz-698hz-440hz-554hz_sine_rank_n4_dur5000ms_reg_t2.wav,880hz-698hz-440hz-554hz_sine_rank_n4_dur5000ms_reg_t2.wav,"4 tones play one after another, separated by brief silences. Rank them from lowest pitch to highest pitch. Reply with ONLY the order as positions (1..4), space-separated, e.g. ""4 3 2 1"" means the 4th tone played is lowest and the 1st is highest."
triangle,5000,4,irregular,A5,50,0,"[905.786, 880.0, 959.6468, 932.3275]",2 1 4 3,The order from lowest pitch to highest pitch is: 1 2 3 4,1 2 3 4,0,0.3333,waveform,data/audio/pitchbench_d6_pitch_ranking/906hz-880hz-960hz-932hz_triangle_rank_n4_dur5000ms_irr_t0.wav,906hz-880hz-960hz-932hz_triangle_rank_n4_dur5000ms_irr_t0.wav,"4 tones play one after another, separated by brief silences. Rank them from lowest pitch to highest pitch. Reply with ONLY the order as positions (1..4), space-separated, e.g. ""4 3 2 1"" means the 4th tone played is lowest and the 1st is highest."
square,1000,4,irregular,A3,50,0,"[239.9117, 233.0819, 220.0, 226.4465]",3 4 2 1,3 1 2 4,3 1 2 4,0,0.0,waveform,data/audio/pitchbench_d6_pitch_ranking/240hz-233hz-220hz-226hz_square_rank_n4_dur1000ms_irr_t0.wav,240hz-233hz-220hz-226hz_square_rank_n4_dur1000ms_irr_t0.wav,"4 tones play one after another, separated by brief silences. Rank them from lowest pitch to highest pitch. Reply with ONLY the order as positions (1..4), space-separated, e.g. ""4 3 2 1"" means the 4th tone played is lowest and the 1st is highest."
square,5000,4,regular,A4,50,2,"[479.8234, 440.0, 452.893, 466.1638]",2 3 4 1,3 1 2 4,3 1 2 4,0,0.0,waveform,data/audio/pitchbench_d6_pitch_ranking/480hz-440hz-453hz-466hz_square_rank_n4_dur5000ms_reg_t2.wav,480hz-440hz-453hz-466hz_square_rank_n4_dur5000ms_reg_t2.wav,"4 tones play one after another, separated by brief silences. Rank them from lowest pitch to highest pitch. Reply with ONLY the order as positions (1..4), space-separated, e.g. ""4 3 2 1"" means the 4th tone played is lowest and the 1st is highest."
sawtooth,1000,4,regular,A4,50,1,"[479.8234, 452.893, 440.0, 466.1638]",3 2 4 1,3 1 2 4,3 1 2 4,0,0.3333,waveform,data/audio/pitchbench_d6_pitch_ranking/480hz-453hz-440hz-466hz_sawtooth_rank_n4_dur1000ms_reg_t1.wav,480hz-453hz-440hz-466hz_sawtooth_rank_n4_dur1000ms_reg_t1.wav,"4 tones play one after another, separated by brief silences. Rank them from lowest pitch to highest pitch. Reply with ONLY the order as positions (1..4), space-separated, e.g. ""4 3 2 1"" means the 4th tone played is lowest and the 1st is highest."
sine,1000,4,irregular,A4,50,2,"[452.893, 466.1638, 479.8234, 440.0]",4 1 2 3,3 1 2 4,3 1 2 4,0,-0.6667,waveform,data/audio/pitchbench_d6_pitch_ranking/453hz-466hz-480hz-440hz_sine_rank_n4_dur1000ms_irr_t2.wav,453hz-466hz-480hz-440hz_sine_rank_n4_dur1000ms_irr_t2.wav,"4 tones play one after another, separated by brief silences. Rank them from lowest pitch to highest pitch. Reply with ONLY the order as positions (1..4), space-separated, e.g. ""4 3 2 1"" means the 4th tone played is lowest and the 1st is highest."
sine,5000,5,irregular,A3,100,2,"[233.0819, 261.6256, 246.9417, 277.1826, 220.0]",5 1 3 2 4,1 2 3 4 5,1 2 3 4 5,0,0.0,waveform,data/audio/pitchbench_d6_pitch_ranking/233hz-262hz-247hz-277hz-220hz_sine_rank_n5_dur5000ms_irr_t2.wav,233hz-262hz-247hz-277hz-220hz_sine_rank_n5_dur5000ms_irr_t2.wav,"5 tones play one after another, separated by brief silences. Rank them from lowest pitch to highest pitch. Reply with ONLY the order as positions (1..5), space-separated, e.g. ""5 4 3 2 1"" means the 5th tone played is lowest and the 1st is highest."
sawtooth,5000,5,irregular,A4,100,1,"[523.2511, 493.8833, 554.3653, 466.1638, 440.0]",5 4 2 1 3,1 2 3 4 5,1 2 3 4 5,0,-0.6,waveform,data/audio/pitchbench_d6_pitch_ranking/523hz-494hz-554hz-466hz-440hz_sawtooth_rank_n5_dur5000ms_irr_t1.wav,523hz-494hz-554hz-466hz-440hz_sawtooth_rank_n5_dur5000ms_irr_t1.wav,"5 tones play one after another, separated by brief silences. Rank them from lowest pitch to highest pitch. Reply with ONLY the order as positions (1..5), space-separated, e.g. ""5 4 3 2 1"" means the 5th tone played is lowest and the 1st is highest."
square,1000,5,regular,A3,100,2,"[233.0819, 277.1826, 220.0, 261.6256, 246.9417]",3 1 5 4 2,3 1 2 4 5,3 1 2 4 5,0,0.4,waveform,data/audio/pitchbench_d6_pitch_ranking/233hz-277hz-220hz-262hz-247hz_square_rank_n5_dur1000ms_reg_t2.wav,233hz-277hz-220hz-262hz-247hz_square_rank_n5_dur1000ms_reg_t2.wav,"5 tones play one after another, separated by brief silences. Rank them from lowest pitch to highest pitch. Reply with ONLY the order as positions (1..5), space-separated, e.g. ""5 4 3 2 1"" means the 5th tone played is lowest and the 1st is highest."
sine,5000,5,regular,A4,100,2,"[523.2511, 554.3653, 493.8833, 466.1638, 440.0]",5 4 3 1 2,3 1 2 4 5,3 1 2 4 5,0,-0.4,waveform,data/audio/pitchbench_d6_pitch_ranking/523hz-554hz-494hz-466hz-440hz_sine_rank_n5_dur5000ms_reg_t2.wav,523hz-554hz-494hz-466hz-440hz_sine_rank_n5_dur5000ms_reg_t2.wav,"5 tones play one after another, separated by brief silences. Rank them from lowest pitch to highest pitch. Reply with ONLY the order as positions (1..5), space-separated, e.g. ""5 4 3 2 1"" means the 5th tone played is lowest and the 1st is highest."
sawtooth,5000,5,irregular,A4,100,2,"[466.1638, 554.3653, 493.8833, 523.2511, 440.0]",5 1 3 4 2,1 2 3 4 5,1 2 3 4 5,0,-0.2,waveform,data/audio/pitchbench_d6_pitch_ranking/466hz-554hz-494hz-523hz-440hz_sawtooth_rank_n5_dur5000ms_irr_t2.wav,466hz-554hz-494hz-523hz-440hz_sawtooth_rank_n5_dur5000ms_irr_t2.wav,"5 tones play one after another, separated by brief silences. Rank them from lowest pitch to highest pitch. Reply with ONLY the order as positions (1..5), space-separated, e.g. ""5 4 3 2 1"" means the 5th tone played is lowest and the 1st is highest."
sine,1000,5,regular,A5,200,1,"[1396.9129, 987.7666, 1244.5079, 1108.7305, 880.0]",5 2 4 3 1,3 1 2 4 5,3 1 2 4 5,0,-0.6,waveform,data/audio/pitchbench_d6_pitch_ranking/1397hz-988hz-1245hz-1109hz-880hz_sine_rank_n5_dur1000ms_reg_t1.wav,1397hz-988hz-1245hz-1109hz-880hz_sine_rank_n5_dur1000ms_reg_t1.wav,"5 tones play one after another, separated by brief silences. Rank them from lowest pitch to highest pitch. Reply with ONLY the order as positions (1..5), space-separated, e.g. ""5 4 3 2 1"" means the 5th tone played is lowest and the 1st is highest."
square,1000,5,regular,A5,200,1,"[987.7666, 1244.5079, 1108.7305, 880.0, 1396.9129]",4 1 3 2 5,3 1 2 4 5,3 1 2 4 5,0,0.2,waveform,data/audio/pitchbench_d6_pitch_ranking/988hz-1245hz-1109hz-880hz-1397hz_square_rank_n5_dur1000ms_reg_t1.wav,988hz-1245hz-1109hz-880hz-1397hz_square_rank_n5_dur1000ms_reg_t1.wav,"5 tones play one after another, separated by brief silences. Rank them from lowest pitch to highest pitch. Reply with ONLY the order as positions (1..5), space-separated, e.g. ""5 4 3 2 1"" means the 5th tone played is lowest and the 1st is highest."
sawtooth,5000,5,irregular,A5,200,2,"[987.7666, 1108.7305, 880.0, 1244.5079, 1396.9129]",3 1 2 4 5,3 1 2 4 5,3 1 2 4 5,1,1.0,waveform,data/audio/pitchbench_d6_pitch_ranking/988hz-1109hz-880hz-1245hz-1397hz_sawtooth_rank_n5_dur5000ms_irr_t2.wav,988hz-1109hz-880hz-1245hz-1397hz_sawtooth_rank_n5_dur5000ms_irr_t2.wav,"5 tones play one after another, separated by brief silences. Rank them from lowest pitch to highest pitch. Reply with ONLY the order as positions (1..5), space-separated, e.g. ""5 4 3 2 1"" means the 5th tone played is lowest and the 1st is highest."
triangle,5000,5,regular,A3,200,2,"[311.127, 220.0, 277.1826, 349.2282, 246.9417]",2 5 3 1 4,3 1 2 4 5,3 1 2 4 5,0,0.0,waveform,data/audio/pitchbench_d6_pitch_ranking/311hz-220hz-277hz-349hz-247hz_triangle_rank_n5_dur5000ms_reg_t2.wav,311hz-220hz-277hz-349hz-247hz_triangle_rank_n5_dur5000ms_reg_t2.wav,"5 tones play one after another, separated by brief silences. Rank them from lowest pitch to highest pitch. Reply with ONLY the order as positions (1..5), space-separated, e.g. ""5 4 3 2 1"" means the 5th tone played is lowest and the 1st is highest."
square,5000,5,irregular,A4,200,0,"[493.8833, 622.254, 698.4565, 440.0, 554.3653]",4 1 5 2 3,1 2 3 4 5,1 2 3 4 5,0,0.0,waveform,data/audio/pitchbench_d6_pitch_ranking/494hz-622hz-698hz-440hz-554hz_square_rank_n5_dur5000ms_irr_t0.wav,494hz-622hz-698hz-440hz-554hz_square_rank_n5_dur5000ms_irr_t0.wav,"5 tones play one after another, separated by brief silences. Rank them from lowest pitch to highest pitch. Reply with ONLY the order as positions (1..5), space-separated, e.g. ""5 4 3 2 1"" means the 5th tone played is lowest and the 1st is highest."
sawtooth,1000,5,irregular,A3,25,2,"[226.4465, 229.7402, 220.0, 223.2, 233.0819]",3 4 1 2 5,3 1 2 4 5,3 1 2 4 5,0,0.6,waveform,data/audio/pitchbench_d6_pitch_ranking/226hz-230hz-220hz-223hz-233hz_sawtooth_rank_n5_dur1000ms_irr_t2.wav,226hz-230hz-220hz-223hz-233hz_sawtooth_rank_n5_dur1000ms_irr_t2.wav,"5 tones play one after another, separated by brief silences. Rank them from lowest pitch to highest pitch. Reply with ONLY the order as positions (1..5), space-separated, e.g. ""5 4 3 2 1"" means the 5th tone played is lowest and the 1st is highest."
square,5000,5,irregular,A4,25,1,"[446.3999, 466.1638, 440.0, 452.893, 459.4805]",3 1 4 5 2,3 1 2 4 5,3 1 2 4 5,0,0.6,waveform,data/audio/pitchbench_d6_pitch_ranking/446hz-466hz-440hz-453hz-459hz_square_rank_n5_dur5000ms_irr_t1.wav,446hz-466hz-440hz-453hz-459hz_square_rank_n5_dur5000ms_irr_t1.wav,"5 tones play one after another, separated by brief silences. Rank them from lowest pitch to highest pitch. Reply with ONLY the order as positions (1..5), space-separated, e.g. ""5 4 3 2 1"" means the 5th tone played is lowest and the 1st is highest."
square,5000,5,regular,A4,25,0,"[466.1638, 446.3999, 459.4805, 440.0, 452.893]",4 2 5 3 1,3 1 2 4 5,3 1 2 4 5,0,-0.4,waveform,data/audio/pitchbench_d6_pitch_ranking/466hz-446hz-459hz-440hz-453hz_square_rank_n5_dur5000ms_reg_t0.wav,466hz-446hz-459hz-440hz-453hz_square_rank_n5_dur5000ms_reg_t0.wav,"5 tones play one after another, separated by brief silences. Rank them from lowest pitch to highest pitch. Reply with ONLY the order as positions (1..5), space-separated, e.g. ""5 4 3 2 1"" means the 5th tone played is lowest and the 1st is highest."
sawtooth,1000,5,irregular,A4,25,2,"[440.0, 459.4805, 452.893, 446.3999, 466.1638]",1 4 3 2 5,3 1 2 4 5,3 1 2 4 5,0,0.4,waveform,data/audio/pitchbench_d6_pitch_ranking/440hz-459hz-453hz-446hz-466hz_sawtooth_rank_n5_dur1000ms_irr_t2.wav,440hz-459hz-453hz-446hz-466hz_sawtooth_rank_n5_dur1000ms_irr_t2.wav,"5 tones play one after another, separated by brief silences. Rank them from lowest pitch to highest pitch. Reply with ONLY the order as positions (1..5), space-separated, e.g. ""5 4 3 2 1"" means the 5th tone played is lowest and the 1st is highest."
sawtooth,5000,5,regular,A5,25,2,"[892.7999, 918.9609, 880.0, 905.786, 932.3275]",3 1 4 2 5,3 1 2 4 5,3 1 2 4 5,0,0.8,waveform,data/audio/pitchbench_d6_pitch_ranking/893hz-919hz-880hz-906hz-932hz_sawtooth_rank_n5_dur5000ms_reg_t2.wav,893hz-919hz-880hz-906hz-932hz_sawtooth_rank_n5_dur5000ms_reg_t2.wav,"5 tones play one after another, separated by brief silences. Rank them from lowest pitch to highest pitch. Reply with ONLY the order as positions (1..5), space-separated, e.g. ""5 4 3 2 1"" means the 5th tone played is lowest and the 1st is highest."
sine,5000,5,regular,A4,400,0,"[698.4565, 880.0, 1108.7305, 554.3653, 440.0]",5 4 1 2 3,3 1 2 4 5,3 1 2 4 5,0,-0.8,waveform,data/audio/pitchbench_d6_pitch_ranking/698hz-880hz-1109hz-554hz-440hz_sine_rank_n5_dur5000ms_reg_t0.wav,698hz-880hz-1109hz-554hz-440hz_sine_rank_n5_dur5000ms_reg_t0.wav,"5 tones play one after another, separated by brief silences. Rank them from lowest pitch to highest pitch. Reply with ONLY the order as positions (1..5), space-separated, e.g. ""5 4 3 2 1"" means the 5th tone played is lowest and the 1st is highest."
sawtooth,5000,5,regular,A3,400,1,"[349.2282, 220.0, 277.1826, 554.3653, 440.0]",2 3 1 5 4,The order from lowest pitch to highest pitch is: 1 2 3 4 5,1 2 3 4 5,0,0.4,waveform,data/audio/pitchbench_d6_pitch_ranking/349hz-220hz-277hz-554hz-440hz_sawtooth_rank_n5_dur5000ms_reg_t1.wav,349hz-220hz-277hz-554hz-440hz_sawtooth_rank_n5_dur5000ms_reg_t1.wav,"5 tones play one after another, separated by brief silences. Rank them from lowest pitch to highest pitch. Reply with ONLY the order as positions (1..5), space-separated, e.g. ""5 4 3 2 1"" means the 5th tone played is lowest and the 1st is highest."
triangle,1000,5,irregular,A5,400,1,"[1760.0, 1108.7305, 880.0, 1396.9129, 2217.461]",3 2 4 1 5,3 1 2 4 5,3 1 2 4 5,0,0.6,waveform,data/audio/pitchbench_d6_pitch_ranking/1760hz-1109hz-880hz-1397hz-2217hz_triangle_rank_n5_dur1000ms_irr_t1.wav,1760hz-1109hz-880hz-1397hz-2217hz_triangle_rank_n5_dur1000ms_irr_t1.wav,"5 tones play one after another, separated by brief silences. Rank them from lowest pitch to highest pitch. Reply with ONLY the order as positions (1..5), space-separated, e.g. ""5 4 3 2 1"" means the 5th tone played is lowest and the 1st is highest."
sawtooth,1000,5,regular,A5,400,2,"[1108.7305, 2217.461, 1760.0, 880.0, 1396.9129]",4 1 5 3 2,3 1 2 4 5,3 1 2 4 5,0,-0.2,waveform,data/audio/pitchbench_d6_pitch_ranking/1109hz-2217hz-1760hz-880hz-1397hz_sawtooth_rank_n5_dur1000ms_reg_t2.wav,1109hz-2217hz-1760hz-880hz-1397hz_sawtooth_rank_n5_dur1000ms_reg_t2.wav,"5 tones play one after another, separated by brief silences. Rank them from lowest pitch to highest pitch. Reply with ONLY the order as positions (1..5), space-separated, e.g. ""5 4 3 2 1"" means the 5th tone played is lowest and the 1st is highest."
sawtooth,1000,5,irregular,A3,400,2,"[554.3653, 220.0, 349.2282, 277.1826, 440.0]",2 4 3 5 1,3 1 2 4 5,3 1 2 4 5,0,0.0,waveform,data/audio/pitchbench_d6_pitch_ranking/554hz-220hz-349hz-277hz-440hz_sawtooth_rank_n5_dur1000ms_irr_t2.wav,554hz-220hz-349hz-277hz-440hz_sawtooth_rank_n5_dur1000ms_irr_t2.wav,"5 tones play one after another, separated by brief silences. Rank them from lowest pitch to highest pitch. Reply with ONLY the order as positions (1..5), space-separated, e.g. ""5 4 3 2 1"" means the 5th tone played is lowest and the 1st is highest."
triangle,5000,5,irregular,A3,50,1,"[246.9417, 233.0819, 226.4465, 239.9117, 220.0]",5 3 2 4 1,3 1 2 4 5,3 1 2 4 5,0,-0.2,waveform,data/audio/pitchbench_d6_pitch_ranking/247hz-233hz-226hz-240hz-220hz_triangle_rank_n5_dur5000ms_irr_t1.wav,247hz-233hz-226hz-240hz-220hz_triangle_rank_n5_dur5000ms_irr_t1.wav,"5 tones play one after another, separated by brief silences. Rank them from lowest pitch to highest pitch. Reply with ONLY the order as positions (1..5), space-separated, e.g. ""5 4 3 2 1"" means the 5th tone played is lowest and the 1st is highest."
square,1000,5,regular,A5,50,1,"[932.3275, 987.7666, 880.0, 959.6468, 905.786]",3 5 1 4 2,3 1 2 4 5,3 1 2 4 5,0,0.2,waveform,data/audio/pitchbench_d6_pitch_ranking/932hz-988hz-880hz-960hz-906hz_square_rank_n5_dur1000ms_reg_t1.wav,932hz-988hz-880hz-960hz-906hz_square_rank_n5_dur1000ms_reg_t1.wav,"5 tones play one after another, separated by brief silences. Rank them from lowest pitch to highest pitch. Reply with ONLY the order as positions (1..5), space-separated, e.g. ""5 4 3 2 1"" means the 5th tone played is lowest and the 1st is highest."
sawtooth,5000,5,irregular,A5,50,0,"[959.6468, 987.7666, 905.786, 932.3275, 880.0]",5 3 4 1 2,3 1 2 4 5,3 1 2 4 5,0,-0.2,waveform,data/audio/pitchbench_d6_pitch_ranking/960hz-988hz-906hz-932hz-880hz_sawtooth_rank_n5_dur5000ms_irr_t0.wav,960hz-988hz-906hz-932hz-880hz_sawtooth_rank_n5_dur5000ms_irr_t0.wav,"5 tones play one after another, separated by brief silences. Rank them from lowest pitch to highest pitch. Reply with ONLY the order as positions (1..5), space-separated, e.g. ""5 4 3 2 1"" means the 5th tone played is lowest and the 1st is highest."
triangle,5000,5,irregular,A5,50,1,"[987.7666, 932.3275, 880.0, 905.786, 959.6468]",3 4 2 5 1,1 2 3 4 5,1 2 3 4 5,0,-0.2,waveform,data/audio/pitchbench_d6_pitch_ranking/988hz-932hz-880hz-906hz-960hz_triangle_rank_n5_dur5000ms_irr_t1.wav,988hz-932hz-880hz-906hz-960hz_triangle_rank_n5_dur5000ms_irr_t1.wav,"5 tones play one after another, separated by brief silences. Rank them from lowest pitch to highest pitch. Reply with ONLY the order as positions (1..5), space-separated, e.g. ""5 4 3 2 1"" means the 5th tone played is lowest and the 1st is highest."
sawtooth,5000,5,regular,A4,50,2,"[452.893, 493.8833, 440.0, 479.8234, 466.1638]",3 1 5 4 2,3 1 2 4 5,3 1 2 4 5,0,0.4,waveform,data/audio/pitchbench_d6_pitch_ranking/453hz-494hz-440hz-480hz-466hz_sawtooth_rank_n5_dur5000ms_reg_t2.wav,453hz-494hz-440hz-480hz-466hz_sawtooth_rank_n5_dur5000ms_reg_t2.wav,"5 tones play one after another, separated by brief silences. Rank them from lowest pitch to highest pitch. Reply with ONLY the order as positions (1..5), space-separated, e.g. ""5 4 3 2 1"" means the 5th tone played is lowest and the 1st is highest."
square,5000,7,irregular,A3,100,2,"[246.9417, 220.0, 311.127, 233.0819, 293.6648, 261.6256, 277.1826]",2 4 1 6 7 5 3,The order from lowest pitch to highest pitch is: 1 2 3 4 5 6 7,1 2 3 4 5 6 7,0,0.2381,waveform,data/audio/pitchbench_d6_pitch_ranking/247hz-220hz-311hz-233hz-294hz-262hz-277hz_square_rank_n7_dur5000ms_irr_t2.wav,247hz-220hz-311hz-233hz-294hz-262hz-277hz_square_rank_n7_dur5000ms_irr_t2.wav,"7 tones play one after another, separated by brief silences. Rank them from lowest pitch to highest pitch. Reply with ONLY the order as positions (1..7), space-separated, e.g. ""7 6 5 4 3 2 1"" means the 7th tone played is lowest and the 1st is highest."
sine,1000,7,regular,A4,100,2,"[523.2511, 587.3295, 440.0, 622.254, 493.8833, 466.1638, 554.3653]",3 6 5 1 7 2 4,The order from lowest pitch to highest pitch is: 1 2 3 4 5 6 7,1 2 3 4 5 6 7,0,-0.0476,waveform,data/audio/pitchbench_d6_pitch_ranking/523hz-587hz-440hz-622hz-494hz-466hz-554hz_sine_rank_n7_dur1000ms_reg_t2.wav,523hz-587hz-440hz-622hz-494hz-466hz-554hz_sine_rank_n7_dur1000ms_reg_t2.wav,"7 tones play one after another, separated by brief silences. Rank them from lowest pitch to highest pitch. Reply with ONLY the order as positions (1..7), space-separated, e.g. ""7 6 5 4 3 2 1"" means the 7th tone played is lowest and the 1st is highest."
sawtooth,5000,7,irregular,A4,100,1,"[523.2511, 493.8833, 622.254, 554.3653, 440.0, 466.1638, 587.3295]",5 6 2 1 4 7 3,The order from lowest pitch to highest pitch is: 1 2 3 4 5 6 7,1 2 3 4 5 6 7,0,-0.0476,waveform,data/audio/pitchbench_d6_pitch_ranking/523hz-494hz-622hz-554hz-440hz-466hz-587hz_sawtooth_rank_n7_dur5000ms_irr_t1.wav,523hz-494hz-622hz-554hz-440hz-466hz-587hz_sawtooth_rank_n7_dur5000ms_irr_t1.wav,"7 tones play one after another, separated by brief silences. Rank them from lowest pitch to highest pitch. Reply with ONLY the order as positions (1..7), space-separated, e.g. ""7 6 5 4 3 2 1"" means the 7th tone played is lowest and the 1st is highest."
sine,5000,7,regular,A3,100,2,"[311.127, 233.0819, 293.6648, 246.9417, 277.1826, 220.0, 261.6256]",6 2 4 7 5 3 1,The order from lowest pitch to highest pitch is: 1 2 3 4 5 6 7,1 2 3 4 5 6 7,0,-0.3333,waveform,data/audio/pitchbench_d6_pitch_ranking/311hz-233hz-294hz-247hz-277hz-220hz-262hz_sine_rank_n7_dur5000ms_reg_t2.wav,311hz-233hz-294hz-247hz-277hz-220hz-262hz_sine_rank_n7_dur5000ms_reg_t2.wav,"7 tones play one after another, separated by brief silences. Rank them from lowest pitch to highest pitch. Reply with ONLY the order as positions (1..7), space-separated, e.g. ""7 6 5 4 3 2 1"" means the 7th tone played is lowest and the 1st is highest."
square,5000,7,regular,A3,100,2,"[277.1826, 246.9417, 261.6256, 311.127, 220.0, 233.0819, 293.6648]",5 6 2 3 1 7 4,The order from lowest pitch to highest pitch is: 1 2 3 4 5 6 7,1 2 3 4 5 6 7,0,-0.0476,waveform,data/audio/pitchbench_d6_pitch_ranking/277hz-247hz-262hz-311hz-220hz-233hz-294hz_square_rank_n7_dur5000ms_reg_t2.wav,277hz-247hz-262hz-311hz-220hz-233hz-294hz_square_rank_n7_dur5000ms_reg_t2.wav,"7 tones play one after another, separated by brief silences. Rank them from lowest pitch to highest pitch. Reply with ONLY the order as positions (1..7), space-separated, e.g. ""7 6 5 4 3 2 1"" means the 7th tone played is lowest and the 1st is highest."
square,5000,7,regular,A5,200,0,"[1244.5079, 1567.9817, 880.0, 1396.9129, 987.7666, 1108.7305, 1760.0]",3 5 6 1 4 2 7,The order from lowest pitch to highest pitch is: 1 2 3 4 5 6 7,1 2 3 4 5 6 7,0,0.1429,waveform,data/audio/pitchbench_d6_pitch_ranking/1245hz-1568hz-880hz-1397hz-988hz-1109hz-1760hz_square_rank_n7_dur5000ms_reg_t0.wav,1245hz-1568hz-880hz-1397hz-988hz-1109hz-1760hz_square_rank_n7_dur5000ms_reg_t0.wav,"7 tones play one after another, separated by brief silences. Rank them from lowest pitch to highest pitch. Reply with ONLY the order as positions (1..7), space-separated, e.g. ""7 6 5 4 3 2 1"" means the 7th tone played is lowest and the 1st is highest."
sawtooth,5000,7,regular,A5,200,2,"[987.7666, 1108.7305, 1760.0, 880.0, 1244.5079, 1567.9817, 1396.9129]",4 1 2 5 7 6 3,3 1 2 4 5 6 7,3 1 2 4 5 6 7,0,0.1429,waveform,data/audio/pitchbench_d6_pitch_ranking/988hz-1109hz-1760hz-880hz-1245hz-1568hz-1397hz_sawtooth_rank_n7_dur5000ms_reg_t2.wav,988hz-1109hz-1760hz-880hz-1245hz-1568hz-1397hz_sawtooth_rank_n7_dur5000ms_reg_t2.wav,"7 tones play one after another, separated by brief silences. Rank them from lowest pitch to highest pitch. Reply with ONLY the order as positions (1..7), space-separated, e.g. ""7 6 5 4 3 2 1"" means the 7th tone played is lowest and the 1st is highest."
sine,1000,7,irregular,A4,200,1,"[493.8833, 880.0, 554.3653, 698.4565, 622.254, 440.0, 783.9909]",6 1 3 5 4 7 2,The order from lowest pitch to highest pitch is: 1 2 3 4 5 6 7,1 2 3 4 5 6 7,0,0.0476,waveform,data/audio/pitchbench_d6_pitch_ranking/494hz-880hz-554hz-698hz-622hz-440hz-784hz_sine_rank_n7_dur1000ms_irr_t1.wav,494hz-880hz-554hz-698hz-622hz-440hz-784hz_sine_rank_n7_dur1000ms_irr_t1.wav,"7 tones play one after another, separated by brief silences. Rank them from lowest pitch to highest pitch. Reply with ONLY the order as positions (1..7), space-separated, e.g. ""7 6 5 4 3 2 1"" means the 7th tone played is lowest and the 1st is highest."
sawtooth,5000,7,regular,A4,200,0,"[698.4565, 622.254, 554.3653, 783.9909, 880.0, 440.0, 493.8833]",6 7 3 2 1 4 5,The order from lowest pitch to highest pitch is: 1 2 3 4 5 6 7,1 2 3 4 5 6 7,0,-0.2381,waveform,data/audio/pitchbench_d6_pitch_ranking/698hz-622hz-554hz-784hz-880hz-440hz-494hz_sawtooth_rank_n7_dur5000ms_reg_t0.wav,698hz-622hz-554hz-784hz-880hz-440hz-494hz_sawtooth_rank_n7_dur5000ms_reg_t0.wav,"7 tones play one after another, separated by brief silences. Rank them from lowest pitch to highest pitch. Reply with ONLY the order as positions (1..7), space-separated, e.g. ""7 6 5 4 3 2 1"" means the 7th tone played is lowest and the 1st is highest."
square,5000,7,regular,A3,200,2,"[277.1826, 391.9954, 440.0, 246.9417, 311.127, 220.0, 349.2282]",6 4 1 5 7 2 3,The order from lowest pitch to highest pitch is: 1 2 3 4 5 6 7,1 2 3 4 5 6 7,0,-0.1429,waveform,data/audio/pitchbench_d6_pitch_ranking/277hz-392hz-440hz-247hz-311hz-220hz-349hz_square_rank_n7_dur5000ms_reg_t2.wav,277hz-392hz-440hz-247hz-311hz-220hz-349hz_square_rank_n7_dur5000ms_reg_t2.wav,"7 tones play one after another, separated by brief silences. Rank them from lowest pitch to highest pitch. Reply with ONLY the order as positions (1..7), space-separated, e.g. ""7 6 5 4 3 2 1"" means the 7th tone played is lowest and the 1st is highest."
sawtooth,5000,7,regular,A4,25,0,"[459.4805, 479.8234, 446.3999, 440.0, 452.893, 466.1638, 472.9443]",4 3 5 1 6 7 2,The order from lowest pitch to highest pitch is: 1 2 3 4 5 6 7,1 2 3 4 5 6 7,0,0.1429,waveform,data/audio/pitchbench_d6_pitch_ranking/459hz-480hz-446hz-440hz-453hz-466hz-473hz_sawtooth_rank_n7_dur5000ms_reg_t0.wav,459hz-480hz-446hz-440hz-453hz-466hz-473hz_sawtooth_rank_n7_dur5000ms_reg_t0.wav,"7 tones play one after another, separated by brief silences. Rank them from lowest pitch to highest pitch. Reply with ONLY the order as positions (1..7), space-separated, e.g. ""7 6 5 4 3 2 1"" means the 7th tone played is lowest and the 1st is highest."
triangle,5000,7,regular,A4,25,1,"[452.893, 466.1638, 472.9443, 459.4805, 446.3999, 440.0, 479.8234]",6 5 1 4 2 3 7,The order from lowest pitch to highest pitch is: 1 2 3 4 5 6 7,1 2 3 4 5 6 7,0,-0.0476,waveform,data/audio/pitchbench_d6_pitch_ranking/453hz-466hz-473hz-459hz-446hz-440hz-480hz_triangle_rank_n7_dur5000ms_reg_t1.wav,453hz-466hz-473hz-459hz-446hz-440hz-480hz_triangle_rank_n7_dur5000ms_reg_t1.wav,"7 tones play one after another, separated by brief silences. Rank them from lowest pitch to highest pitch. Reply with ONLY the order as positions (1..7), space-separated, e.g. ""7 6 5 4 3 2 1"" means the 7th tone played is lowest and the 1st is highest."
square,1000,7,irregular,A5,25,2,"[918.9609, 892.7999, 880.0, 959.6468, 932.3275, 905.786, 945.8885]",3 2 6 1 5 7 4,1 2 3 4 5 6 7,1 2 3 4 5 6 7,0,0.2381,waveform,data/audio/pitchbench_d6_pitch_ranking/919hz-893hz-880hz-960hz-932hz-906hz-946hz_square_rank_n7_dur1000ms_irr_t2.wav,919hz-893hz-880hz-960hz-932hz-906hz-946hz_square_rank_n7_dur1000ms_irr_t2.wav,"7 tones play one after another, separated by brief silences. Rank them from lowest pitch to highest pitch. Reply with ONLY the order as positions (1..7), space-separated, e.g. ""7 6 5 4 3 2 1"" means the 7th tone played is lowest and the 1st is highest."
triangle,5000,7,irregular,A3,25,0,"[239.9117, 223.2, 233.0819, 220.0, 229.7402, 226.4465, 236.4721]",4 2 6 5 3 7 1,1 2 3 4 5 6 7,1 2 3 4 5 6 7,0,-0.0476,waveform,data/audio/pitchbench_d6_pitch_ranking/240hz-223hz-233hz-220hz-230hz-226hz-236hz_triangle_rank_n7_dur5000ms_irr_t0.wav,240hz-223hz-233hz-220hz-230hz-226hz-236hz_triangle_rank_n7_dur5000ms_irr_t0.wav,"7 tones play one after another, separated by brief silences. Rank them from lowest pitch to highest pitch. Reply with ONLY the order as positions (1..7), space-separated, e.g. ""7 6 5 4 3 2 1"" means the 7th tone played is lowest and the 1st is highest."
sawtooth,1000,7,regular,A3,25,0,"[233.0819, 236.4721, 239.9117, 229.7402, 223.2, 220.0, 226.4465]",6 5 7 4 1 2 3,The order from lowest pitch to highest pitch is: 1 2 3 4 5 6 7,1 2 3 4 5 6 7,0,-0.5238,waveform,data/audio/pitchbench_d6_pitch_ranking/233hz-236hz-240hz-230hz-223hz-220hz-226hz_sawtooth_rank_n7_dur1000ms_reg_t0.wav,233hz-236hz-240hz-230hz-223hz-220hz-226hz_sawtooth_rank_n7_dur1000ms_reg_t0.wav,"7 tones play one after another, separated by brief silences. Rank them from lowest pitch to highest pitch. Reply with ONLY the order as positions (1..7), space-separated, e.g. ""7 6 5 4 3 2 1"" means the 7th tone played is lowest and the 1st is highest."
sawtooth,5000,7,regular,A5,400,1,"[3520.0, 1760.0, 880.0, 2217.461, 1108.7305, 1396.9129, 2793.8259]",3 5 6 2 4 7 1,The order from lowest pitch to highest pitch is: 1 2 3 4 5 6 7,1 2 3 4 5 6 7,0,-0.0476,waveform,data/audio/pitchbench_d6_pitch_ranking/3520hz-1760hz-880hz-2217hz-1109hz-1397hz-2794hz_sawtooth_rank_n7_dur5000ms_reg_t1.wav,3520hz-1760hz-880hz-2217hz-1109hz-1397hz-2794hz_sawtooth_rank_n7_dur5000ms_reg_t1.wav,"7 tones play one after another, separated by brief silences. Rank them from lowest pitch to highest pitch. Reply with ONLY the order as positions (1..7), space-separated, e.g. ""7 6 5 4 3 2 1"" means the 7th tone played is lowest and the 1st is highest."
sine,5000,7,irregular,A5,400,2,"[2217.461, 1108.7305, 2793.8259, 1760.0, 880.0, 1396.9129, 3520.0]",5 2 6 4 1 3 7,The order from lowest pitch to highest pitch is: 1 2 3 4 5 6 7,1 2 3 4 5 6 7,0,0.0476,waveform,data/audio/pitchbench_d6_pitch_ranking/2217hz-1109hz-2794hz-1760hz-880hz-1397hz-3520hz_sine_rank_n7_dur5000ms_irr_t2.wav,2217hz-1109hz-2794hz-1760hz-880hz-1397hz-3520hz_sine_rank_n7_dur5000ms_irr_t2.wav,"7 tones play one after another, separated by brief silences. Rank them from lowest pitch to highest pitch. Reply with ONLY the order as positions (1..7), space-separated, e.g. ""7 6 5 4 3 2 1"" means the 7th tone played is lowest and the 1st is highest."
sawtooth,1000,7,irregular,A5,400,0,"[880.0, 1396.9129, 1108.7305, 2217.461, 1760.0, 3520.0, 2793.8259]",1 3 2 5 4 7 6,The order from lowest pitch to highest pitch is: 1 2 3 4 5 6 7,1 2 3 4 5 6 7,0,0.7143,waveform,data/audio/pitchbench_d6_pitch_ranking/880hz-1397hz-1109hz-2217hz-1760hz-3520hz-2794hz_sawtooth_rank_n7_dur1000ms_irr_t0.wav,880hz-1397hz-1109hz-2217hz-1760hz-3520hz-2794hz_sawtooth_rank_n7_dur1000ms_irr_t0.wav,"7 tones play one after another, separated by brief silences. Rank them from lowest pitch to highest pitch. Reply with ONLY the order as positions (1..7), space-separated, e.g. ""7 6 5 4 3 2 1"" means the 7th tone played is lowest and the 1st is highest."
triangle,5000,7,irregular,A5,400,2,"[1760.0, 2217.461, 880.0, 1108.7305, 1396.9129, 3520.0, 2793.8259]",3 4 5 1 2 7 6,The order from lowest pitch to highest pitch is: 1 2 3 4 5 6 7,1 2 3 4 5 6 7,0,0.3333,waveform,data/audio/pitchbench_d6_pitch_ranking/1760hz-2217hz-880hz-1109hz-1397hz-3520hz-2794hz_triangle_rank_n7_dur5000ms_irr_t2.wav,1760hz-2217hz-880hz-1109hz-1397hz-3520hz-2794hz_triangle_rank_n7_dur5000ms_irr_t2.wav,"7 tones play one after another, separated by brief silences. Rank them from lowest pitch to highest pitch. Reply with ONLY the order as positions (1..7), space-separated, e.g. ""7 6 5 4 3 2 1"" means the 7th tone played is lowest and the 1st is highest."
triangle,1000,7,irregular,A5,400,2,"[3520.0, 880.0, 1108.7305, 2793.8259, 1760.0, 1396.9129, 2217.461]",2 3 6 5 7 4 1,The order from lowest pitch to highest pitch is: 1 2 3 4 5 6 7,1 2 3 4 5 6 7,0,0.0476,waveform,data/audio/pitchbench_d6_pitch_ranking/3520hz-880hz-1109hz-2794hz-1760hz-1397hz-2217hz_triangle_rank_n7_dur1000ms_irr_t2.wav,3520hz-880hz-1109hz-2794hz-1760hz-1397hz-2217hz_triangle_rank_n7_dur1000ms_irr_t2.wav,"7 tones play one after another, separated by brief silences. Rank them from lowest pitch to highest pitch. Reply with ONLY the order as positions (1..7), space-separated, e.g. ""7 6 5 4 3 2 1"" means the 7th tone played is lowest and the 1st is highest."
sawtooth,5000,7,regular,A5,50,1,"[959.6468, 880.0, 1016.7104, 987.7666, 1046.5023, 905.786, 932.3275]",2 6 7 1 4 3 5,3 1 2 4 5 6 7,3 1 2 4 5 6 7,0,-0.1429,waveform,data/audio/pitchbench_d6_pitch_ranking/960hz-880hz-1017hz-988hz-1047hz-906hz-932hz_sawtooth_rank_n7_dur5000ms_reg_t1.wav,960hz-880hz-1017hz-988hz-1047hz-906hz-932hz_sawtooth_rank_n7_dur5000ms_reg_t1.wav,"7 tones play one after another, separated by brief silences. Rank them from lowest pitch to highest pitch. Reply with ONLY the order as positions (1..7), space-separated, e.g. ""7 6 5 4 3 2 1"" means the 7th tone played is lowest and the 1st is highest."
triangle,1000,7,regular,A3,50,1,"[226.4465, 220.0, 246.9417, 233.0819, 254.1776, 239.9117, 261.6256]",2 1 4 6 3 5 7,1 2 3 4 5 6 7,1 2 3 4 5 6 7,0,0.619,waveform,data/audio/pitchbench_d6_pitch_ranking/226hz-220hz-247hz-233hz-254hz-240hz-262hz_triangle_rank_n7_dur1000ms_reg_t1.wav,226hz-220hz-247hz-233hz-254hz-240hz-262hz_triangle_rank_n7_dur1000ms_reg_t1.wav,"7 tones play one after another, separated by brief silences. Rank them from lowest pitch to highest pitch. Reply with ONLY the order as positions (1..7), space-separated, e.g. ""7 6 5 4 3 2 1"" means the 7th tone played is lowest and the 1st is highest."
square,5000,7,regular,A5,50,0,"[1046.5023, 1016.7104, 987.7666, 880.0, 905.786, 932.3275, 959.6468]",4 5 6 7 3 2 1,The order from lowest pitch to highest pitch is: 1 2 3 4 5 6 7,1 2 3 4 5 6 7,0,-0.4286,waveform,data/audio/pitchbench_d6_pitch_ranking/1047hz-1017hz-988hz-880hz-906hz-932hz-960hz_square_rank_n7_dur5000ms_reg_t0.wav,1047hz-1017hz-988hz-880hz-906hz-932hz-960hz_square_rank_n7_dur5000ms_reg_t0.wav,"7 tones play one after another, separated by brief silences. Rank them from lowest pitch to highest pitch. Reply with ONLY the order as positions (1..7), space-separated, e.g. ""7 6 5 4 3 2 1"" means the 7th tone played is lowest and the 1st is highest."
square,5000,7,regular,A4,50,2,"[508.3552, 466.1638, 523.2511, 440.0, 493.8833, 479.8234, 452.893]",4 7 2 6 5 1 3,The order from lowest pitch to highest pitch is: 1 2 3 4 5 6 7,1 2 3 4 5 6 7,0,-0.3333,waveform,data/audio/pitchbench_d6_pitch_ranking/508hz-466hz-523hz-440hz-494hz-480hz-453hz_square_rank_n7_dur5000ms_reg_t2.wav,508hz-466hz-523hz-440hz-494hz-480hz-453hz_square_rank_n7_dur5000ms_reg_t2.wav,"7 tones play one after another, separated by brief silences. Rank them from lowest pitch to highest pitch. Reply with ONLY the order as positions (1..7), space-separated, e.g. ""7 6 5 4 3 2 1"" means the 7th tone played is lowest and the 1st is highest."
sawtooth,5000,7,regular,A4,50,2,"[452.893, 508.3552, 479.8234, 493.8833, 523.2511, 440.0, 466.1638]",6 1 7 3 4 2 5,3 1 2 4 5 6 7,3 1 2 4 5 6 7,0,-0.0476,waveform,data/audio/pitchbench_d6_pitch_ranking/453hz-508hz-480hz-494hz-523hz-440hz-466hz_sawtooth_rank_n7_dur5000ms_reg_t2.wav,453hz-508hz-480hz-494hz-523hz-440hz-466hz_sawtooth_rank_n7_dur5000ms_reg_t2.wav,"7 tones play one after another, separated by brief silences. Rank them from lowest pitch to highest pitch. Reply with ONLY the order as positions (1..7), space-separated, e.g. ""7 6 5 4 3 2 1"" means the 7th tone played is lowest and the 1st is highest."
