experiment,model,n_samples,metric,value
pitchbench_a1_single_pitch_id,audio_flamingo_next_instruct,1159,condition_n,1159.0
pitchbench_a2_single_pitch_by_loudness,audio_flamingo_next_instruct,200,condition_n,200.0
pitchbench_a3_single_pitch_by_duration,audio_flamingo_next_instruct,210,condition_n,210.0
pitchbench_b1_single_pitch_within_silence,audio_flamingo_next_instruct,160,condition_n,160.0
pitchbench_b1_single_pitch_within_silence,audio_flamingo_next_instruct,160,baseline_n,0.0
pitchbench_b2_pitch_at_timestamp,audio_flamingo_next_instruct,150,condition_n,150.0
pitchbench_b3_timestamp_single_pitch,audio_flamingo_next_instruct,160,condition_n,160.0
pitchbench_b4_timestamp_specific_pitch,audio_flamingo_next_instruct,120,condition_n,120.0
pitchbench_b5_timestamp_multiple_pitches,audio_flamingo_next_instruct,120,condition_n,120.0
pitchbench_c1_chord_count_pitches,audio_flamingo_next_instruct,228,condition_n,228.0
pitchbench_c2_chord_dyad_interval,audio_flamingo_next_instruct,232,condition_n,232.0
pitchbench_c3_chord_quality,audio_flamingo_next_instruct,192,condition_n,192.0
pitchbench_c4_chord_pitches,audio_flamingo_next_instruct,200,condition_n,200.0
pitchbench_d1_sequence_count_pitches,audio_flamingo_next_instruct,140,condition_n,140.0
pitchbench_d2_dyad_lower_higher_difference,audio_flamingo_next_instruct,132,condition_n,132.0
pitchbench_d3_contour_discrete,audio_flamingo_next_instruct,180,condition_n,180.0
pitchbench_d4_contour_continuous,audio_flamingo_next_instruct,160,condition_n,160.0
pitchbench_d5_sequence_ranking_by_pitch,audio_flamingo_next_instruct,120,condition_n,120.0
pitchbench_d6_sequence_dyad_interval,audio_flamingo_next_instruct,236,condition_n,236.0
pitchbench_d7a_pitch_with_reference,audio_flamingo_next_instruct,130,condition_n,130.0
pitchbench_d7a_pitch_with_reference,audio_flamingo_next_instruct,130,baseline_n,0.0
pitchbench_d8_sequence_pitches,audio_flamingo_next_instruct,171,condition_n,171.0
pitchbench_e1_audio_effects,audio_flamingo_next_instruct,240,condition_n,240.0
pitchbench_e2_background,audio_flamingo_next_instruct,240,condition_n,240.0
pitchbench_e3_harmonic_saturation,audio_flamingo_next_instruct,120,condition_n,120.0
pitchbench_e4_time_stretching,audio_flamingo_next_instruct,192,condition_n,192.0
pitchbench_e5_vibrato,audio_flamingo_next_instruct,160,condition_n,160.0
pitchbench_e5_vibrato,audio_flamingo_next_instruct,160,baseline_n,0.0
pitchbench_e6_slightly_off,audio_flamingo_next_instruct,160,condition_n,160.0
pitchbench_e6_slightly_off,audio_flamingo_next_instruct,160,baseline_n,0.0
pitchbench_f1_melodic_line_atonal,audio_flamingo_next_instruct,130,condition_n,130.0
pitchbench_f2_melodic_line_tonal,audio_flamingo_next_instruct,160,condition_n,160.0
pitchbench_y1_single_pitch_id_mcq,audio_flamingo_next_instruct,165,condition_n,165.0
