condition,ref_midi,interval,source,source_type,midi_gt,midi_pred,midi_correct,midi_within_1,midi_pc_correct,midi_octave_correct,spn_gt,spn_pred,spn_correct,spn_pc_correct,spn_octave_correct,doremi_gt,doremi_pred,doremi_correct,hz_correct,any_correct,raw_midi,raw_spn,raw_doremi,raw_hz,audio_url,audio_file,prompt_midi,prompt_spn,prompt_doremi,prompt_hz
anchored,69,-12,sine,waveform,57,72,0,0,0,0,A3,A5,0,1,0,la,la#,0,0,0,72,A5,Bb,880.0,/home/hsnu2/PitchBench/data/analysis_audio/pitchbench_d7a_pitch_with_reference/A4-A3_sine_seq_5000ms_500msgap.wav,A4-A3_sine_seq_5000ms_500msgap.wav,You will hear two tones separated by a silence. The FIRST tone is MIDI note 69. What is the MIDI note number of the SECOND tone? Reply with ONLY the integer.,"You will hear two tones separated by a silence. The FIRST tone is A4. What is the note name and octave of the SECOND tone, e.g. C4, F#3? Reply with ONLY the note name in Scientific Pitch Notation.",You will hear two tones separated by a silence. The FIRST tone is 'la' (fixed-do: do=C re=D mi=E fa=F sol=G la=A si=B). What is the solfège syllable and accidental (if needed) of the SECOND tone? Reply with ONLY the syllable and accidental.,You will hear two tones separated by a silence. The FIRST tone is 440.00 Hz. What is the pitch frequency of the SECOND tone in Hertz? Reply with ONLY a number (the frequency in Hz).
anchored,69,-12,cello,instrument,57,71,0,0,0,0,A3,A5,0,1,0,la,la#,0,0,0,71,A5,Bb,830.61,/home/hsnu2/PitchBench/data/analysis_audio/pitchbench_d7a_pitch_with_reference/A4-A3_cello_seq_5000ms_500msgap.wav,A4-A3_cello_seq_5000ms_500msgap.wav,You will hear two tones separated by a silence. The FIRST tone is MIDI note 69. What is the MIDI note number of the SECOND tone? Reply with ONLY the integer.,"You will hear two tones separated by a silence. The FIRST tone is A4. What is the note name and octave of the SECOND tone, e.g. C4, F#3? Reply with ONLY the note name in Scientific Pitch Notation.",You will hear two tones separated by a silence. The FIRST tone is 'la' (fixed-do: do=C re=D mi=E fa=F sol=G la=A si=B). What is the solfège syllable and accidental (if needed) of the SECOND tone? Reply with ONLY the syllable and accidental.,You will hear two tones separated by a silence. The FIRST tone is 440.00 Hz. What is the pitch frequency of the SECOND tone in Hertz? Reply with ONLY a number (the frequency in Hz).
anchored,69,-7,sine,waveform,62,72,0,0,0,0,D4,A5,0,0,0,re,la#,0,0,0,72,A5,Bb,880.0,/home/hsnu2/PitchBench/data/analysis_audio/pitchbench_d7a_pitch_with_reference/A4-D4_sine_seq_5000ms_500msgap.wav,A4-D4_sine_seq_5000ms_500msgap.wav,You will hear two tones separated by a silence. The FIRST tone is MIDI note 69. What is the MIDI note number of the SECOND tone? Reply with ONLY the integer.,"You will hear two tones separated by a silence. The FIRST tone is A4. What is the note name and octave of the SECOND tone, e.g. C4, F#3? Reply with ONLY the note name in Scientific Pitch Notation.",You will hear two tones separated by a silence. The FIRST tone is 'la' (fixed-do: do=C re=D mi=E fa=F sol=G la=A si=B). What is the solfège syllable and accidental (if needed) of the SECOND tone? Reply with ONLY the syllable and accidental.,You will hear two tones separated by a silence. The FIRST tone is 440.00 Hz. What is the pitch frequency of the SECOND tone in Hertz? Reply with ONLY a number (the frequency in Hz).
anchored,69,-7,cello,instrument,62,71,0,0,0,1,D4,A5,0,0,0,re,la#,0,0,0,71,A5,Bb,880.0,/home/hsnu2/PitchBench/data/analysis_audio/pitchbench_d7a_pitch_with_reference/A4-D4_cello_seq_5000ms_500msgap.wav,A4-D4_cello_seq_5000ms_500msgap.wav,You will hear two tones separated by a silence. The FIRST tone is MIDI note 69. What is the MIDI note number of the SECOND tone? Reply with ONLY the integer.,"You will hear two tones separated by a silence. The FIRST tone is A4. What is the note name and octave of the SECOND tone, e.g. C4, F#3? Reply with ONLY the note name in Scientific Pitch Notation.",You will hear two tones separated by a silence. The FIRST tone is 'la' (fixed-do: do=C re=D mi=E fa=F sol=G la=A si=B). What is the solfège syllable and accidental (if needed) of the SECOND tone? Reply with ONLY the syllable and accidental.,You will hear two tones separated by a silence. The FIRST tone is 440.00 Hz. What is the pitch frequency of the SECOND tone in Hertz? Reply with ONLY a number (the frequency in Hz).
anchored,69,-5,synth_lead,instrument,64,71,0,0,0,1,E4,A5,0,0,0,mi,la#,0,0,0,71,A5,Bb,880.0,/home/hsnu2/PitchBench/data/analysis_audio/pitchbench_d7a_pitch_with_reference/A4-E4_synth_lead_seq_5000ms_500msgap.wav,A4-E4_synth_lead_seq_5000ms_500msgap.wav,You will hear two tones separated by a silence. The FIRST tone is MIDI note 69. What is the MIDI note number of the SECOND tone? Reply with ONLY the integer.,"You will hear two tones separated by a silence. The FIRST tone is A4. What is the note name and octave of the SECOND tone, e.g. C4, F#3? Reply with ONLY the note name in Scientific Pitch Notation.",You will hear two tones separated by a silence. The FIRST tone is 'la' (fixed-do: do=C re=D mi=E fa=F sol=G la=A si=B). What is the solfège syllable and accidental (if needed) of the SECOND tone? Reply with ONLY the syllable and accidental.,You will hear two tones separated by a silence. The FIRST tone is 440.00 Hz. What is the pitch frequency of the SECOND tone in Hertz? Reply with ONLY a number (the frequency in Hz).
anchored,69,-5,voice,instrument,64,72,0,0,0,0,E4,A5,0,0,0,mi,sol#,0,0,0,72,A5,G#,880.0,/home/hsnu2/PitchBench/data/analysis_audio/pitchbench_d7a_pitch_with_reference/A4-E4_voice_seq_5000ms_500msgap.wav,A4-E4_voice_seq_5000ms_500msgap.wav,You will hear two tones separated by a silence. The FIRST tone is MIDI note 69. What is the MIDI note number of the SECOND tone? Reply with ONLY the integer.,"You will hear two tones separated by a silence. The FIRST tone is A4. What is the note name and octave of the SECOND tone, e.g. C4, F#3? Reply with ONLY the note name in Scientific Pitch Notation.",You will hear two tones separated by a silence. The FIRST tone is 'la' (fixed-do: do=C re=D mi=E fa=F sol=G la=A si=B). What is the solfège syllable and accidental (if needed) of the SECOND tone? Reply with ONLY the syllable and accidental.,You will hear two tones separated by a silence. The FIRST tone is 440.00 Hz. What is the pitch frequency of the SECOND tone in Hertz? Reply with ONLY a number (the frequency in Hz).
anchored,69,-4,cello,instrument,65,71,0,0,0,1,F4,A5,0,0,0,fa,la#,0,0,0,71,A5,Bb,880.0,/home/hsnu2/PitchBench/data/analysis_audio/pitchbench_d7a_pitch_with_reference/A4-F4_cello_seq_5000ms_500msgap.wav,A4-F4_cello_seq_5000ms_500msgap.wav,You will hear two tones separated by a silence. The FIRST tone is MIDI note 69. What is the MIDI note number of the SECOND tone? Reply with ONLY the integer.,"You will hear two tones separated by a silence. The FIRST tone is A4. What is the note name and octave of the SECOND tone, e.g. C4, F#3? Reply with ONLY the note name in Scientific Pitch Notation.",You will hear two tones separated by a silence. The FIRST tone is 'la' (fixed-do: do=C re=D mi=E fa=F sol=G la=A si=B). What is the solfège syllable and accidental (if needed) of the SECOND tone? Reply with ONLY the syllable and accidental.,You will hear two tones separated by a silence. The FIRST tone is 440.00 Hz. What is the pitch frequency of the SECOND tone in Hertz? Reply with ONLY a number (the frequency in Hz).
anchored,69,-4,voice,instrument,65,72,0,0,0,0,F4,A5,0,0,0,fa,sol#,0,0,0,72,A5,G#,880.0,/home/hsnu2/PitchBench/data/analysis_audio/pitchbench_d7a_pitch_with_reference/A4-F4_voice_seq_5000ms_500msgap.wav,A4-F4_voice_seq_5000ms_500msgap.wav,You will hear two tones separated by a silence. The FIRST tone is MIDI note 69. What is the MIDI note number of the SECOND tone? Reply with ONLY the integer.,"You will hear two tones separated by a silence. The FIRST tone is A4. What is the note name and octave of the SECOND tone, e.g. C4, F#3? Reply with ONLY the note name in Scientific Pitch Notation.",You will hear two tones separated by a silence. The FIRST tone is 'la' (fixed-do: do=C re=D mi=E fa=F sol=G la=A si=B). What is the solfège syllable and accidental (if needed) of the SECOND tone? Reply with ONLY the syllable and accidental.,You will hear two tones separated by a silence. The FIRST tone is 440.00 Hz. What is the pitch frequency of the SECOND tone in Hertz? Reply with ONLY a number (the frequency in Hz).
anchored,69,-3,synth_lead,instrument,66,71,0,0,0,1,F#4,A5,0,0,0,fa#,la#,0,0,0,71,A5,Bb,880.0,/home/hsnu2/PitchBench/data/analysis_audio/pitchbench_d7a_pitch_with_reference/A4-Fs4_synth_lead_seq_5000ms_500msgap.wav,A4-Fs4_synth_lead_seq_5000ms_500msgap.wav,You will hear two tones separated by a silence. The FIRST tone is MIDI note 69. What is the MIDI note number of the SECOND tone? Reply with ONLY the integer.,"You will hear two tones separated by a silence. The FIRST tone is A4. What is the note name and octave of the SECOND tone, e.g. C4, F#3? Reply with ONLY the note name in Scientific Pitch Notation.",You will hear two tones separated by a silence. The FIRST tone is 'la' (fixed-do: do=C re=D mi=E fa=F sol=G la=A si=B). What is the solfège syllable and accidental (if needed) of the SECOND tone? Reply with ONLY the syllable and accidental.,You will hear two tones separated by a silence. The FIRST tone is 440.00 Hz. What is the pitch frequency of the SECOND tone in Hertz? Reply with ONLY a number (the frequency in Hz).
anchored,69,-3,flute,instrument,66,71,0,0,0,1,F#4,A5,0,0,0,fa#,la#,0,0,0,71,A5,Bb,261.63,/home/hsnu2/PitchBench/data/analysis_audio/pitchbench_d7a_pitch_with_reference/A4-Fs4_flute_seq_5000ms_500msgap.wav,A4-Fs4_flute_seq_5000ms_500msgap.wav,You will hear two tones separated by a silence. The FIRST tone is MIDI note 69. What is the MIDI note number of the SECOND tone? Reply with ONLY the integer.,"You will hear two tones separated by a silence. The FIRST tone is A4. What is the note name and octave of the SECOND tone, e.g. C4, F#3? Reply with ONLY the note name in Scientific Pitch Notation.",You will hear two tones separated by a silence. The FIRST tone is 'la' (fixed-do: do=C re=D mi=E fa=F sol=G la=A si=B). What is the solfège syllable and accidental (if needed) of the SECOND tone? Reply with ONLY the syllable and accidental.,You will hear two tones separated by a silence. The FIRST tone is 440.00 Hz. What is the pitch frequency of the SECOND tone in Hertz? Reply with ONLY a number (the frequency in Hz).
anchored,69,-1,flute,instrument,68,71,0,0,0,1,G#4,A5,0,0,0,sol#,la#,0,0,0,71,A5,Bb,880.0,/home/hsnu2/PitchBench/data/analysis_audio/pitchbench_d7a_pitch_with_reference/A4-Gs4_flute_seq_5000ms_500msgap.wav,A4-Gs4_flute_seq_5000ms_500msgap.wav,You will hear two tones separated by a silence. The FIRST tone is MIDI note 69. What is the MIDI note number of the SECOND tone? Reply with ONLY the integer.,"You will hear two tones separated by a silence. The FIRST tone is A4. What is the note name and octave of the SECOND tone, e.g. C4, F#3? Reply with ONLY the note name in Scientific Pitch Notation.",You will hear two tones separated by a silence. The FIRST tone is 'la' (fixed-do: do=C re=D mi=E fa=F sol=G la=A si=B). What is the solfège syllable and accidental (if needed) of the SECOND tone? Reply with ONLY the syllable and accidental.,You will hear two tones separated by a silence. The FIRST tone is 440.00 Hz. What is the pitch frequency of the SECOND tone in Hertz? Reply with ONLY a number (the frequency in Hz).
anchored,69,-1,piano,instrument,68,71,0,0,0,1,G#4,A5,0,0,0,sol#,la#,0,0,0,71,A5,Bb,830.61,/home/hsnu2/PitchBench/data/analysis_audio/pitchbench_d7a_pitch_with_reference/A4-Gs4_piano_seq_5000ms_500msgap.wav,A4-Gs4_piano_seq_5000ms_500msgap.wav,You will hear two tones separated by a silence. The FIRST tone is MIDI note 69. What is the MIDI note number of the SECOND tone? Reply with ONLY the integer.,"You will hear two tones separated by a silence. The FIRST tone is A4. What is the note name and octave of the SECOND tone, e.g. C4, F#3? Reply with ONLY the note name in Scientific Pitch Notation.",You will hear two tones separated by a silence. The FIRST tone is 'la' (fixed-do: do=C re=D mi=E fa=F sol=G la=A si=B). What is the solfège syllable and accidental (if needed) of the SECOND tone? Reply with ONLY the syllable and accidental.,You will hear two tones separated by a silence. The FIRST tone is 440.00 Hz. What is the pitch frequency of the SECOND tone in Hertz? Reply with ONLY a number (the frequency in Hz).
anchored,69,0,sine,waveform,69,71,0,0,0,1,A4,A5,0,1,0,la,la#,0,0,0,71,A5,Bb,880.0,/home/hsnu2/PitchBench/data/analysis_audio/pitchbench_d7a_pitch_with_reference/A4-A4_sine_seq_5000ms_500msgap.wav,A4-A4_sine_seq_5000ms_500msgap.wav,You will hear two tones separated by a silence. The FIRST tone is MIDI note 69. What is the MIDI note number of the SECOND tone? Reply with ONLY the integer.,"You will hear two tones separated by a silence. The FIRST tone is A4. What is the note name and octave of the SECOND tone, e.g. C4, F#3? Reply with ONLY the note name in Scientific Pitch Notation.",You will hear two tones separated by a silence. The FIRST tone is 'la' (fixed-do: do=C re=D mi=E fa=F sol=G la=A si=B). What is the solfège syllable and accidental (if needed) of the SECOND tone? Reply with ONLY the syllable and accidental.,You will hear two tones separated by a silence. The FIRST tone is 440.00 Hz. What is the pitch frequency of the SECOND tone in Hertz? Reply with ONLY a number (the frequency in Hz).
anchored,69,0,flute,instrument,69,71,0,0,0,1,A4,A5,0,1,0,la,la#,0,0,0,71,A5,Bb,261.63,/home/hsnu2/PitchBench/data/analysis_audio/pitchbench_d7a_pitch_with_reference/A4-A4_flute_seq_5000ms_500msgap.wav,A4-A4_flute_seq_5000ms_500msgap.wav,You will hear two tones separated by a silence. The FIRST tone is MIDI note 69. What is the MIDI note number of the SECOND tone? Reply with ONLY the integer.,"You will hear two tones separated by a silence. The FIRST tone is A4. What is the note name and octave of the SECOND tone, e.g. C4, F#3? Reply with ONLY the note name in Scientific Pitch Notation.",You will hear two tones separated by a silence. The FIRST tone is 'la' (fixed-do: do=C re=D mi=E fa=F sol=G la=A si=B). What is the solfège syllable and accidental (if needed) of the SECOND tone? Reply with ONLY the syllable and accidental.,You will hear two tones separated by a silence. The FIRST tone is 440.00 Hz. What is the pitch frequency of the SECOND tone in Hertz? Reply with ONLY a number (the frequency in Hz).
anchored,69,1,sine,waveform,70,71,0,1,0,1,A#4,A5,0,0,0,la#,la#,1,0,0,71,A5,Bb,880.0,/home/hsnu2/PitchBench/data/analysis_audio/pitchbench_d7a_pitch_with_reference/A4-As4_sine_seq_5000ms_500msgap.wav,A4-As4_sine_seq_5000ms_500msgap.wav,You will hear two tones separated by a silence. The FIRST tone is MIDI note 69. What is the MIDI note number of the SECOND tone? Reply with ONLY the integer.,"You will hear two tones separated by a silence. The FIRST tone is A4. What is the note name and octave of the SECOND tone, e.g. C4, F#3? Reply with ONLY the note name in Scientific Pitch Notation.",You will hear two tones separated by a silence. The FIRST tone is 'la' (fixed-do: do=C re=D mi=E fa=F sol=G la=A si=B). What is the solfège syllable and accidental (if needed) of the SECOND tone? Reply with ONLY the syllable and accidental.,You will hear two tones separated by a silence. The FIRST tone is 440.00 Hz. What is the pitch frequency of the SECOND tone in Hertz? Reply with ONLY a number (the frequency in Hz).
anchored,69,1,cello,instrument,70,71,0,1,0,1,A#4,A5,0,0,0,la#,la#,1,0,0,71,A5,Bb,880.0,/home/hsnu2/PitchBench/data/analysis_audio/pitchbench_d7a_pitch_with_reference/A4-As4_cello_seq_5000ms_500msgap.wav,A4-As4_cello_seq_5000ms_500msgap.wav,You will hear two tones separated by a silence. The FIRST tone is MIDI note 69. What is the MIDI note number of the SECOND tone? Reply with ONLY the integer.,"You will hear two tones separated by a silence. The FIRST tone is A4. What is the note name and octave of the SECOND tone, e.g. C4, F#3? Reply with ONLY the note name in Scientific Pitch Notation.",You will hear two tones separated by a silence. The FIRST tone is 'la' (fixed-do: do=C re=D mi=E fa=F sol=G la=A si=B). What is the solfège syllable and accidental (if needed) of the SECOND tone? Reply with ONLY the syllable and accidental.,You will hear two tones separated by a silence. The FIRST tone is 440.00 Hz. What is the pitch frequency of the SECOND tone in Hertz? Reply with ONLY a number (the frequency in Hz).
anchored,69,3,sine,waveform,72,71,0,1,0,0,C5,A5,0,0,1,do,la#,0,0,0,71,A5,Bb,880.0,/home/hsnu2/PitchBench/data/analysis_audio/pitchbench_d7a_pitch_with_reference/A4-C5_sine_seq_5000ms_500msgap.wav,A4-C5_sine_seq_5000ms_500msgap.wav,You will hear two tones separated by a silence. The FIRST tone is MIDI note 69. What is the MIDI note number of the SECOND tone? Reply with ONLY the integer.,"You will hear two tones separated by a silence. The FIRST tone is A4. What is the note name and octave of the SECOND tone, e.g. C4, F#3? Reply with ONLY the note name in Scientific Pitch Notation.",You will hear two tones separated by a silence. The FIRST tone is 'la' (fixed-do: do=C re=D mi=E fa=F sol=G la=A si=B). What is the solfège syllable and accidental (if needed) of the SECOND tone? Reply with ONLY the syllable and accidental.,You will hear two tones separated by a silence. The FIRST tone is 440.00 Hz. What is the pitch frequency of the SECOND tone in Hertz? Reply with ONLY a number (the frequency in Hz).
anchored,69,3,cello,instrument,72,71,0,1,0,0,C5,A5,0,0,1,do,la#,0,0,0,71,A5,Bb,880.0,/home/hsnu2/PitchBench/data/analysis_audio/pitchbench_d7a_pitch_with_reference/A4-C5_cello_seq_5000ms_500msgap.wav,A4-C5_cello_seq_5000ms_500msgap.wav,You will hear two tones separated by a silence. The FIRST tone is MIDI note 69. What is the MIDI note number of the SECOND tone? Reply with ONLY the integer.,"You will hear two tones separated by a silence. The FIRST tone is A4. What is the note name and octave of the SECOND tone, e.g. C4, F#3? Reply with ONLY the note name in Scientific Pitch Notation.",You will hear two tones separated by a silence. The FIRST tone is 'la' (fixed-do: do=C re=D mi=E fa=F sol=G la=A si=B). What is the solfège syllable and accidental (if needed) of the SECOND tone? Reply with ONLY the syllable and accidental.,You will hear two tones separated by a silence. The FIRST tone is 440.00 Hz. What is the pitch frequency of the SECOND tone in Hertz? Reply with ONLY a number (the frequency in Hz).
anchored,69,4,flute,instrument,73,71,0,0,0,0,C#5,A5,0,0,1,do#,la#,0,0,0,71,A5,Bb,880.0,/home/hsnu2/PitchBench/data/analysis_audio/pitchbench_d7a_pitch_with_reference/A4-Cs5_flute_seq_5000ms_500msgap.wav,A4-Cs5_flute_seq_5000ms_500msgap.wav,You will hear two tones separated by a silence. The FIRST tone is MIDI note 69. What is the MIDI note number of the SECOND tone? Reply with ONLY the integer.,"You will hear two tones separated by a silence. The FIRST tone is A4. What is the note name and octave of the SECOND tone, e.g. C4, F#3? Reply with ONLY the note name in Scientific Pitch Notation.",You will hear two tones separated by a silence. The FIRST tone is 'la' (fixed-do: do=C re=D mi=E fa=F sol=G la=A si=B). What is the solfège syllable and accidental (if needed) of the SECOND tone? Reply with ONLY the syllable and accidental.,You will hear two tones separated by a silence. The FIRST tone is 440.00 Hz. What is the pitch frequency of the SECOND tone in Hertz? Reply with ONLY a number (the frequency in Hz).
anchored,69,4,voice,instrument,73,72,0,1,0,1,C#5,A5,0,0,1,do#,la#,0,0,0,72,A5,Bb,880.0,/home/hsnu2/PitchBench/data/analysis_audio/pitchbench_d7a_pitch_with_reference/A4-Cs5_voice_seq_5000ms_500msgap.wav,A4-Cs5_voice_seq_5000ms_500msgap.wav,You will hear two tones separated by a silence. The FIRST tone is MIDI note 69. What is the MIDI note number of the SECOND tone? Reply with ONLY the integer.,"You will hear two tones separated by a silence. The FIRST tone is A4. What is the note name and octave of the SECOND tone, e.g. C4, F#3? Reply with ONLY the note name in Scientific Pitch Notation.",You will hear two tones separated by a silence. The FIRST tone is 'la' (fixed-do: do=C re=D mi=E fa=F sol=G la=A si=B). What is the solfège syllable and accidental (if needed) of the SECOND tone? Reply with ONLY the syllable and accidental.,You will hear two tones separated by a silence. The FIRST tone is 440.00 Hz. What is the pitch frequency of the SECOND tone in Hertz? Reply with ONLY a number (the frequency in Hz).
anchored,69,5,sine,waveform,74,71,0,0,0,0,D5,A5,0,0,1,re,la#,0,0,0,71,A5,Bb,880.0,/home/hsnu2/PitchBench/data/analysis_audio/pitchbench_d7a_pitch_with_reference/A4-D5_sine_seq_5000ms_500msgap.wav,A4-D5_sine_seq_5000ms_500msgap.wav,You will hear two tones separated by a silence. The FIRST tone is MIDI note 69. What is the MIDI note number of the SECOND tone? Reply with ONLY the integer.,"You will hear two tones separated by a silence. The FIRST tone is A4. What is the note name and octave of the SECOND tone, e.g. C4, F#3? Reply with ONLY the note name in Scientific Pitch Notation.",You will hear two tones separated by a silence. The FIRST tone is 'la' (fixed-do: do=C re=D mi=E fa=F sol=G la=A si=B). What is the solfège syllable and accidental (if needed) of the SECOND tone? Reply with ONLY the syllable and accidental.,You will hear two tones separated by a silence. The FIRST tone is 440.00 Hz. What is the pitch frequency of the SECOND tone in Hertz? Reply with ONLY a number (the frequency in Hz).
anchored,69,5,piano,instrument,74,71,0,0,0,0,D5,A5,0,0,1,re,la#,0,0,0,71,A5,Bb,880.0,/home/hsnu2/PitchBench/data/analysis_audio/pitchbench_d7a_pitch_with_reference/A4-D5_piano_seq_5000ms_500msgap.wav,A4-D5_piano_seq_5000ms_500msgap.wav,You will hear two tones separated by a silence. The FIRST tone is MIDI note 69. What is the MIDI note number of the SECOND tone? Reply with ONLY the integer.,"You will hear two tones separated by a silence. The FIRST tone is A4. What is the note name and octave of the SECOND tone, e.g. C4, F#3? Reply with ONLY the note name in Scientific Pitch Notation.",You will hear two tones separated by a silence. The FIRST tone is 'la' (fixed-do: do=C re=D mi=E fa=F sol=G la=A si=B). What is the solfège syllable and accidental (if needed) of the SECOND tone? Reply with ONLY the syllable and accidental.,You will hear two tones separated by a silence. The FIRST tone is 440.00 Hz. What is the pitch frequency of the SECOND tone in Hertz? Reply with ONLY a number (the frequency in Hz).
anchored,69,7,sine,waveform,76,72,0,0,0,1,E5,A5,0,0,1,mi,la#,0,0,0,72,A5,Bb,880.0,/home/hsnu2/PitchBench/data/analysis_audio/pitchbench_d7a_pitch_with_reference/A4-E5_sine_seq_5000ms_500msgap.wav,A4-E5_sine_seq_5000ms_500msgap.wav,You will hear two tones separated by a silence. The FIRST tone is MIDI note 69. What is the MIDI note number of the SECOND tone? Reply with ONLY the integer.,"You will hear two tones separated by a silence. The FIRST tone is A4. What is the note name and octave of the SECOND tone, e.g. C4, F#3? Reply with ONLY the note name in Scientific Pitch Notation.",You will hear two tones separated by a silence. The FIRST tone is 'la' (fixed-do: do=C re=D mi=E fa=F sol=G la=A si=B). What is the solfège syllable and accidental (if needed) of the SECOND tone? Reply with ONLY the syllable and accidental.,You will hear two tones separated by a silence. The FIRST tone is 440.00 Hz. What is the pitch frequency of the SECOND tone in Hertz? Reply with ONLY a number (the frequency in Hz).
anchored,69,7,flute,instrument,76,71,0,0,0,0,E5,A5,0,0,1,mi,la#,0,0,0,71,A5,Bb,880.0,/home/hsnu2/PitchBench/data/analysis_audio/pitchbench_d7a_pitch_with_reference/A4-E5_flute_seq_5000ms_500msgap.wav,A4-E5_flute_seq_5000ms_500msgap.wav,You will hear two tones separated by a silence. The FIRST tone is MIDI note 69. What is the MIDI note number of the SECOND tone? Reply with ONLY the integer.,"You will hear two tones separated by a silence. The FIRST tone is A4. What is the note name and octave of the SECOND tone, e.g. C4, F#3? Reply with ONLY the note name in Scientific Pitch Notation.",You will hear two tones separated by a silence. The FIRST tone is 'la' (fixed-do: do=C re=D mi=E fa=F sol=G la=A si=B). What is the solfège syllable and accidental (if needed) of the SECOND tone? Reply with ONLY the syllable and accidental.,You will hear two tones separated by a silence. The FIRST tone is 440.00 Hz. What is the pitch frequency of the SECOND tone in Hertz? Reply with ONLY a number (the frequency in Hz).
anchored,69,12,cello,instrument,81,71,0,0,0,0,A5,A5,1,1,1,la,la#,0,1,1,71,A5,Bb,880.0,/home/hsnu2/PitchBench/data/analysis_audio/pitchbench_d7a_pitch_with_reference/A4-A5_cello_seq_5000ms_500msgap.wav,A4-A5_cello_seq_5000ms_500msgap.wav,You will hear two tones separated by a silence. The FIRST tone is MIDI note 69. What is the MIDI note number of the SECOND tone? Reply with ONLY the integer.,"You will hear two tones separated by a silence. The FIRST tone is A4. What is the note name and octave of the SECOND tone, e.g. C4, F#3? Reply with ONLY the note name in Scientific Pitch Notation.",You will hear two tones separated by a silence. The FIRST tone is 'la' (fixed-do: do=C re=D mi=E fa=F sol=G la=A si=B). What is the solfège syllable and accidental (if needed) of the SECOND tone? Reply with ONLY the syllable and accidental.,You will hear two tones separated by a silence. The FIRST tone is 440.00 Hz. What is the pitch frequency of the SECOND tone in Hertz? Reply with ONLY a number (the frequency in Hz).
anchored,69,12,piano,instrument,81,71,0,0,0,0,A5,A5,1,1,1,la,sol#,0,1,1,71,A5,G#,880.0,/home/hsnu2/PitchBench/data/analysis_audio/pitchbench_d7a_pitch_with_reference/A4-A5_piano_seq_5000ms_500msgap.wav,A4-A5_piano_seq_5000ms_500msgap.wav,You will hear two tones separated by a silence. The FIRST tone is MIDI note 69. What is the MIDI note number of the SECOND tone? Reply with ONLY the integer.,"You will hear two tones separated by a silence. The FIRST tone is A4. What is the note name and octave of the SECOND tone, e.g. C4, F#3? Reply with ONLY the note name in Scientific Pitch Notation.",You will hear two tones separated by a silence. The FIRST tone is 'la' (fixed-do: do=C re=D mi=E fa=F sol=G la=A si=B). What is the solfège syllable and accidental (if needed) of the SECOND tone? Reply with ONLY the syllable and accidental.,You will hear two tones separated by a silence. The FIRST tone is 440.00 Hz. What is the pitch frequency of the SECOND tone in Hertz? Reply with ONLY a number (the frequency in Hz).
anchored,53,-12,sine,waveform,41,60,0,0,0,0,F2,F2,1,1,1,fa,sol#,0,0,1,60,F2,G#,208.35,/home/hsnu2/PitchBench/data/analysis_audio/pitchbench_d7a_pitch_with_reference/F3-F2_sine_seq_5000ms_500msgap.wav,F3-F2_sine_seq_5000ms_500msgap.wav,You will hear two tones separated by a silence. The FIRST tone is MIDI note 53. What is the MIDI note number of the SECOND tone? Reply with ONLY the integer.,"You will hear two tones separated by a silence. The FIRST tone is F3. What is the note name and octave of the SECOND tone, e.g. C4, F#3? Reply with ONLY the note name in Scientific Pitch Notation.",You will hear two tones separated by a silence. The FIRST tone is 'fa' (fixed-do: do=C re=D mi=E fa=F sol=G la=A si=B). What is the solfège syllable and accidental (if needed) of the SECOND tone? Reply with ONLY the syllable and accidental.,You will hear two tones separated by a silence. The FIRST tone is 174.61 Hz. What is the pitch frequency of the SECOND tone in Hertz? Reply with ONLY a number (the frequency in Hz).
anchored,53,-12,cello,instrument,41,60,0,0,0,0,F2,F2,1,1,1,fa,sol#,0,0,1,60,F2,G#,250,/home/hsnu2/PitchBench/data/analysis_audio/pitchbench_d7a_pitch_with_reference/F3-F2_cello_seq_5000ms_500msgap.wav,F3-F2_cello_seq_5000ms_500msgap.wav,You will hear two tones separated by a silence. The FIRST tone is MIDI note 53. What is the MIDI note number of the SECOND tone? Reply with ONLY the integer.,"You will hear two tones separated by a silence. The FIRST tone is F3. What is the note name and octave of the SECOND tone, e.g. C4, F#3? Reply with ONLY the note name in Scientific Pitch Notation.",You will hear two tones separated by a silence. The FIRST tone is 'fa' (fixed-do: do=C re=D mi=E fa=F sol=G la=A si=B). What is the solfège syllable and accidental (if needed) of the SECOND tone? Reply with ONLY the syllable and accidental.,You will hear two tones separated by a silence. The FIRST tone is 174.61 Hz. What is the pitch frequency of the SECOND tone in Hertz? Reply with ONLY a number (the frequency in Hz).
anchored,53,-7,sine,waveform,46,60,0,0,0,0,A#2,F2,0,0,1,la#,sol#,0,0,0,60,F2,G#,208.35,/home/hsnu2/PitchBench/data/analysis_audio/pitchbench_d7a_pitch_with_reference/F3-As2_sine_seq_5000ms_500msgap.wav,F3-As2_sine_seq_5000ms_500msgap.wav,You will hear two tones separated by a silence. The FIRST tone is MIDI note 53. What is the MIDI note number of the SECOND tone? Reply with ONLY the integer.,"You will hear two tones separated by a silence. The FIRST tone is F3. What is the note name and octave of the SECOND tone, e.g. C4, F#3? Reply with ONLY the note name in Scientific Pitch Notation.",You will hear two tones separated by a silence. The FIRST tone is 'fa' (fixed-do: do=C re=D mi=E fa=F sol=G la=A si=B). What is the solfège syllable and accidental (if needed) of the SECOND tone? Reply with ONLY the syllable and accidental.,You will hear two tones separated by a silence. The FIRST tone is 174.61 Hz. What is the pitch frequency of the SECOND tone in Hertz? Reply with ONLY a number (the frequency in Hz).
anchored,53,-7,piano,instrument,46,49,0,0,0,0,A#2,F#3,0,0,0,la#,sol#,0,0,0,49,F#3,G#,250.38,/home/hsnu2/PitchBench/data/analysis_audio/pitchbench_d7a_pitch_with_reference/F3-As2_piano_seq_5000ms_500msgap.wav,F3-As2_piano_seq_5000ms_500msgap.wav,You will hear two tones separated by a silence. The FIRST tone is MIDI note 53. What is the MIDI note number of the SECOND tone? Reply with ONLY the integer.,"You will hear two tones separated by a silence. The FIRST tone is F3. What is the note name and octave of the SECOND tone, e.g. C4, F#3? Reply with ONLY the note name in Scientific Pitch Notation.",You will hear two tones separated by a silence. The FIRST tone is 'fa' (fixed-do: do=C re=D mi=E fa=F sol=G la=A si=B). What is the solfège syllable and accidental (if needed) of the SECOND tone? Reply with ONLY the syllable and accidental.,You will hear two tones separated by a silence. The FIRST tone is 174.61 Hz. What is the pitch frequency of the SECOND tone in Hertz? Reply with ONLY a number (the frequency in Hz).
anchored,53,-5,piano,instrument,48,60,0,0,1,0,C3,F3,0,0,1,do,sol#,0,0,0,60,F3,G#,250.38,/home/hsnu2/PitchBench/data/analysis_audio/pitchbench_d7a_pitch_with_reference/F3-C3_piano_seq_5000ms_500msgap.wav,F3-C3_piano_seq_5000ms_500msgap.wav,You will hear two tones separated by a silence. The FIRST tone is MIDI note 53. What is the MIDI note number of the SECOND tone? Reply with ONLY the integer.,"You will hear two tones separated by a silence. The FIRST tone is F3. What is the note name and octave of the SECOND tone, e.g. C4, F#3? Reply with ONLY the note name in Scientific Pitch Notation.",You will hear two tones separated by a silence. The FIRST tone is 'fa' (fixed-do: do=C re=D mi=E fa=F sol=G la=A si=B). What is the solfège syllable and accidental (if needed) of the SECOND tone? Reply with ONLY the syllable and accidental.,You will hear two tones separated by a silence. The FIRST tone is 174.61 Hz. What is the pitch frequency of the SECOND tone in Hertz? Reply with ONLY a number (the frequency in Hz).
anchored,53,-5,voice,instrument,48,60,0,0,1,0,C3,F2,0,0,0,do,sol#,0,0,0,60,F2,G#,250.38,/home/hsnu2/PitchBench/data/analysis_audio/pitchbench_d7a_pitch_with_reference/F3-C3_voice_seq_5000ms_500msgap.wav,F3-C3_voice_seq_5000ms_500msgap.wav,You will hear two tones separated by a silence. The FIRST tone is MIDI note 53. What is the MIDI note number of the SECOND tone? Reply with ONLY the integer.,"You will hear two tones separated by a silence. The FIRST tone is F3. What is the note name and octave of the SECOND tone, e.g. C4, F#3? Reply with ONLY the note name in Scientific Pitch Notation.",You will hear two tones separated by a silence. The FIRST tone is 'fa' (fixed-do: do=C re=D mi=E fa=F sol=G la=A si=B). What is the solfège syllable and accidental (if needed) of the SECOND tone? Reply with ONLY the syllable and accidental.,You will hear two tones separated by a silence. The FIRST tone is 174.61 Hz. What is the pitch frequency of the SECOND tone in Hertz? Reply with ONLY a number (the frequency in Hz).
anchored,53,-4,sine,waveform,49,60,0,0,0,0,C#3,F2,0,0,0,do#,sol#,0,0,0,60,F2,G#,208.35,/home/hsnu2/PitchBench/data/analysis_audio/pitchbench_d7a_pitch_with_reference/F3-Cs3_sine_seq_5000ms_500msgap.wav,F3-Cs3_sine_seq_5000ms_500msgap.wav,You will hear two tones separated by a silence. The FIRST tone is MIDI note 53. What is the MIDI note number of the SECOND tone? Reply with ONLY the integer.,"You will hear two tones separated by a silence. The FIRST tone is F3. What is the note name and octave of the SECOND tone, e.g. C4, F#3? Reply with ONLY the note name in Scientific Pitch Notation.",You will hear two tones separated by a silence. The FIRST tone is 'fa' (fixed-do: do=C re=D mi=E fa=F sol=G la=A si=B). What is the solfège syllable and accidental (if needed) of the SECOND tone? Reply with ONLY the syllable and accidental.,You will hear two tones separated by a silence. The FIRST tone is 174.61 Hz. What is the pitch frequency of the SECOND tone in Hertz? Reply with ONLY a number (the frequency in Hz).
anchored,53,-4,synth_lead,instrument,49,60,0,0,0,0,C#3,F2,0,0,0,do#,sol#,0,0,0,60,F2,G#,250.38,/home/hsnu2/PitchBench/data/analysis_audio/pitchbench_d7a_pitch_with_reference/F3-Cs3_synth_lead_seq_5000ms_500msgap.wav,F3-Cs3_synth_lead_seq_5000ms_500msgap.wav,You will hear two tones separated by a silence. The FIRST tone is MIDI note 53. What is the MIDI note number of the SECOND tone? Reply with ONLY the integer.,"You will hear two tones separated by a silence. The FIRST tone is F3. What is the note name and octave of the SECOND tone, e.g. C4, F#3? Reply with ONLY the note name in Scientific Pitch Notation.",You will hear two tones separated by a silence. The FIRST tone is 'fa' (fixed-do: do=C re=D mi=E fa=F sol=G la=A si=B). What is the solfège syllable and accidental (if needed) of the SECOND tone? Reply with ONLY the syllable and accidental.,You will hear two tones separated by a silence. The FIRST tone is 174.61 Hz. What is the pitch frequency of the SECOND tone in Hertz? Reply with ONLY a number (the frequency in Hz).
anchored,53,-3,synth_lead,instrument,50,60,0,0,0,0,D3,F2,0,0,0,re,sol#,0,0,0,60,F2,G#,250.38,/home/hsnu2/PitchBench/data/analysis_audio/pitchbench_d7a_pitch_with_reference/F3-D3_synth_lead_seq_5000ms_500msgap.wav,F3-D3_synth_lead_seq_5000ms_500msgap.wav,You will hear two tones separated by a silence. The FIRST tone is MIDI note 53. What is the MIDI note number of the SECOND tone? Reply with ONLY the integer.,"You will hear two tones separated by a silence. The FIRST tone is F3. What is the note name and octave of the SECOND tone, e.g. C4, F#3? Reply with ONLY the note name in Scientific Pitch Notation.",You will hear two tones separated by a silence. The FIRST tone is 'fa' (fixed-do: do=C re=D mi=E fa=F sol=G la=A si=B). What is the solfège syllable and accidental (if needed) of the SECOND tone? Reply with ONLY the syllable and accidental.,You will hear two tones separated by a silence. The FIRST tone is 174.61 Hz. What is the pitch frequency of the SECOND tone in Hertz? Reply with ONLY a number (the frequency in Hz).
anchored,53,-3,voice,instrument,50,60,0,0,0,0,D3,F2,0,0,0,re,sol#,0,0,0,60,F2,G#,250,/home/hsnu2/PitchBench/data/analysis_audio/pitchbench_d7a_pitch_with_reference/F3-D3_voice_seq_5000ms_500msgap.wav,F3-D3_voice_seq_5000ms_500msgap.wav,You will hear two tones separated by a silence. The FIRST tone is MIDI note 53. What is the MIDI note number of the SECOND tone? Reply with ONLY the integer.,"You will hear two tones separated by a silence. The FIRST tone is F3. What is the note name and octave of the SECOND tone, e.g. C4, F#3? Reply with ONLY the note name in Scientific Pitch Notation.",You will hear two tones separated by a silence. The FIRST tone is 'fa' (fixed-do: do=C re=D mi=E fa=F sol=G la=A si=B). What is the solfège syllable and accidental (if needed) of the SECOND tone? Reply with ONLY the syllable and accidental.,You will hear two tones separated by a silence. The FIRST tone is 174.61 Hz. What is the pitch frequency of the SECOND tone in Hertz? Reply with ONLY a number (the frequency in Hz).
anchored,53,-1,sine,waveform,52,61,0,0,0,0,E3,F2,0,0,0,mi,sol#,0,0,0,61,F2,G#,208.35,/home/hsnu2/PitchBench/data/analysis_audio/pitchbench_d7a_pitch_with_reference/F3-E3_sine_seq_5000ms_500msgap.wav,F3-E3_sine_seq_5000ms_500msgap.wav,You will hear two tones separated by a silence. The FIRST tone is MIDI note 53. What is the MIDI note number of the SECOND tone? Reply with ONLY the integer.,"You will hear two tones separated by a silence. The FIRST tone is F3. What is the note name and octave of the SECOND tone, e.g. C4, F#3? Reply with ONLY the note name in Scientific Pitch Notation.",You will hear two tones separated by a silence. The FIRST tone is 'fa' (fixed-do: do=C re=D mi=E fa=F sol=G la=A si=B). What is the solfège syllable and accidental (if needed) of the SECOND tone? Reply with ONLY the syllable and accidental.,You will hear two tones separated by a silence. The FIRST tone is 174.61 Hz. What is the pitch frequency of the SECOND tone in Hertz? Reply with ONLY a number (the frequency in Hz).
anchored,53,-1,voice,instrument,52,60,0,0,0,0,E3,F2,0,0,0,mi,sol#,0,0,0,60,F2,G#,258.39,/home/hsnu2/PitchBench/data/analysis_audio/pitchbench_d7a_pitch_with_reference/F3-E3_voice_seq_5000ms_500msgap.wav,F3-E3_voice_seq_5000ms_500msgap.wav,You will hear two tones separated by a silence. The FIRST tone is MIDI note 53. What is the MIDI note number of the SECOND tone? Reply with ONLY the integer.,"You will hear two tones separated by a silence. The FIRST tone is F3. What is the note name and octave of the SECOND tone, e.g. C4, F#3? Reply with ONLY the note name in Scientific Pitch Notation.",You will hear two tones separated by a silence. The FIRST tone is 'fa' (fixed-do: do=C re=D mi=E fa=F sol=G la=A si=B). What is the solfège syllable and accidental (if needed) of the SECOND tone? Reply with ONLY the syllable and accidental.,You will hear two tones separated by a silence. The FIRST tone is 174.61 Hz. What is the pitch frequency of the SECOND tone in Hertz? Reply with ONLY a number (the frequency in Hz).
anchored,53,0,sine,waveform,53,61,0,0,0,0,F3,F2,0,1,0,fa,sol#,0,0,0,61,F2,G#,208.35,/home/hsnu2/PitchBench/data/analysis_audio/pitchbench_d7a_pitch_with_reference/F3-F3_sine_seq_5000ms_500msgap.wav,F3-F3_sine_seq_5000ms_500msgap.wav,You will hear two tones separated by a silence. The FIRST tone is MIDI note 53. What is the MIDI note number of the SECOND tone? Reply with ONLY the integer.,"You will hear two tones separated by a silence. The FIRST tone is F3. What is the note name and octave of the SECOND tone, e.g. C4, F#3? Reply with ONLY the note name in Scientific Pitch Notation.",You will hear two tones separated by a silence. The FIRST tone is 'fa' (fixed-do: do=C re=D mi=E fa=F sol=G la=A si=B). What is the solfège syllable and accidental (if needed) of the SECOND tone? Reply with ONLY the syllable and accidental.,You will hear two tones separated by a silence. The FIRST tone is 174.61 Hz. What is the pitch frequency of the SECOND tone in Hertz? Reply with ONLY a number (the frequency in Hz).
anchored,53,0,flute,instrument,53,60,0,0,0,0,F3,F2,0,1,0,fa,sol#,0,0,0,60,F2,G#,250.38,/home/hsnu2/PitchBench/data/analysis_audio/pitchbench_d7a_pitch_with_reference/F3-F3_flute_seq_5000ms_500msgap.wav,F3-F3_flute_seq_5000ms_500msgap.wav,You will hear two tones separated by a silence. The FIRST tone is MIDI note 53. What is the MIDI note number of the SECOND tone? Reply with ONLY the integer.,"You will hear two tones separated by a silence. The FIRST tone is F3. What is the note name and octave of the SECOND tone, e.g. C4, F#3? Reply with ONLY the note name in Scientific Pitch Notation.",You will hear two tones separated by a silence. The FIRST tone is 'fa' (fixed-do: do=C re=D mi=E fa=F sol=G la=A si=B). What is the solfège syllable and accidental (if needed) of the SECOND tone? Reply with ONLY the syllable and accidental.,You will hear two tones separated by a silence. The FIRST tone is 174.61 Hz. What is the pitch frequency of the SECOND tone in Hertz? Reply with ONLY a number (the frequency in Hz).
anchored,53,1,sine,waveform,54,61,0,0,0,0,F#3,F2,0,0,0,fa#,sol#,0,0,0,61,F2,G#,208.35,/home/hsnu2/PitchBench/data/analysis_audio/pitchbench_d7a_pitch_with_reference/F3-Fs3_sine_seq_5000ms_500msgap.wav,F3-Fs3_sine_seq_5000ms_500msgap.wav,You will hear two tones separated by a silence. The FIRST tone is MIDI note 53. What is the MIDI note number of the SECOND tone? Reply with ONLY the integer.,"You will hear two tones separated by a silence. The FIRST tone is F3. What is the note name and octave of the SECOND tone, e.g. C4, F#3? Reply with ONLY the note name in Scientific Pitch Notation.",You will hear two tones separated by a silence. The FIRST tone is 'fa' (fixed-do: do=C re=D mi=E fa=F sol=G la=A si=B). What is the solfège syllable and accidental (if needed) of the SECOND tone? Reply with ONLY the syllable and accidental.,You will hear two tones separated by a silence. The FIRST tone is 174.61 Hz. What is the pitch frequency of the SECOND tone in Hertz? Reply with ONLY a number (the frequency in Hz).
anchored,53,1,voice,instrument,54,60,0,0,0,0,F#3,F2,0,0,0,fa#,sol#,0,0,0,60,F2,G#,250.38,/home/hsnu2/PitchBench/data/analysis_audio/pitchbench_d7a_pitch_with_reference/F3-Fs3_voice_seq_5000ms_500msgap.wav,F3-Fs3_voice_seq_5000ms_500msgap.wav,You will hear two tones separated by a silence. The FIRST tone is MIDI note 53. What is the MIDI note number of the SECOND tone? Reply with ONLY the integer.,"You will hear two tones separated by a silence. The FIRST tone is F3. What is the note name and octave of the SECOND tone, e.g. C4, F#3? Reply with ONLY the note name in Scientific Pitch Notation.",You will hear two tones separated by a silence. The FIRST tone is 'fa' (fixed-do: do=C re=D mi=E fa=F sol=G la=A si=B). What is the solfège syllable and accidental (if needed) of the SECOND tone? Reply with ONLY the syllable and accidental.,You will hear two tones separated by a silence. The FIRST tone is 174.61 Hz. What is the pitch frequency of the SECOND tone in Hertz? Reply with ONLY a number (the frequency in Hz).
anchored,53,3,piano,instrument,56,60,0,0,0,0,G#3,F#3,0,0,1,sol#,sol#,1,0,0,60,F#3,G#,250.38,/home/hsnu2/PitchBench/data/analysis_audio/pitchbench_d7a_pitch_with_reference/F3-Gs3_piano_seq_5000ms_500msgap.wav,F3-Gs3_piano_seq_5000ms_500msgap.wav,You will hear two tones separated by a silence. The FIRST tone is MIDI note 53. What is the MIDI note number of the SECOND tone? Reply with ONLY the integer.,"You will hear two tones separated by a silence. The FIRST tone is F3. What is the note name and octave of the SECOND tone, e.g. C4, F#3? Reply with ONLY the note name in Scientific Pitch Notation.",You will hear two tones separated by a silence. The FIRST tone is 'fa' (fixed-do: do=C re=D mi=E fa=F sol=G la=A si=B). What is the solfège syllable and accidental (if needed) of the SECOND tone? Reply with ONLY the syllable and accidental.,You will hear two tones separated by a silence. The FIRST tone is 174.61 Hz. What is the pitch frequency of the SECOND tone in Hertz? Reply with ONLY a number (the frequency in Hz).
anchored,53,3,voice,instrument,56,60,0,0,0,0,G#3,F2,0,0,0,sol#,sol#,1,0,0,60,F2,G#,250,/home/hsnu2/PitchBench/data/analysis_audio/pitchbench_d7a_pitch_with_reference/F3-Gs3_voice_seq_5000ms_500msgap.wav,F3-Gs3_voice_seq_5000ms_500msgap.wav,You will hear two tones separated by a silence. The FIRST tone is MIDI note 53. What is the MIDI note number of the SECOND tone? Reply with ONLY the integer.,"You will hear two tones separated by a silence. The FIRST tone is F3. What is the note name and octave of the SECOND tone, e.g. C4, F#3? Reply with ONLY the note name in Scientific Pitch Notation.",You will hear two tones separated by a silence. The FIRST tone is 'fa' (fixed-do: do=C re=D mi=E fa=F sol=G la=A si=B). What is the solfège syllable and accidental (if needed) of the SECOND tone? Reply with ONLY the syllable and accidental.,You will hear two tones separated by a silence. The FIRST tone is 174.61 Hz. What is the pitch frequency of the SECOND tone in Hertz? Reply with ONLY a number (the frequency in Hz).
anchored,53,4,sine,waveform,57,61,0,0,0,0,A3,F2,0,0,0,la,sol#,0,0,0,61,F2,G#,208.35,/home/hsnu2/PitchBench/data/analysis_audio/pitchbench_d7a_pitch_with_reference/F3-A3_sine_seq_5000ms_500msgap.wav,F3-A3_sine_seq_5000ms_500msgap.wav,You will hear two tones separated by a silence. The FIRST tone is MIDI note 53. What is the MIDI note number of the SECOND tone? Reply with ONLY the integer.,"You will hear two tones separated by a silence. The FIRST tone is F3. What is the note name and octave of the SECOND tone, e.g. C4, F#3? Reply with ONLY the note name in Scientific Pitch Notation.",You will hear two tones separated by a silence. The FIRST tone is 'fa' (fixed-do: do=C re=D mi=E fa=F sol=G la=A si=B). What is the solfège syllable and accidental (if needed) of the SECOND tone? Reply with ONLY the syllable and accidental.,You will hear two tones separated by a silence. The FIRST tone is 174.61 Hz. What is the pitch frequency of the SECOND tone in Hertz? Reply with ONLY a number (the frequency in Hz).
anchored,53,4,piano,instrument,57,60,0,0,0,0,A3,F3,0,0,1,la,sol#,0,0,0,60,F3,G#,250.38,/home/hsnu2/PitchBench/data/analysis_audio/pitchbench_d7a_pitch_with_reference/F3-A3_piano_seq_5000ms_500msgap.wav,F3-A3_piano_seq_5000ms_500msgap.wav,You will hear two tones separated by a silence. The FIRST tone is MIDI note 53. What is the MIDI note number of the SECOND tone? Reply with ONLY the integer.,"You will hear two tones separated by a silence. The FIRST tone is F3. What is the note name and octave of the SECOND tone, e.g. C4, F#3? Reply with ONLY the note name in Scientific Pitch Notation.",You will hear two tones separated by a silence. The FIRST tone is 'fa' (fixed-do: do=C re=D mi=E fa=F sol=G la=A si=B). What is the solfège syllable and accidental (if needed) of the SECOND tone? Reply with ONLY the syllable and accidental.,You will hear two tones separated by a silence. The FIRST tone is 174.61 Hz. What is the pitch frequency of the SECOND tone in Hertz? Reply with ONLY a number (the frequency in Hz).
anchored,53,5,synth_lead,instrument,58,60,0,0,0,0,A#3,F2,0,0,0,la#,sol#,0,0,0,60,F2,G#,250.38,/home/hsnu2/PitchBench/data/analysis_audio/pitchbench_d7a_pitch_with_reference/F3-As3_synth_lead_seq_5000ms_500msgap.wav,F3-As3_synth_lead_seq_5000ms_500msgap.wav,You will hear two tones separated by a silence. The FIRST tone is MIDI note 53. What is the MIDI note number of the SECOND tone? Reply with ONLY the integer.,"You will hear two tones separated by a silence. The FIRST tone is F3. What is the note name and octave of the SECOND tone, e.g. C4, F#3? Reply with ONLY the note name in Scientific Pitch Notation.",You will hear two tones separated by a silence. The FIRST tone is 'fa' (fixed-do: do=C re=D mi=E fa=F sol=G la=A si=B). What is the solfège syllable and accidental (if needed) of the SECOND tone? Reply with ONLY the syllable and accidental.,You will hear two tones separated by a silence. The FIRST tone is 174.61 Hz. What is the pitch frequency of the SECOND tone in Hertz? Reply with ONLY a number (the frequency in Hz).
anchored,53,5,piano,instrument,58,56,0,0,0,1,A#3,F#3,0,0,1,la#,sol#,0,0,0,56,F#3,G#,250.38,/home/hsnu2/PitchBench/data/analysis_audio/pitchbench_d7a_pitch_with_reference/F3-As3_piano_seq_5000ms_500msgap.wav,F3-As3_piano_seq_5000ms_500msgap.wav,You will hear two tones separated by a silence. The FIRST tone is MIDI note 53. What is the MIDI note number of the SECOND tone? Reply with ONLY the integer.,"You will hear two tones separated by a silence. The FIRST tone is F3. What is the note name and octave of the SECOND tone, e.g. C4, F#3? Reply with ONLY the note name in Scientific Pitch Notation.",You will hear two tones separated by a silence. The FIRST tone is 'fa' (fixed-do: do=C re=D mi=E fa=F sol=G la=A si=B). What is the solfège syllable and accidental (if needed) of the SECOND tone? Reply with ONLY the syllable and accidental.,You will hear two tones separated by a silence. The FIRST tone is 174.61 Hz. What is the pitch frequency of the SECOND tone in Hertz? Reply with ONLY a number (the frequency in Hz).
anchored,53,7,synth_lead,instrument,60,60,1,1,1,1,C4,F2,0,0,0,do,sol#,0,0,1,60,F2,G#,250.38,/home/hsnu2/PitchBench/data/analysis_audio/pitchbench_d7a_pitch_with_reference/F3-C4_synth_lead_seq_5000ms_500msgap.wav,F3-C4_synth_lead_seq_5000ms_500msgap.wav,You will hear two tones separated by a silence. The FIRST tone is MIDI note 53. What is the MIDI note number of the SECOND tone? Reply with ONLY the integer.,"You will hear two tones separated by a silence. The FIRST tone is F3. What is the note name and octave of the SECOND tone, e.g. C4, F#3? Reply with ONLY the note name in Scientific Pitch Notation.",You will hear two tones separated by a silence. The FIRST tone is 'fa' (fixed-do: do=C re=D mi=E fa=F sol=G la=A si=B). What is the solfège syllable and accidental (if needed) of the SECOND tone? Reply with ONLY the syllable and accidental.,You will hear two tones separated by a silence. The FIRST tone is 174.61 Hz. What is the pitch frequency of the SECOND tone in Hertz? Reply with ONLY a number (the frequency in Hz).
anchored,53,7,flute,instrument,60,49,0,0,0,0,C4,F2,0,0,0,do,sol#,0,0,0,49,F2,G#,250.38,/home/hsnu2/PitchBench/data/analysis_audio/pitchbench_d7a_pitch_with_reference/F3-C4_flute_seq_5000ms_500msgap.wav,F3-C4_flute_seq_5000ms_500msgap.wav,You will hear two tones separated by a silence. The FIRST tone is MIDI note 53. What is the MIDI note number of the SECOND tone? Reply with ONLY the integer.,"You will hear two tones separated by a silence. The FIRST tone is F3. What is the note name and octave of the SECOND tone, e.g. C4, F#3? Reply with ONLY the note name in Scientific Pitch Notation.",You will hear two tones separated by a silence. The FIRST tone is 'fa' (fixed-do: do=C re=D mi=E fa=F sol=G la=A si=B). What is the solfège syllable and accidental (if needed) of the SECOND tone? Reply with ONLY the syllable and accidental.,You will hear two tones separated by a silence. The FIRST tone is 174.61 Hz. What is the pitch frequency of the SECOND tone in Hertz? Reply with ONLY a number (the frequency in Hz).
anchored,53,12,synth_lead,instrument,65,60,0,0,0,1,F4,F2,0,1,0,fa,sol#,0,0,0,60,F2,G#,250.38,/home/hsnu2/PitchBench/data/analysis_audio/pitchbench_d7a_pitch_with_reference/F3-F4_synth_lead_seq_5000ms_500msgap.wav,F3-F4_synth_lead_seq_5000ms_500msgap.wav,You will hear two tones separated by a silence. The FIRST tone is MIDI note 53. What is the MIDI note number of the SECOND tone? Reply with ONLY the integer.,"You will hear two tones separated by a silence. The FIRST tone is F3. What is the note name and octave of the SECOND tone, e.g. C4, F#3? Reply with ONLY the note name in Scientific Pitch Notation.",You will hear two tones separated by a silence. The FIRST tone is 'fa' (fixed-do: do=C re=D mi=E fa=F sol=G la=A si=B). What is the solfège syllable and accidental (if needed) of the SECOND tone? Reply with ONLY the syllable and accidental.,You will hear two tones separated by a silence. The FIRST tone is 174.61 Hz. What is the pitch frequency of the SECOND tone in Hertz? Reply with ONLY a number (the frequency in Hz).
anchored,53,12,voice,instrument,65,60,0,0,0,1,F4,F2,0,1,0,fa,sol#,0,0,0,60,F2,G#,250.38,/home/hsnu2/PitchBench/data/analysis_audio/pitchbench_d7a_pitch_with_reference/F3-F4_voice_seq_5000ms_500msgap.wav,F3-F4_voice_seq_5000ms_500msgap.wav,You will hear two tones separated by a silence. The FIRST tone is MIDI note 53. What is the MIDI note number of the SECOND tone? Reply with ONLY the integer.,"You will hear two tones separated by a silence. The FIRST tone is F3. What is the note name and octave of the SECOND tone, e.g. C4, F#3? Reply with ONLY the note name in Scientific Pitch Notation.",You will hear two tones separated by a silence. The FIRST tone is 'fa' (fixed-do: do=C re=D mi=E fa=F sol=G la=A si=B). What is the solfège syllable and accidental (if needed) of the SECOND tone? Reply with ONLY the syllable and accidental.,You will hear two tones separated by a silence. The FIRST tone is 174.61 Hz. What is the pitch frequency of the SECOND tone in Hertz? Reply with ONLY a number (the frequency in Hz).
