source,source_type,midi_gt,midi_pred,midi_correct,midi_within_1,midi_pc_correct,midi_octave_correct,spn_gt,spn_pred,spn_correct,spn_pc_correct,spn_octave_correct,doremi_gt,doremi_pred,doremi_correct,hz_correct,any_correct,raw_midi,raw_spn,raw_doremi,raw_hz,audio_url,audio_file,prompt_midi,prompt_spn,prompt_doremi,prompt_hz
sine,waveform,29,36,0,0,0,0,F1,C6,0,0,0,fa,fa#,0,0,0,36,C6,fa#,440.0,data/analysis_audio/pitchbench_a1_single_pitch_id/F1_sine_5000ms.wav,F1_sine_5000ms.wav,This audio contains a single musical note. What is the MIDI note number (an integer from 0 to 127)? Reply with ONLY the integer. Nothing else. Output only the answer.,"This audio contains a single musical note. What is the note name and octave? Reply with ONLY the note name in Scientific Pitch Notation (e.g. C4, F#3, Bb5). Nothing else. Output only the answer.","This audio contains a single musical note. What is the solfege syllable and accidental (if needed) of this pitch? Use fixed-do (do=C, re=D, mi=E, fa=F, sol=G, la=A, si=B). Include sharps or flats when needed (e.g. do#, reb, fa#, sib). Do NOT include the octave. Reply with ONLY the syllable and accidental (if needed). Nothing else. Output only the answer.","This audio contains a single musical note. What is the main pitch frequency, expressed in Hertz? Reply with ONLY a number (the frequency in Hz). Nothing else. Output only the answer."
sine,waveform,38,31,0,0,0,0,D2,C2,0,0,1,re,fa,0,0,0,31,C2,fa,82.,data/analysis_audio/pitchbench_a1_single_pitch_id/D2_sine_5000ms.wav,D2_sine_5000ms.wav,This audio contains a single musical note. What is the MIDI note number (an integer from 0 to 127)? Reply with ONLY the integer. Nothing else. Output only the answer.,"This audio contains a single musical note. What is the note name and octave? Reply with ONLY the note name in Scientific Pitch Notation (e.g. C4, F#3, Bb5). Nothing else. Output only the answer.","This audio contains a single musical note. What is the solfege syllable and accidental (if needed) of this pitch? Use fixed-do (do=C, re=D, mi=E, fa=F, sol=G, la=A, si=B). Include sharps or flats when needed (e.g. do#, reb, fa#, sib). Do NOT include the octave. Reply with ONLY the syllable and accidental (if needed). Nothing else. Output only the answer.","This audio contains a single musical note. What is the main pitch frequency, expressed in Hertz? Reply with ONLY a number (the frequency in Hz). Nothing else. Output only the answer."
sine,waveform,47,31,0,0,0,0,B2,D2,0,0,1,si,fa#,0,0,0,31,D2,fa#,10,data/analysis_audio/pitchbench_a1_single_pitch_id/B2_sine_5000ms.wav,B2_sine_5000ms.wav,This audio contains a single musical note. What is the MIDI note number (an integer from 0 to 127)? Reply with ONLY the integer. Nothing else. Output only the answer.,"This audio contains a single musical note. What is the note name and octave? Reply with ONLY the note name in Scientific Pitch Notation (e.g. C4, F#3, Bb5). Nothing else. Output only the answer.","This audio contains a single musical note. What is the solfege syllable and accidental (if needed) of this pitch? Use fixed-do (do=C, re=D, mi=E, fa=F, sol=G, la=A, si=B). Include sharps or flats when needed (e.g. do#, reb, fa#, sib). Do NOT include the octave. Reply with ONLY the syllable and accidental (if needed). Nothing else. Output only the answer.","This audio contains a single musical note. What is the main pitch frequency, expressed in Hertz? Reply with ONLY a number (the frequency in Hz). Nothing else. Output only the answer."
sine,waveform,56,35,0,0,0,0,G#3,E2,0,0,0,sol#,sol#,1,0,0,35,E2,sol#,10,data/analysis_audio/pitchbench_a1_single_pitch_id/Gs3_sine_5000ms.wav,Gs3_sine_5000ms.wav,This audio contains a single musical note. What is the MIDI note number (an integer from 0 to 127)? Reply with ONLY the integer. Nothing else. Output only the answer.,"This audio contains a single musical note. What is the note name and octave? Reply with ONLY the note name in Scientific Pitch Notation (e.g. C4, F#3, Bb5). Nothing else. Output only the answer.","This audio contains a single musical note. What is the solfege syllable and accidental (if needed) of this pitch? Use fixed-do (do=C, re=D, mi=E, fa=F, sol=G, la=A, si=B). Include sharps or flats when needed (e.g. do#, reb, fa#, sib). Do NOT include the octave. Reply with ONLY the syllable and accidental (if needed). Nothing else. Output only the answer.","This audio contains a single musical note. What is the main pitch frequency, expressed in Hertz? Reply with ONLY a number (the frequency in Hz). Nothing else. Output only the answer."
sine,waveform,65,83,0,0,0,0,F4,,0,0,0,fa,fa#,0,0,0,83,C,fa#,440,data/analysis_audio/pitchbench_a1_single_pitch_id/F4_sine_5000ms.wav,F4_sine_5000ms.wav,This audio contains a single musical note. What is the MIDI note number (an integer from 0 to 127)? Reply with ONLY the integer. Nothing else. Output only the answer.,"This audio contains a single musical note. What is the note name and octave? Reply with ONLY the note name in Scientific Pitch Notation (e.g. C4, F#3, Bb5). Nothing else. Output only the answer.","This audio contains a single musical note. What is the solfege syllable and accidental (if needed) of this pitch? Use fixed-do (do=C, re=D, mi=E, fa=F, sol=G, la=A, si=B). Include sharps or flats when needed (e.g. do#, reb, fa#, sib). Do NOT include the octave. Reply with ONLY the syllable and accidental (if needed). Nothing else. Output only the answer.","This audio contains a single musical note. What is the main pitch frequency, expressed in Hertz? Reply with ONLY a number (the frequency in Hz). Nothing else. Output only the answer."
sine,waveform,74,83,0,0,0,1,D5,C6,0,0,0,re,fa#,0,0,0,83,C6,fa#,440,data/analysis_audio/pitchbench_a1_single_pitch_id/D5_sine_5000ms.wav,D5_sine_5000ms.wav,This audio contains a single musical note. What is the MIDI note number (an integer from 0 to 127)? Reply with ONLY the integer. Nothing else. Output only the answer.,"This audio contains a single musical note. What is the note name and octave? Reply with ONLY the note name in Scientific Pitch Notation (e.g. C4, F#3, Bb5). Nothing else. Output only the answer.","This audio contains a single musical note. What is the solfege syllable and accidental (if needed) of this pitch? Use fixed-do (do=C, re=D, mi=E, fa=F, sol=G, la=A, si=B). Include sharps or flats when needed (e.g. do#, reb, fa#, sib). Do NOT include the octave. Reply with ONLY the syllable and accidental (if needed). Nothing else. Output only the answer.","This audio contains a single musical note. What is the main pitch frequency, expressed in Hertz? Reply with ONLY a number (the frequency in Hz). Nothing else. Output only the answer."
sine,waveform,83,88,0,0,0,0,B5,C6,0,0,0,si,fa#,0,0,0,88,C6,fa#,13,data/analysis_audio/pitchbench_a1_single_pitch_id/B5_sine_5000ms.wav,B5_sine_5000ms.wav,This audio contains a single musical note. What is the MIDI note number (an integer from 0 to 127)? Reply with ONLY the integer. Nothing else. Output only the answer.,"This audio contains a single musical note. What is the note name and octave? Reply with ONLY the note name in Scientific Pitch Notation (e.g. C4, F#3, Bb5). Nothing else. Output only the answer.","This audio contains a single musical note. What is the solfege syllable and accidental (if needed) of this pitch? Use fixed-do (do=C, re=D, mi=E, fa=F, sol=G, la=A, si=B). Include sharps or flats when needed (e.g. do#, reb, fa#, sib). Do NOT include the octave. Reply with ONLY the syllable and accidental (if needed). Nothing else. Output only the answer.","This audio contains a single musical note. What is the main pitch frequency, expressed in Hertz? Reply with ONLY a number (the frequency in Hz). Nothing else. Output only the answer."
synth_lead,instrument,29,53,0,0,1,0,F1,C2,0,0,0,fa,sol#,0,0,0,53,C2,sol#,11,data/analysis_audio/pitchbench_a1_single_pitch_id/F1_synth_lead_5000ms.wav,F1_synth_lead_5000ms.wav,This audio contains a single musical note. What is the MIDI note number (an integer from 0 to 127)? Reply with ONLY the integer. Nothing else. Output only the answer.,"This audio contains a single musical note. What is the note name and octave? Reply with ONLY the note name in Scientific Pitch Notation (e.g. C4, F#3, Bb5). Nothing else. Output only the answer.","This audio contains a single musical note. What is the solfege syllable and accidental (if needed) of this pitch? Use fixed-do (do=C, re=D, mi=E, fa=F, sol=G, la=A, si=B). Include sharps or flats when needed (e.g. do#, reb, fa#, sib). Do NOT include the octave. Reply with ONLY the syllable and accidental (if needed). Nothing else. Output only the answer.","This audio contains a single musical note. What is the main pitch frequency, expressed in Hertz? Reply with ONLY a number (the frequency in Hz). Nothing else. Output only the answer."
synth_lead,instrument,38,36,0,0,0,1,D2,C2,0,0,1,re,fa#,0,0,0,36,C2,fa#,65.,data/analysis_audio/pitchbench_a1_single_pitch_id/D2_synth_lead_5000ms.wav,D2_synth_lead_5000ms.wav,This audio contains a single musical note. What is the MIDI note number (an integer from 0 to 127)? Reply with ONLY the integer. Nothing else. Output only the answer.,"This audio contains a single musical note. What is the note name and octave? Reply with ONLY the note name in Scientific Pitch Notation (e.g. C4, F#3, Bb5). Nothing else. Output only the answer.","This audio contains a single musical note. What is the solfege syllable and accidental (if needed) of this pitch? Use fixed-do (do=C, re=D, mi=E, fa=F, sol=G, la=A, si=B). Include sharps or flats when needed (e.g. do#, reb, fa#, sib). Do NOT include the octave. Reply with ONLY the syllable and accidental (if needed). Nothing else. Output only the answer.","This audio contains a single musical note. What is the main pitch frequency, expressed in Hertz? Reply with ONLY a number (the frequency in Hz). Nothing else. Output only the answer."
synth_lead,instrument,47,61,0,0,0,0,B2,F#4,0,0,0,si,fa#,0,0,0,61,F#4,fa#,523.,data/analysis_audio/pitchbench_a1_single_pitch_id/B2_synth_lead_5000ms.wav,B2_synth_lead_5000ms.wav,This audio contains a single musical note. What is the MIDI note number (an integer from 0 to 127)? Reply with ONLY the integer. Nothing else. Output only the answer.,"This audio contains a single musical note. What is the note name and octave? Reply with ONLY the note name in Scientific Pitch Notation (e.g. C4, F#3, Bb5). Nothing else. Output only the answer.","This audio contains a single musical note. What is the solfege syllable and accidental (if needed) of this pitch? Use fixed-do (do=C, re=D, mi=E, fa=F, sol=G, la=A, si=B). Include sharps or flats when needed (e.g. do#, reb, fa#, sib). Do NOT include the octave. Reply with ONLY the syllable and accidental (if needed). Nothing else. Output only the answer.","This audio contains a single musical note. What is the main pitch frequency, expressed in Hertz? Reply with ONLY a number (the frequency in Hz). Nothing else. Output only the answer."
synth_lead,instrument,56,101,0,0,0,0,G#3,,0,0,0,sol#,fa#,0,0,0,101,estimation:* I need,fa#,1046.5,data/analysis_audio/pitchbench_a1_single_pitch_id/Gs3_synth_lead_5000ms.wav,Gs3_synth_lead_5000ms.wav,This audio contains a single musical note. What is the MIDI note number (an integer from 0 to 127)? Reply with ONLY the integer. Nothing else. Output only the answer.,"This audio contains a single musical note. What is the note name and octave? Reply with ONLY the note name in Scientific Pitch Notation (e.g. C4, F#3, Bb5). Nothing else. Output only the answer.","This audio contains a single musical note. What is the solfege syllable and accidental (if needed) of this pitch? Use fixed-do (do=C, re=D, mi=E, fa=F, sol=G, la=A, si=B). Include sharps or flats when needed (e.g. do#, reb, fa#, sib). Do NOT include the octave. Reply with ONLY the syllable and accidental (if needed). Nothing else. Output only the answer.","This audio contains a single musical note. What is the main pitch frequency, expressed in Hertz? Reply with ONLY a number (the frequency in Hz). Nothing else. Output only the answer."
synth_lead,instrument,65,10,0,0,0,0,F4,C6,0,0,0,fa,sol#,0,0,0,10,C6,sol#,1046,data/analysis_audio/pitchbench_a1_single_pitch_id/F4_synth_lead_5000ms.wav,F4_synth_lead_5000ms.wav,This audio contains a single musical note. What is the MIDI note number (an integer from 0 to 127)? Reply with ONLY the integer. Nothing else. Output only the answer.,"This audio contains a single musical note. What is the note name and octave? Reply with ONLY the note name in Scientific Pitch Notation (e.g. C4, F#3, Bb5). Nothing else. Output only the answer.","This audio contains a single musical note. What is the solfege syllable and accidental (if needed) of this pitch? Use fixed-do (do=C, re=D, mi=E, fa=F, sol=G, la=A, si=B). Include sharps or flats when needed (e.g. do#, reb, fa#, sib). Do NOT include the octave. Reply with ONLY the syllable and accidental (if needed). Nothing else. Output only the answer.","This audio contains a single musical note. What is the main pitch frequency, expressed in Hertz? Reply with ONLY a number (the frequency in Hz). Nothing else. Output only the answer."
synth_lead,instrument,74,101,0,0,0,0,D5,,0,0,0,re,sol#,0,0,0,101,pitch estimation:*,sol#,1,data/analysis_audio/pitchbench_a1_single_pitch_id/D5_synth_lead_5000ms.wav,D5_synth_lead_5000ms.wav,This audio contains a single musical note. What is the MIDI note number (an integer from 0 to 127)? Reply with ONLY the integer. Nothing else. Output only the answer.,"This audio contains a single musical note. What is the note name and octave? Reply with ONLY the note name in Scientific Pitch Notation (e.g. C4, F#3, Bb5). Nothing else. Output only the answer.","This audio contains a single musical note. What is the solfege syllable and accidental (if needed) of this pitch? Use fixed-do (do=C, re=D, mi=E, fa=F, sol=G, la=A, si=B). Include sharps or flats when needed (e.g. do#, reb, fa#, sib). Do NOT include the octave. Reply with ONLY the syllable and accidental (if needed). Nothing else. Output only the answer.","This audio contains a single musical note. What is the main pitch frequency, expressed in Hertz? Reply with ONLY a number (the frequency in Hz). Nothing else. Output only the answer."
synth_lead,instrument,83,10,0,0,0,0,B5,G5,0,0,1,si,fa#,0,0,0,10,G5,fa#,10,data/analysis_audio/pitchbench_a1_single_pitch_id/B5_synth_lead_5000ms.wav,B5_synth_lead_5000ms.wav,This audio contains a single musical note. What is the MIDI note number (an integer from 0 to 127)? Reply with ONLY the integer. Nothing else. Output only the answer.,"This audio contains a single musical note. What is the note name and octave? Reply with ONLY the note name in Scientific Pitch Notation (e.g. C4, F#3, Bb5). Nothing else. Output only the answer.","This audio contains a single musical note. What is the solfege syllable and accidental (if needed) of this pitch? Use fixed-do (do=C, re=D, mi=E, fa=F, sol=G, la=A, si=B). Include sharps or flats when needed (e.g. do#, reb, fa#, sib). Do NOT include the octave. Reply with ONLY the syllable and accidental (if needed). Nothing else. Output only the answer.","This audio contains a single musical note. What is the main pitch frequency, expressed in Hertz? Reply with ONLY a number (the frequency in Hz). Nothing else. Output only the answer."
cello,instrument,29,36,0,0,0,0,F1,F1,1,1,1,fa,fa#,0,0,1,36,F1,fa#,65.41,data/analysis_audio/pitchbench_a1_single_pitch_id/F1_cello_5000ms.wav,F1_cello_5000ms.wav,This audio contains a single musical note. What is the MIDI note number (an integer from 0 to 127)? Reply with ONLY the integer. Nothing else. Output only the answer.,"This audio contains a single musical note. What is the note name and octave? Reply with ONLY the note name in Scientific Pitch Notation (e.g. C4, F#3, Bb5). Nothing else. Output only the answer.","This audio contains a single musical note. What is the solfege syllable and accidental (if needed) of this pitch? Use fixed-do (do=C, re=D, mi=E, fa=F, sol=G, la=A, si=B). Include sharps or flats when needed (e.g. do#, reb, fa#, sib). Do NOT include the octave. Reply with ONLY the syllable and accidental (if needed). Nothing else. Output only the answer.","This audio contains a single musical note. What is the main pitch frequency, expressed in Hertz? Reply with ONLY a number (the frequency in Hz). Nothing else. Output only the answer."
cello,instrument,38,41,0,0,0,1,D2,B1,0,0,0,re,,0,0,0,41,B1,estimation,41.,data/analysis_audio/pitchbench_a1_single_pitch_id/D2_cello_5000ms.wav,D2_cello_5000ms.wav,This audio contains a single musical note. What is the MIDI note number (an integer from 0 to 127)? Reply with ONLY the integer. Nothing else. Output only the answer.,"This audio contains a single musical note. What is the note name and octave? Reply with ONLY the note name in Scientific Pitch Notation (e.g. C4, F#3, Bb5). Nothing else. Output only the answer.","This audio contains a single musical note. What is the solfege syllable and accidental (if needed) of this pitch? Use fixed-do (do=C, re=D, mi=E, fa=F, sol=G, la=A, si=B). Include sharps or flats when needed (e.g. do#, reb, fa#, sib). Do NOT include the octave. Reply with ONLY the syllable and accidental (if needed). Nothing else. Output only the answer.","This audio contains a single musical note. What is the main pitch frequency, expressed in Hertz? Reply with ONLY a number (the frequency in Hz). Nothing else. Output only the answer."
cello,instrument,47,37,0,0,0,1,B2,C2,0,0,1,si,fa#,0,0,0,37,C2,fa#,65.41,data/analysis_audio/pitchbench_a1_single_pitch_id/B2_cello_5000ms.wav,B2_cello_5000ms.wav,This audio contains a single musical note. What is the MIDI note number (an integer from 0 to 127)? Reply with ONLY the integer. Nothing else. Output only the answer.,"This audio contains a single musical note. What is the note name and octave? Reply with ONLY the note name in Scientific Pitch Notation (e.g. C4, F#3, Bb5). Nothing else. Output only the answer.","This audio contains a single musical note. What is the solfege syllable and accidental (if needed) of this pitch? Use fixed-do (do=C, re=D, mi=E, fa=F, sol=G, la=A, si=B). Include sharps or flats when needed (e.g. do#, reb, fa#, sib). Do NOT include the octave. Reply with ONLY the syllable and accidental (if needed). Nothing else. Output only the answer.","This audio contains a single musical note. What is the main pitch frequency, expressed in Hertz? Reply with ONLY a number (the frequency in Hz). Nothing else. Output only the answer."
cello,instrument,56,65,0,0,0,0,G#3,F4,0,0,0,sol#,sol#,1,0,0,65,F4,sol#,698.,data/analysis_audio/pitchbench_a1_single_pitch_id/Gs3_cello_5000ms.wav,Gs3_cello_5000ms.wav,This audio contains a single musical note. What is the MIDI note number (an integer from 0 to 127)? Reply with ONLY the integer. Nothing else. Output only the answer.,"This audio contains a single musical note. What is the note name and octave? Reply with ONLY the note name in Scientific Pitch Notation (e.g. C4, F#3, Bb5). Nothing else. Output only the answer.","This audio contains a single musical note. What is the solfege syllable and accidental (if needed) of this pitch? Use fixed-do (do=C, re=D, mi=E, fa=F, sol=G, la=A, si=B). Include sharps or flats when needed (e.g. do#, reb, fa#, sib). Do NOT include the octave. Reply with ONLY the syllable and accidental (if needed). Nothing else. Output only the answer.","This audio contains a single musical note. What is the main pitch frequency, expressed in Hertz? Reply with ONLY a number (the frequency in Hz). Nothing else. Output only the answer."
cello,instrument,65,96,0,0,0,0,F4,F4,1,1,1,fa,fa#,0,0,1,96,F4,fa#,1046.,data/analysis_audio/pitchbench_a1_single_pitch_id/F4_cello_5000ms.wav,F4_cello_5000ms.wav,This audio contains a single musical note. What is the MIDI note number (an integer from 0 to 127)? Reply with ONLY the integer. Nothing else. Output only the answer.,"This audio contains a single musical note. What is the note name and octave? Reply with ONLY the note name in Scientific Pitch Notation (e.g. C4, F#3, Bb5). Nothing else. Output only the answer.","This audio contains a single musical note. What is the solfege syllable and accidental (if needed) of this pitch? Use fixed-do (do=C, re=D, mi=E, fa=F, sol=G, la=A, si=B). Include sharps or flats when needed (e.g. do#, reb, fa#, sib). Do NOT include the octave. Reply with ONLY the syllable and accidental (if needed). Nothing else. Output only the answer.","This audio contains a single musical note. What is the main pitch frequency, expressed in Hertz? Reply with ONLY a number (the frequency in Hz). Nothing else. Output only the answer."
cello,instrument,74,101,0,0,0,0,D5,A6,0,0,0,re,sol#,0,0,0,101,A6,sol#,104,data/analysis_audio/pitchbench_a1_single_pitch_id/D5_cello_5000ms.wav,D5_cello_5000ms.wav,This audio contains a single musical note. What is the MIDI note number (an integer from 0 to 127)? Reply with ONLY the integer. Nothing else. Output only the answer.,"This audio contains a single musical note. What is the note name and octave? Reply with ONLY the note name in Scientific Pitch Notation (e.g. C4, F#3, Bb5). Nothing else. Output only the answer.","This audio contains a single musical note. What is the solfege syllable and accidental (if needed) of this pitch? Use fixed-do (do=C, re=D, mi=E, fa=F, sol=G, la=A, si=B). Include sharps or flats when needed (e.g. do#, reb, fa#, sib). Do NOT include the octave. Reply with ONLY the syllable and accidental (if needed). Nothing else. Output only the answer.","This audio contains a single musical note. What is the main pitch frequency, expressed in Hertz? Reply with ONLY a number (the frequency in Hz). Nothing else. Output only the answer."
cello,instrument,83,103,0,0,0,0,B5,B6,0,1,0,si,sol#,0,0,0,103,B6,sol#,156,data/analysis_audio/pitchbench_a1_single_pitch_id/B5_cello_5000ms.wav,B5_cello_5000ms.wav,This audio contains a single musical note. What is the MIDI note number (an integer from 0 to 127)? Reply with ONLY the integer. Nothing else. Output only the answer.,"This audio contains a single musical note. What is the note name and octave? Reply with ONLY the note name in Scientific Pitch Notation (e.g. C4, F#3, Bb5). Nothing else. Output only the answer.","This audio contains a single musical note. What is the solfege syllable and accidental (if needed) of this pitch? Use fixed-do (do=C, re=D, mi=E, fa=F, sol=G, la=A, si=B). Include sharps or flats when needed (e.g. do#, reb, fa#, sib). Do NOT include the octave. Reply with ONLY the syllable and accidental (if needed). Nothing else. Output only the answer.","This audio contains a single musical note. What is the main pitch frequency, expressed in Hertz? Reply with ONLY a number (the frequency in Hz). Nothing else. Output only the answer."
flute,instrument,29,36,0,0,0,0,F1,C2,0,0,0,fa,sol#,0,0,0,36,C2,sol#,41.,data/analysis_audio/pitchbench_a1_single_pitch_id/F1_flute_5000ms.wav,F1_flute_5000ms.wav,This audio contains a single musical note. What is the MIDI note number (an integer from 0 to 127)? Reply with ONLY the integer. Nothing else. Output only the answer.,"This audio contains a single musical note. What is the note name and octave? Reply with ONLY the note name in Scientific Pitch Notation (e.g. C4, F#3, Bb5). Nothing else. Output only the answer.","This audio contains a single musical note. What is the solfege syllable and accidental (if needed) of this pitch? Use fixed-do (do=C, re=D, mi=E, fa=F, sol=G, la=A, si=B). Include sharps or flats when needed (e.g. do#, reb, fa#, sib). Do NOT include the octave. Reply with ONLY the syllable and accidental (if needed). Nothing else. Output only the answer.","This audio contains a single musical note. What is the main pitch frequency, expressed in Hertz? Reply with ONLY a number (the frequency in Hz). Nothing else. Output only the answer."
flute,instrument,38,31,0,0,0,0,D2,C2,0,0,1,re,sol#,0,0,0,31,C2,sol#,82.4,data/analysis_audio/pitchbench_a1_single_pitch_id/D2_flute_5000ms.wav,D2_flute_5000ms.wav,This audio contains a single musical note. What is the MIDI note number (an integer from 0 to 127)? Reply with ONLY the integer. Nothing else. Output only the answer.,"This audio contains a single musical note. What is the note name and octave? Reply with ONLY the note name in Scientific Pitch Notation (e.g. C4, F#3, Bb5). Nothing else. Output only the answer.","This audio contains a single musical note. What is the solfege syllable and accidental (if needed) of this pitch? Use fixed-do (do=C, re=D, mi=E, fa=F, sol=G, la=A, si=B). Include sharps or flats when needed (e.g. do#, reb, fa#, sib). Do NOT include the octave. Reply with ONLY the syllable and accidental (if needed). Nothing else. Output only the answer.","This audio contains a single musical note. What is the main pitch frequency, expressed in Hertz? Reply with ONLY a number (the frequency in Hz). Nothing else. Output only the answer."
flute,instrument,47,40,0,0,0,1,B2,C2,0,0,1,si,fa#,0,0,0,40,C2,fa#,65.41,data/analysis_audio/pitchbench_a1_single_pitch_id/B2_flute_5000ms.wav,B2_flute_5000ms.wav,This audio contains a single musical note. What is the MIDI note number (an integer from 0 to 127)? Reply with ONLY the integer. Nothing else. Output only the answer.,"This audio contains a single musical note. What is the note name and octave? Reply with ONLY the note name in Scientific Pitch Notation (e.g. C4, F#3, Bb5). Nothing else. Output only the answer.","This audio contains a single musical note. What is the solfege syllable and accidental (if needed) of this pitch? Use fixed-do (do=C, re=D, mi=E, fa=F, sol=G, la=A, si=B). Include sharps or flats when needed (e.g. do#, reb, fa#, sib). Do NOT include the octave. Reply with ONLY the syllable and accidental (if needed). Nothing else. Output only the answer.","This audio contains a single musical note. What is the main pitch frequency, expressed in Hertz? Reply with ONLY a number (the frequency in Hz). Nothing else. Output only the answer."
flute,instrument,56,65,0,0,0,0,G#3,F4,0,0,0,sol#,fa#,0,0,0,65,F4,fa#,65.41,data/analysis_audio/pitchbench_a1_single_pitch_id/Gs3_flute_5000ms.wav,Gs3_flute_5000ms.wav,This audio contains a single musical note. What is the MIDI note number (an integer from 0 to 127)? Reply with ONLY the integer. Nothing else. Output only the answer.,"This audio contains a single musical note. What is the note name and octave? Reply with ONLY the note name in Scientific Pitch Notation (e.g. C4, F#3, Bb5). Nothing else. Output only the answer.","This audio contains a single musical note. What is the solfege syllable and accidental (if needed) of this pitch? Use fixed-do (do=C, re=D, mi=E, fa=F, sol=G, la=A, si=B). Include sharps or flats when needed (e.g. do#, reb, fa#, sib). Do NOT include the octave. Reply with ONLY the syllable and accidental (if needed). Nothing else. Output only the answer.","This audio contains a single musical note. What is the main pitch frequency, expressed in Hertz? Reply with ONLY a number (the frequency in Hz). Nothing else. Output only the answer."
flute,instrument,65,84,0,0,0,0,F4,F6,0,1,0,fa,fa#,0,0,0,84,F6,fa#,1046.5,data/analysis_audio/pitchbench_a1_single_pitch_id/F4_flute_5000ms.wav,F4_flute_5000ms.wav,This audio contains a single musical note. What is the MIDI note number (an integer from 0 to 127)? Reply with ONLY the integer. Nothing else. Output only the answer.,"This audio contains a single musical note. What is the note name and octave? Reply with ONLY the note name in Scientific Pitch Notation (e.g. C4, F#3, Bb5). Nothing else. Output only the answer.","This audio contains a single musical note. What is the solfege syllable and accidental (if needed) of this pitch? Use fixed-do (do=C, re=D, mi=E, fa=F, sol=G, la=A, si=B). Include sharps or flats when needed (e.g. do#, reb, fa#, sib). Do NOT include the octave. Reply with ONLY the syllable and accidental (if needed). Nothing else. Output only the answer.","This audio contains a single musical note. What is the main pitch frequency, expressed in Hertz? Reply with ONLY a number (the frequency in Hz). Nothing else. Output only the answer."
flute,instrument,74,101,0,0,0,0,D5,C6,0,0,0,re,fa#,0,0,0,101,C6,fa#,1046.,data/analysis_audio/pitchbench_a1_single_pitch_id/D5_flute_5000ms.wav,D5_flute_5000ms.wav,This audio contains a single musical note. What is the MIDI note number (an integer from 0 to 127)? Reply with ONLY the integer. Nothing else. Output only the answer.,"This audio contains a single musical note. What is the note name and octave? Reply with ONLY the note name in Scientific Pitch Notation (e.g. C4, F#3, Bb5). Nothing else. Output only the answer.","This audio contains a single musical note. What is the solfege syllable and accidental (if needed) of this pitch? Use fixed-do (do=C, re=D, mi=E, fa=F, sol=G, la=A, si=B). Include sharps or flats when needed (e.g. do#, reb, fa#, sib). Do NOT include the octave. Reply with ONLY the syllable and accidental (if needed). Nothing else. Output only the answer.","This audio contains a single musical note. What is the main pitch frequency, expressed in Hertz? Reply with ONLY a number (the frequency in Hz). Nothing else. Output only the answer."
flute,instrument,83,107,0,0,1,0,B5,,0,0,0,si,sol#,0,0,0,107,Correction/Pitch Recognition,sol#,1046.5,data/analysis_audio/pitchbench_a1_single_pitch_id/B5_flute_5000ms.wav,B5_flute_5000ms.wav,This audio contains a single musical note. What is the MIDI note number (an integer from 0 to 127)? Reply with ONLY the integer. Nothing else. Output only the answer.,"This audio contains a single musical note. What is the note name and octave? Reply with ONLY the note name in Scientific Pitch Notation (e.g. C4, F#3, Bb5). Nothing else. Output only the answer.","This audio contains a single musical note. What is the solfege syllable and accidental (if needed) of this pitch? Use fixed-do (do=C, re=D, mi=E, fa=F, sol=G, la=A, si=B). Include sharps or flats when needed (e.g. do#, reb, fa#, sib). Do NOT include the octave. Reply with ONLY the syllable and accidental (if needed). Nothing else. Output only the answer.","This audio contains a single musical note. What is the main pitch frequency, expressed in Hertz? Reply with ONLY a number (the frequency in Hz). Nothing else. Output only the answer."
piano,instrument,29,31,0,0,0,1,F1,,0,0,0,fa,,0,0,0,31,C,*Internal,65.4,data/analysis_audio/pitchbench_a1_single_pitch_id/F1_piano_5000ms.wav,F1_piano_5000ms.wav,This audio contains a single musical note. What is the MIDI note number (an integer from 0 to 127)? Reply with ONLY the integer. Nothing else. Output only the answer.,"This audio contains a single musical note. What is the note name and octave? Reply with ONLY the note name in Scientific Pitch Notation (e.g. C4, F#3, Bb5). Nothing else. Output only the answer.","This audio contains a single musical note. What is the solfege syllable and accidental (if needed) of this pitch? Use fixed-do (do=C, re=D, mi=E, fa=F, sol=G, la=A, si=B). Include sharps or flats when needed (e.g. do#, reb, fa#, sib). Do NOT include the octave. Reply with ONLY the syllable and accidental (if needed). Nothing else. Output only the answer.","This audio contains a single musical note. What is the main pitch frequency, expressed in Hertz? Reply with ONLY a number (the frequency in Hz). Nothing else. Output only the answer."
piano,instrument,38,32,0,0,0,0,D2,C2,0,0,1,re,re#,0,0,0,32,C2,mib,65,data/analysis_audio/pitchbench_a1_single_pitch_id/D2_piano_5000ms.wav,D2_piano_5000ms.wav,This audio contains a single musical note. What is the MIDI note number (an integer from 0 to 127)? Reply with ONLY the integer. Nothing else. Output only the answer.,"This audio contains a single musical note. What is the note name and octave? Reply with ONLY the note name in Scientific Pitch Notation (e.g. C4, F#3, Bb5). Nothing else. Output only the answer.","This audio contains a single musical note. What is the solfege syllable and accidental (if needed) of this pitch? Use fixed-do (do=C, re=D, mi=E, fa=F, sol=G, la=A, si=B). Include sharps or flats when needed (e.g. do#, reb, fa#, sib). Do NOT include the octave. Reply with ONLY the syllable and accidental (if needed). Nothing else. Output only the answer.","This audio contains a single musical note. What is the main pitch frequency, expressed in Hertz? Reply with ONLY a number (the frequency in Hz). Nothing else. Output only the answer."
piano,instrument,47,31,0,0,0,0,B2,C2,0,0,1,si,sol#,0,0,0,31,C2,sol#,65.,data/analysis_audio/pitchbench_a1_single_pitch_id/B2_piano_5000ms.wav,B2_piano_5000ms.wav,This audio contains a single musical note. What is the MIDI note number (an integer from 0 to 127)? Reply with ONLY the integer. Nothing else. Output only the answer.,"This audio contains a single musical note. What is the note name and octave? Reply with ONLY the note name in Scientific Pitch Notation (e.g. C4, F#3, Bb5). Nothing else. Output only the answer.","This audio contains a single musical note. What is the solfege syllable and accidental (if needed) of this pitch? Use fixed-do (do=C, re=D, mi=E, fa=F, sol=G, la=A, si=B). Include sharps or flats when needed (e.g. do#, reb, fa#, sib). Do NOT include the octave. Reply with ONLY the syllable and accidental (if needed). Nothing else. Output only the answer.","This audio contains a single musical note. What is the main pitch frequency, expressed in Hertz? Reply with ONLY a number (the frequency in Hz). Nothing else. Output only the answer."
piano,instrument,56,68,0,0,1,0,G#3,G#4,0,1,0,sol#,sol#,1,0,0,68,G#4,sol#,4,data/analysis_audio/pitchbench_a1_single_pitch_id/Gs3_piano_5000ms.wav,Gs3_piano_5000ms.wav,This audio contains a single musical note. What is the MIDI note number (an integer from 0 to 127)? Reply with ONLY the integer. Nothing else. Output only the answer.,"This audio contains a single musical note. What is the note name and octave? Reply with ONLY the note name in Scientific Pitch Notation (e.g. C4, F#3, Bb5). Nothing else. Output only the answer.","This audio contains a single musical note. What is the solfege syllable and accidental (if needed) of this pitch? Use fixed-do (do=C, re=D, mi=E, fa=F, sol=G, la=A, si=B). Include sharps or flats when needed (e.g. do#, reb, fa#, sib). Do NOT include the octave. Reply with ONLY the syllable and accidental (if needed). Nothing else. Output only the answer.","This audio contains a single musical note. What is the main pitch frequency, expressed in Hertz? Reply with ONLY a number (the frequency in Hz). Nothing else. Output only the answer."
piano,instrument,65,108,0,0,0,0,F4,F6,0,1,0,fa,fa#,0,0,0,108,F6,fa#,1046,data/analysis_audio/pitchbench_a1_single_pitch_id/F4_piano_5000ms.wav,F4_piano_5000ms.wav,This audio contains a single musical note. What is the MIDI note number (an integer from 0 to 127)? Reply with ONLY the integer. Nothing else. Output only the answer.,"This audio contains a single musical note. What is the note name and octave? Reply with ONLY the note name in Scientific Pitch Notation (e.g. C4, F#3, Bb5). Nothing else. Output only the answer.","This audio contains a single musical note. What is the solfege syllable and accidental (if needed) of this pitch? Use fixed-do (do=C, re=D, mi=E, fa=F, sol=G, la=A, si=B). Include sharps or flats when needed (e.g. do#, reb, fa#, sib). Do NOT include the octave. Reply with ONLY the syllable and accidental (if needed). Nothing else. Output only the answer.","This audio contains a single musical note. What is the main pitch frequency, expressed in Hertz? Reply with ONLY a number (the frequency in Hz). Nothing else. Output only the answer."
piano,instrument,74,96,0,0,0,0,D5,C6,0,0,0,re,sol#,0,0,0,96,C6,sol#,1760,data/analysis_audio/pitchbench_a1_single_pitch_id/D5_piano_5000ms.wav,D5_piano_5000ms.wav,This audio contains a single musical note. What is the MIDI note number (an integer from 0 to 127)? Reply with ONLY the integer. Nothing else. Output only the answer.,"This audio contains a single musical note. What is the note name and octave? Reply with ONLY the note name in Scientific Pitch Notation (e.g. C4, F#3, Bb5). Nothing else. Output only the answer.","This audio contains a single musical note. What is the solfege syllable and accidental (if needed) of this pitch? Use fixed-do (do=C, re=D, mi=E, fa=F, sol=G, la=A, si=B). Include sharps or flats when needed (e.g. do#, reb, fa#, sib). Do NOT include the octave. Reply with ONLY the syllable and accidental (if needed). Nothing else. Output only the answer.","This audio contains a single musical note. What is the main pitch frequency, expressed in Hertz? Reply with ONLY a number (the frequency in Hz). Nothing else. Output only the answer."
piano,instrument,83,1,0,0,0,0,B5,C6,0,0,0,si,sol#,0,0,0,1,C6,sol#,10,data/analysis_audio/pitchbench_a1_single_pitch_id/B5_piano_5000ms.wav,B5_piano_5000ms.wav,This audio contains a single musical note. What is the MIDI note number (an integer from 0 to 127)? Reply with ONLY the integer. Nothing else. Output only the answer.,"This audio contains a single musical note. What is the note name and octave? Reply with ONLY the note name in Scientific Pitch Notation (e.g. C4, F#3, Bb5). Nothing else. Output only the answer.","This audio contains a single musical note. What is the solfege syllable and accidental (if needed) of this pitch? Use fixed-do (do=C, re=D, mi=E, fa=F, sol=G, la=A, si=B). Include sharps or flats when needed (e.g. do#, reb, fa#, sib). Do NOT include the octave. Reply with ONLY the syllable and accidental (if needed). Nothing else. Output only the answer.","This audio contains a single musical note. What is the main pitch frequency, expressed in Hertz? Reply with ONLY a number (the frequency in Hz). Nothing else. Output only the answer."
voice,instrument,29,36,0,0,0,0,F1,C2,0,0,0,fa,,0,0,0,36,C2,pitch matching:* The note,65.,data/analysis_audio/pitchbench_a1_single_pitch_id/F1_voice_5000ms.wav,F1_voice_5000ms.wav,This audio contains a single musical note. What is the MIDI note number (an integer from 0 to 127)? Reply with ONLY the integer. Nothing else. Output only the answer.,"This audio contains a single musical note. What is the note name and octave? Reply with ONLY the note name in Scientific Pitch Notation (e.g. C4, F#3, Bb5). Nothing else. Output only the answer.","This audio contains a single musical note. What is the solfege syllable and accidental (if needed) of this pitch? Use fixed-do (do=C, re=D, mi=E, fa=F, sol=G, la=A, si=B). Include sharps or flats when needed (e.g. do#, reb, fa#, sib). Do NOT include the octave. Reply with ONLY the syllable and accidental (if needed). Nothing else. Output only the answer.","This audio contains a single musical note. What is the main pitch frequency, expressed in Hertz? Reply with ONLY a number (the frequency in Hz). Nothing else. Output only the answer."
voice,instrument,38,37,0,1,0,1,D2,C2,0,0,1,re,,0,0,0,37,C2,pitch matching,65.41,data/analysis_audio/pitchbench_a1_single_pitch_id/D2_voice_5000ms.wav,D2_voice_5000ms.wav,This audio contains a single musical note. What is the MIDI note number (an integer from 0 to 127)? Reply with ONLY the integer. Nothing else. Output only the answer.,"This audio contains a single musical note. What is the note name and octave? Reply with ONLY the note name in Scientific Pitch Notation (e.g. C4, F#3, Bb5). Nothing else. Output only the answer.","This audio contains a single musical note. What is the solfege syllable and accidental (if needed) of this pitch? Use fixed-do (do=C, re=D, mi=E, fa=F, sol=G, la=A, si=B). Include sharps or flats when needed (e.g. do#, reb, fa#, sib). Do NOT include the octave. Reply with ONLY the syllable and accidental (if needed). Nothing else. Output only the answer.","This audio contains a single musical note. What is the main pitch frequency, expressed in Hertz? Reply with ONLY a number (the frequency in Hz). Nothing else. Output only the answer."
voice,instrument,47,40,0,0,0,1,B2,D2,0,0,1,si,sol#,0,0,0,40,D2,sol#,7,data/analysis_audio/pitchbench_a1_single_pitch_id/B2_voice_5000ms.wav,B2_voice_5000ms.wav,This audio contains a single musical note. What is the MIDI note number (an integer from 0 to 127)? Reply with ONLY the integer. Nothing else. Output only the answer.,"This audio contains a single musical note. What is the note name and octave? Reply with ONLY the note name in Scientific Pitch Notation (e.g. C4, F#3, Bb5). Nothing else. Output only the answer.","This audio contains a single musical note. What is the solfege syllable and accidental (if needed) of this pitch? Use fixed-do (do=C, re=D, mi=E, fa=F, sol=G, la=A, si=B). Include sharps or flats when needed (e.g. do#, reb, fa#, sib). Do NOT include the octave. Reply with ONLY the syllable and accidental (if needed). Nothing else. Output only the answer.","This audio contains a single musical note. What is the main pitch frequency, expressed in Hertz? Reply with ONLY a number (the frequency in Hz). Nothing else. Output only the answer."
voice,instrument,56,56,1,1,1,1,G#3,F3,0,0,1,sol#,fa,0,0,1,56,F3,fa,65.,data/analysis_audio/pitchbench_a1_single_pitch_id/Gs3_voice_5000ms.wav,Gs3_voice_5000ms.wav,This audio contains a single musical note. What is the MIDI note number (an integer from 0 to 127)? Reply with ONLY the integer. Nothing else. Output only the answer.,"This audio contains a single musical note. What is the note name and octave? Reply with ONLY the note name in Scientific Pitch Notation (e.g. C4, F#3, Bb5). Nothing else. Output only the answer.","This audio contains a single musical note. What is the solfege syllable and accidental (if needed) of this pitch? Use fixed-do (do=C, re=D, mi=E, fa=F, sol=G, la=A, si=B). Include sharps or flats when needed (e.g. do#, reb, fa#, sib). Do NOT include the octave. Reply with ONLY the syllable and accidental (if needed). Nothing else. Output only the answer.","This audio contains a single musical note. What is the main pitch frequency, expressed in Hertz? Reply with ONLY a number (the frequency in Hz). Nothing else. Output only the answer."
voice,instrument,65,8,0,0,0,0,F4,F5,0,1,0,fa,do#,0,0,0,8,F5,do#,104,data/analysis_audio/pitchbench_a1_single_pitch_id/F4_voice_5000ms.wav,F4_voice_5000ms.wav,This audio contains a single musical note. What is the MIDI note number (an integer from 0 to 127)? Reply with ONLY the integer. Nothing else. Output only the answer.,"This audio contains a single musical note. What is the note name and octave? Reply with ONLY the note name in Scientific Pitch Notation (e.g. C4, F#3, Bb5). Nothing else. Output only the answer.","This audio contains a single musical note. What is the solfege syllable and accidental (if needed) of this pitch? Use fixed-do (do=C, re=D, mi=E, fa=F, sol=G, la=A, si=B). Include sharps or flats when needed (e.g. do#, reb, fa#, sib). Do NOT include the octave. Reply with ONLY the syllable and accidental (if needed). Nothing else. Output only the answer.","This audio contains a single musical note. What is the main pitch frequency, expressed in Hertz? Reply with ONLY a number (the frequency in Hz). Nothing else. Output only the answer."
voice,instrument,74,84,0,0,0,0,D5,,0,0,0,re,sol#,0,0,0,84,C,sol#,1046,data/analysis_audio/pitchbench_a1_single_pitch_id/D5_voice_5000ms.wav,D5_voice_5000ms.wav,This audio contains a single musical note. What is the MIDI note number (an integer from 0 to 127)? Reply with ONLY the integer. Nothing else. Output only the answer.,"This audio contains a single musical note. What is the note name and octave? Reply with ONLY the note name in Scientific Pitch Notation (e.g. C4, F#3, Bb5). Nothing else. Output only the answer.","This audio contains a single musical note. What is the solfege syllable and accidental (if needed) of this pitch? Use fixed-do (do=C, re=D, mi=E, fa=F, sol=G, la=A, si=B). Include sharps or flats when needed (e.g. do#, reb, fa#, sib). Do NOT include the octave. Reply with ONLY the syllable and accidental (if needed). Nothing else. Output only the answer.","This audio contains a single musical note. What is the main pitch frequency, expressed in Hertz? Reply with ONLY a number (the frequency in Hz). Nothing else. Output only the answer."
voice,instrument,83,103,0,0,0,0,B5,B6,0,1,0,si,si,1,0,0,103,B6,si,1046,data/analysis_audio/pitchbench_a1_single_pitch_id/B5_voice_5000ms.wav,B5_voice_5000ms.wav,This audio contains a single musical note. What is the MIDI note number (an integer from 0 to 127)? Reply with ONLY the integer. Nothing else. Output only the answer.,"This audio contains a single musical note. What is the note name and octave? Reply with ONLY the note name in Scientific Pitch Notation (e.g. C4, F#3, Bb5). Nothing else. Output only the answer.","This audio contains a single musical note. What is the solfege syllable and accidental (if needed) of this pitch? Use fixed-do (do=C, re=D, mi=E, fa=F, sol=G, la=A, si=B). Include sharps or flats when needed (e.g. do#, reb, fa#, sib). Do NOT include the octave. Reply with ONLY the syllable and accidental (if needed). Nothing else. Output only the answer.","This audio contains a single musical note. What is the main pitch frequency, expressed in Hertz? Reply with ONLY a number (the frequency in Hz). Nothing else. Output only the answer."
