source,source_type,midi_gt,midi_pred,midi_correct,midi_within_1,midi_pc_correct,midi_octave_correct,spn_gt,spn_pred,spn_correct,spn_pc_correct,spn_octave_correct,doremi_gt,doremi_pred,doremi_correct,hz_correct,any_correct,raw_midi,raw_spn,raw_doremi,raw_hz,audio_url,audio_file,prompt_midi,prompt_spn,prompt_doremi,prompt_hz
sine,waveform,29,1,0,0,0,0,F1,E1,0,0,1,fa,fa,1,0,0,1,E1,f,45,/home/hsnu2/PitchBench/data/analysis_audio/pitchbench_a1_single_pitch_id/F1_sine_5000ms.wav,F1_sine_5000ms.wav,This audio contains a single musical note. What is the MIDI note number (an integer from 0 to 127)? Reply with ONLY the integer. Nothing else. Output only the answer.,"This audio contains a single musical note. What is the note name and octave? Reply with ONLY the note name in Scientific Pitch Notation (e.g. C4, F#3, Bb5). Nothing else. Output only the answer.","This audio contains a single musical note. What is the solfege syllable and accidental (if needed) of this pitch? Use fixed-do (do=C, re=D, mi=E, fa=F, sol=G, la=A, si=B). Include sharps or flats when needed (e.g. do#, reb, fa#, sib). Do NOT include the octave. Reply with ONLY the syllable and accidental (if needed). Nothing else. Output only the answer.","This audio contains a single musical note. What is the main pitch frequency, expressed in Hertz? Reply with ONLY a number (the frequency in Hz). Nothing else. Output only the answer."
sine,waveform,38,38,1,1,1,1,D2,D2,1,1,1,re,do,0,0,1,38,D2,do,50,/home/hsnu2/PitchBench/data/analysis_audio/pitchbench_a1_single_pitch_id/D2_sine_5000ms.wav,D2_sine_5000ms.wav,This audio contains a single musical note. What is the MIDI note number (an integer from 0 to 127)? Reply with ONLY the integer. Nothing else. Output only the answer.,"This audio contains a single musical note. What is the note name and octave? Reply with ONLY the note name in Scientific Pitch Notation (e.g. C4, F#3, Bb5). Nothing else. Output only the answer.","This audio contains a single musical note. What is the solfege syllable and accidental (if needed) of this pitch? Use fixed-do (do=C, re=D, mi=E, fa=F, sol=G, la=A, si=B). Include sharps or flats when needed (e.g. do#, reb, fa#, sib). Do NOT include the octave. Reply with ONLY the syllable and accidental (if needed). Nothing else. Output only the answer.","This audio contains a single musical note. What is the main pitch frequency, expressed in Hertz? Reply with ONLY a number (the frequency in Hz). Nothing else. Output only the answer."
sine,waveform,47,58,0,0,0,0,B2,B2,1,1,1,si,si,1,0,1,58,B2,si,261.6,/home/hsnu2/PitchBench/data/analysis_audio/pitchbench_a1_single_pitch_id/B2_sine_5000ms.wav,B2_sine_5000ms.wav,This audio contains a single musical note. What is the MIDI note number (an integer from 0 to 127)? Reply with ONLY the integer. Nothing else. Output only the answer.,"This audio contains a single musical note. What is the note name and octave? Reply with ONLY the note name in Scientific Pitch Notation (e.g. C4, F#3, Bb5). Nothing else. Output only the answer.","This audio contains a single musical note. What is the solfege syllable and accidental (if needed) of this pitch? Use fixed-do (do=C, re=D, mi=E, fa=F, sol=G, la=A, si=B). Include sharps or flats when needed (e.g. do#, reb, fa#, sib). Do NOT include the octave. Reply with ONLY the syllable and accidental (if needed). Nothing else. Output only the answer.","This audio contains a single musical note. What is the main pitch frequency, expressed in Hertz? Reply with ONLY a number (the frequency in Hz). Nothing else. Output only the answer."
sine,waveform,56,57,0,1,0,1,G#3,G#3,1,1,1,sol#,sol#,1,0,1,57,G#3,sol#,220,/home/hsnu2/PitchBench/data/analysis_audio/pitchbench_a1_single_pitch_id/Gs3_sine_5000ms.wav,Gs3_sine_5000ms.wav,This audio contains a single musical note. What is the MIDI note number (an integer from 0 to 127)? Reply with ONLY the integer. Nothing else. Output only the answer.,"This audio contains a single musical note. What is the note name and octave? Reply with ONLY the note name in Scientific Pitch Notation (e.g. C4, F#3, Bb5). Nothing else. Output only the answer.","This audio contains a single musical note. What is the solfege syllable and accidental (if needed) of this pitch? Use fixed-do (do=C, re=D, mi=E, fa=F, sol=G, la=A, si=B). Include sharps or flats when needed (e.g. do#, reb, fa#, sib). Do NOT include the octave. Reply with ONLY the syllable and accidental (if needed). Nothing else. Output only the answer.","This audio contains a single musical note. What is the main pitch frequency, expressed in Hertz? Reply with ONLY a number (the frequency in Hz). Nothing else. Output only the answer."
sine,waveform,65,65,1,1,1,1,F4,F4,1,1,1,fa,fa,1,1,1,65,F4,fa,349,/home/hsnu2/PitchBench/data/analysis_audio/pitchbench_a1_single_pitch_id/F4_sine_5000ms.wav,F4_sine_5000ms.wav,This audio contains a single musical note. What is the MIDI note number (an integer from 0 to 127)? Reply with ONLY the integer. Nothing else. Output only the answer.,"This audio contains a single musical note. What is the note name and octave? Reply with ONLY the note name in Scientific Pitch Notation (e.g. C4, F#3, Bb5). Nothing else. Output only the answer.","This audio contains a single musical note. What is the solfege syllable and accidental (if needed) of this pitch? Use fixed-do (do=C, re=D, mi=E, fa=F, sol=G, la=A, si=B). Include sharps or flats when needed (e.g. do#, reb, fa#, sib). Do NOT include the octave. Reply with ONLY the syllable and accidental (if needed). Nothing else. Output only the answer.","This audio contains a single musical note. What is the main pitch frequency, expressed in Hertz? Reply with ONLY a number (the frequency in Hz). Nothing else. Output only the answer."
sine,waveform,74,74,1,1,1,1,D5,D5,1,1,1,re,re,1,1,1,74,D5,re,587,/home/hsnu2/PitchBench/data/analysis_audio/pitchbench_a1_single_pitch_id/D5_sine_5000ms.wav,D5_sine_5000ms.wav,This audio contains a single musical note. What is the MIDI note number (an integer from 0 to 127)? Reply with ONLY the integer. Nothing else. Output only the answer.,"This audio contains a single musical note. What is the note name and octave? Reply with ONLY the note name in Scientific Pitch Notation (e.g. C4, F#3, Bb5). Nothing else. Output only the answer.","This audio contains a single musical note. What is the solfege syllable and accidental (if needed) of this pitch? Use fixed-do (do=C, re=D, mi=E, fa=F, sol=G, la=A, si=B). Include sharps or flats when needed (e.g. do#, reb, fa#, sib). Do NOT include the octave. Reply with ONLY the syllable and accidental (if needed). Nothing else. Output only the answer.","This audio contains a single musical note. What is the main pitch frequency, expressed in Hertz? Reply with ONLY a number (the frequency in Hz). Nothing else. Output only the answer."
sine,waveform,83,83,1,1,1,1,B5,B5,1,1,1,si,si,1,0,1,83,B5,si,1046,/home/hsnu2/PitchBench/data/analysis_audio/pitchbench_a1_single_pitch_id/B5_sine_5000ms.wav,B5_sine_5000ms.wav,This audio contains a single musical note. What is the MIDI note number (an integer from 0 to 127)? Reply with ONLY the integer. Nothing else. Output only the answer.,"This audio contains a single musical note. What is the note name and octave? Reply with ONLY the note name in Scientific Pitch Notation (e.g. C4, F#3, Bb5). Nothing else. Output only the answer.","This audio contains a single musical note. What is the solfege syllable and accidental (if needed) of this pitch? Use fixed-do (do=C, re=D, mi=E, fa=F, sol=G, la=A, si=B). Include sharps or flats when needed (e.g. do#, reb, fa#, sib). Do NOT include the octave. Reply with ONLY the syllable and accidental (if needed). Nothing else. Output only the answer.","This audio contains a single musical note. What is the main pitch frequency, expressed in Hertz? Reply with ONLY a number (the frequency in Hz). Nothing else. Output only the answer."
synth_lead,instrument,29,40,0,0,0,0,F1,F#2,0,0,0,fa,sol,0,0,0,40,F#2,sol,110,/home/hsnu2/PitchBench/data/analysis_audio/pitchbench_a1_single_pitch_id/F1_synth_lead_5000ms.wav,F1_synth_lead_5000ms.wav,This audio contains a single musical note. What is the MIDI note number (an integer from 0 to 127)? Reply with ONLY the integer. Nothing else. Output only the answer.,"This audio contains a single musical note. What is the note name and octave? Reply with ONLY the note name in Scientific Pitch Notation (e.g. C4, F#3, Bb5). Nothing else. Output only the answer.","This audio contains a single musical note. What is the solfege syllable and accidental (if needed) of this pitch? Use fixed-do (do=C, re=D, mi=E, fa=F, sol=G, la=A, si=B). Include sharps or flats when needed (e.g. do#, reb, fa#, sib). Do NOT include the octave. Reply with ONLY the syllable and accidental (if needed). Nothing else. Output only the answer.","This audio contains a single musical note. What is the main pitch frequency, expressed in Hertz? Reply with ONLY a number (the frequency in Hz). Nothing else. Output only the answer."
synth_lead,instrument,38,40,0,0,0,1,D2,D#2,0,0,1,re,re,1,0,0,40,D#2,re,110,/home/hsnu2/PitchBench/data/analysis_audio/pitchbench_a1_single_pitch_id/D2_synth_lead_5000ms.wav,D2_synth_lead_5000ms.wav,This audio contains a single musical note. What is the MIDI note number (an integer from 0 to 127)? Reply with ONLY the integer. Nothing else. Output only the answer.,"This audio contains a single musical note. What is the note name and octave? Reply with ONLY the note name in Scientific Pitch Notation (e.g. C4, F#3, Bb5). Nothing else. Output only the answer.","This audio contains a single musical note. What is the solfege syllable and accidental (if needed) of this pitch? Use fixed-do (do=C, re=D, mi=E, fa=F, sol=G, la=A, si=B). Include sharps or flats when needed (e.g. do#, reb, fa#, sib). Do NOT include the octave. Reply with ONLY the syllable and accidental (if needed). Nothing else. Output only the answer.","This audio contains a single musical note. What is the main pitch frequency, expressed in Hertz? Reply with ONLY a number (the frequency in Hz). Nothing else. Output only the answer."
synth_lead,instrument,47,59,0,0,1,0,B2,B2,1,1,1,si,si,1,0,1,59,B2,si,233.08,/home/hsnu2/PitchBench/data/analysis_audio/pitchbench_a1_single_pitch_id/B2_synth_lead_5000ms.wav,B2_synth_lead_5000ms.wav,This audio contains a single musical note. What is the MIDI note number (an integer from 0 to 127)? Reply with ONLY the integer. Nothing else. Output only the answer.,"This audio contains a single musical note. What is the note name and octave? Reply with ONLY the note name in Scientific Pitch Notation (e.g. C4, F#3, Bb5). Nothing else. Output only the answer.","This audio contains a single musical note. What is the solfege syllable and accidental (if needed) of this pitch? Use fixed-do (do=C, re=D, mi=E, fa=F, sol=G, la=A, si=B). Include sharps or flats when needed (e.g. do#, reb, fa#, sib). Do NOT include the octave. Reply with ONLY the syllable and accidental (if needed). Nothing else. Output only the answer.","This audio contains a single musical note. What is the main pitch frequency, expressed in Hertz? Reply with ONLY a number (the frequency in Hz). Nothing else. Output only the answer."
synth_lead,instrument,56,68,0,0,1,0,G#3,G#3,1,1,1,sol#,sol#,1,1,1,68,G#3,sol#,207,/home/hsnu2/PitchBench/data/analysis_audio/pitchbench_a1_single_pitch_id/Gs3_synth_lead_5000ms.wav,Gs3_synth_lead_5000ms.wav,This audio contains a single musical note. What is the MIDI note number (an integer from 0 to 127)? Reply with ONLY the integer. Nothing else. Output only the answer.,"This audio contains a single musical note. What is the note name and octave? Reply with ONLY the note name in Scientific Pitch Notation (e.g. C4, F#3, Bb5). Nothing else. Output only the answer.","This audio contains a single musical note. What is the solfege syllable and accidental (if needed) of this pitch? Use fixed-do (do=C, re=D, mi=E, fa=F, sol=G, la=A, si=B). Include sharps or flats when needed (e.g. do#, reb, fa#, sib). Do NOT include the octave. Reply with ONLY the syllable and accidental (if needed). Nothing else. Output only the answer.","This audio contains a single musical note. What is the main pitch frequency, expressed in Hertz? Reply with ONLY a number (the frequency in Hz). Nothing else. Output only the answer."
synth_lead,instrument,65,77,0,0,1,0,F4,F4,1,1,1,fa,mi,0,0,1,77,F4,mi,440,/home/hsnu2/PitchBench/data/analysis_audio/pitchbench_a1_single_pitch_id/F4_synth_lead_5000ms.wav,F4_synth_lead_5000ms.wav,This audio contains a single musical note. What is the MIDI note number (an integer from 0 to 127)? Reply with ONLY the integer. Nothing else. Output only the answer.,"This audio contains a single musical note. What is the note name and octave? Reply with ONLY the note name in Scientific Pitch Notation (e.g. C4, F#3, Bb5). Nothing else. Output only the answer.","This audio contains a single musical note. What is the solfege syllable and accidental (if needed) of this pitch? Use fixed-do (do=C, re=D, mi=E, fa=F, sol=G, la=A, si=B). Include sharps or flats when needed (e.g. do#, reb, fa#, sib). Do NOT include the octave. Reply with ONLY the syllable and accidental (if needed). Nothing else. Output only the answer.","This audio contains a single musical note. What is the main pitch frequency, expressed in Hertz? Reply with ONLY a number (the frequency in Hz). Nothing else. Output only the answer."
synth_lead,instrument,74,74,1,1,1,1,D5,D5,1,1,1,re,re,1,0,1,74,D5,re,440,/home/hsnu2/PitchBench/data/analysis_audio/pitchbench_a1_single_pitch_id/D5_synth_lead_5000ms.wav,D5_synth_lead_5000ms.wav,This audio contains a single musical note. What is the MIDI note number (an integer from 0 to 127)? Reply with ONLY the integer. Nothing else. Output only the answer.,"This audio contains a single musical note. What is the note name and octave? Reply with ONLY the note name in Scientific Pitch Notation (e.g. C4, F#3, Bb5). Nothing else. Output only the answer.","This audio contains a single musical note. What is the solfege syllable and accidental (if needed) of this pitch? Use fixed-do (do=C, re=D, mi=E, fa=F, sol=G, la=A, si=B). Include sharps or flats when needed (e.g. do#, reb, fa#, sib). Do NOT include the octave. Reply with ONLY the syllable and accidental (if needed). Nothing else. Output only the answer.","This audio contains a single musical note. What is the main pitch frequency, expressed in Hertz? Reply with ONLY a number (the frequency in Hz). Nothing else. Output only the answer."
synth_lead,instrument,83,95,0,0,1,0,B5,B5,1,1,1,si,si,1,0,1,95,B5,si,1046,/home/hsnu2/PitchBench/data/analysis_audio/pitchbench_a1_single_pitch_id/B5_synth_lead_5000ms.wav,B5_synth_lead_5000ms.wav,This audio contains a single musical note. What is the MIDI note number (an integer from 0 to 127)? Reply with ONLY the integer. Nothing else. Output only the answer.,"This audio contains a single musical note. What is the note name and octave? Reply with ONLY the note name in Scientific Pitch Notation (e.g. C4, F#3, Bb5). Nothing else. Output only the answer.","This audio contains a single musical note. What is the solfege syllable and accidental (if needed) of this pitch? Use fixed-do (do=C, re=D, mi=E, fa=F, sol=G, la=A, si=B). Include sharps or flats when needed (e.g. do#, reb, fa#, sib). Do NOT include the octave. Reply with ONLY the syllable and accidental (if needed). Nothing else. Output only the answer.","This audio contains a single musical note. What is the main pitch frequency, expressed in Hertz? Reply with ONLY a number (the frequency in Hz). Nothing else. Output only the answer."
cello,instrument,29,28,0,1,0,1,F1,E1,0,0,1,fa,fa#,0,0,0,28,E1,fa#,55,/home/hsnu2/PitchBench/data/analysis_audio/pitchbench_a1_single_pitch_id/F1_cello_5000ms.wav,F1_cello_5000ms.wav,This audio contains a single musical note. What is the MIDI note number (an integer from 0 to 127)? Reply with ONLY the integer. Nothing else. Output only the answer.,"This audio contains a single musical note. What is the note name and octave? Reply with ONLY the note name in Scientific Pitch Notation (e.g. C4, F#3, Bb5). Nothing else. Output only the answer.","This audio contains a single musical note. What is the solfege syllable and accidental (if needed) of this pitch? Use fixed-do (do=C, re=D, mi=E, fa=F, sol=G, la=A, si=B). Include sharps or flats when needed (e.g. do#, reb, fa#, sib). Do NOT include the octave. Reply with ONLY the syllable and accidental (if needed). Nothing else. Output only the answer.","This audio contains a single musical note. What is the main pitch frequency, expressed in Hertz? Reply with ONLY a number (the frequency in Hz). Nothing else. Output only the answer."
cello,instrument,38,26,0,0,1,0,D2,D2,1,1,1,re,re,1,0,1,26,D2,re,110,/home/hsnu2/PitchBench/data/analysis_audio/pitchbench_a1_single_pitch_id/D2_cello_5000ms.wav,D2_cello_5000ms.wav,This audio contains a single musical note. What is the MIDI note number (an integer from 0 to 127)? Reply with ONLY the integer. Nothing else. Output only the answer.,"This audio contains a single musical note. What is the note name and octave? Reply with ONLY the note name in Scientific Pitch Notation (e.g. C4, F#3, Bb5). Nothing else. Output only the answer.","This audio contains a single musical note. What is the solfege syllable and accidental (if needed) of this pitch? Use fixed-do (do=C, re=D, mi=E, fa=F, sol=G, la=A, si=B). Include sharps or flats when needed (e.g. do#, reb, fa#, sib). Do NOT include the octave. Reply with ONLY the syllable and accidental (if needed). Nothing else. Output only the answer.","This audio contains a single musical note. What is the main pitch frequency, expressed in Hertz? Reply with ONLY a number (the frequency in Hz). Nothing else. Output only the answer."
cello,instrument,47,47,1,1,1,1,B2,B2,1,1,1,si,si,1,0,1,47,B2,si,110,/home/hsnu2/PitchBench/data/analysis_audio/pitchbench_a1_single_pitch_id/B2_cello_5000ms.wav,B2_cello_5000ms.wav,This audio contains a single musical note. What is the MIDI note number (an integer from 0 to 127)? Reply with ONLY the integer. Nothing else. Output only the answer.,"This audio contains a single musical note. What is the note name and octave? Reply with ONLY the note name in Scientific Pitch Notation (e.g. C4, F#3, Bb5). Nothing else. Output only the answer.","This audio contains a single musical note. What is the solfege syllable and accidental (if needed) of this pitch? Use fixed-do (do=C, re=D, mi=E, fa=F, sol=G, la=A, si=B). Include sharps or flats when needed (e.g. do#, reb, fa#, sib). Do NOT include the octave. Reply with ONLY the syllable and accidental (if needed). Nothing else. Output only the answer.","This audio contains a single musical note. What is the main pitch frequency, expressed in Hertz? Reply with ONLY a number (the frequency in Hz). Nothing else. Output only the answer."
cello,instrument,56,56,1,1,1,1,G#3,G#3,1,1,1,sol#,sol#,1,0,1,56,G#3,sol#,220,/home/hsnu2/PitchBench/data/analysis_audio/pitchbench_a1_single_pitch_id/Gs3_cello_5000ms.wav,Gs3_cello_5000ms.wav,This audio contains a single musical note. What is the MIDI note number (an integer from 0 to 127)? Reply with ONLY the integer. Nothing else. Output only the answer.,"This audio contains a single musical note. What is the note name and octave? Reply with ONLY the note name in Scientific Pitch Notation (e.g. C4, F#3, Bb5). Nothing else. Output only the answer.","This audio contains a single musical note. What is the solfege syllable and accidental (if needed) of this pitch? Use fixed-do (do=C, re=D, mi=E, fa=F, sol=G, la=A, si=B). Include sharps or flats when needed (e.g. do#, reb, fa#, sib). Do NOT include the octave. Reply with ONLY the syllable and accidental (if needed). Nothing else. Output only the answer.","This audio contains a single musical note. What is the main pitch frequency, expressed in Hertz? Reply with ONLY a number (the frequency in Hz). Nothing else. Output only the answer."
cello,instrument,65,77,0,0,1,0,F4,F4,1,1,1,fa,fa,1,0,1,77,F4,fa,440,/home/hsnu2/PitchBench/data/analysis_audio/pitchbench_a1_single_pitch_id/F4_cello_5000ms.wav,F4_cello_5000ms.wav,This audio contains a single musical note. What is the MIDI note number (an integer from 0 to 127)? Reply with ONLY the integer. Nothing else. Output only the answer.,"This audio contains a single musical note. What is the note name and octave? Reply with ONLY the note name in Scientific Pitch Notation (e.g. C4, F#3, Bb5). Nothing else. Output only the answer.","This audio contains a single musical note. What is the solfege syllable and accidental (if needed) of this pitch? Use fixed-do (do=C, re=D, mi=E, fa=F, sol=G, la=A, si=B). Include sharps or flats when needed (e.g. do#, reb, fa#, sib). Do NOT include the octave. Reply with ONLY the syllable and accidental (if needed). Nothing else. Output only the answer.","This audio contains a single musical note. What is the main pitch frequency, expressed in Hertz? Reply with ONLY a number (the frequency in Hz). Nothing else. Output only the answer."
cello,instrument,74,74,1,1,1,1,D5,D5,1,1,1,re,re,1,1,1,74,D5,re,587,/home/hsnu2/PitchBench/data/analysis_audio/pitchbench_a1_single_pitch_id/D5_cello_5000ms.wav,D5_cello_5000ms.wav,This audio contains a single musical note. What is the MIDI note number (an integer from 0 to 127)? Reply with ONLY the integer. Nothing else. Output only the answer.,"This audio contains a single musical note. What is the note name and octave? Reply with ONLY the note name in Scientific Pitch Notation (e.g. C4, F#3, Bb5). Nothing else. Output only the answer.","This audio contains a single musical note. What is the solfege syllable and accidental (if needed) of this pitch? Use fixed-do (do=C, re=D, mi=E, fa=F, sol=G, la=A, si=B). Include sharps or flats when needed (e.g. do#, reb, fa#, sib). Do NOT include the octave. Reply with ONLY the syllable and accidental (if needed). Nothing else. Output only the answer.","This audio contains a single musical note. What is the main pitch frequency, expressed in Hertz? Reply with ONLY a number (the frequency in Hz). Nothing else. Output only the answer."
cello,instrument,83,95,0,0,1,0,B5,B5,1,1,1,si,si,1,1,1,95,B5,si,988,/home/hsnu2/PitchBench/data/analysis_audio/pitchbench_a1_single_pitch_id/B5_cello_5000ms.wav,B5_cello_5000ms.wav,This audio contains a single musical note. What is the MIDI note number (an integer from 0 to 127)? Reply with ONLY the integer. Nothing else. Output only the answer.,"This audio contains a single musical note. What is the note name and octave? Reply with ONLY the note name in Scientific Pitch Notation (e.g. C4, F#3, Bb5). Nothing else. Output only the answer.","This audio contains a single musical note. What is the solfege syllable and accidental (if needed) of this pitch? Use fixed-do (do=C, re=D, mi=E, fa=F, sol=G, la=A, si=B). Include sharps or flats when needed (e.g. do#, reb, fa#, sib). Do NOT include the octave. Reply with ONLY the syllable and accidental (if needed). Nothing else. Output only the answer.","This audio contains a single musical note. What is the main pitch frequency, expressed in Hertz? Reply with ONLY a number (the frequency in Hz). Nothing else. Output only the answer."
flute,instrument,29,28,0,1,0,1,F1,F1,1,1,1,fa,fa,1,0,1,28,F1,fa,55,/home/hsnu2/PitchBench/data/analysis_audio/pitchbench_a1_single_pitch_id/F1_flute_5000ms.wav,F1_flute_5000ms.wav,This audio contains a single musical note. What is the MIDI note number (an integer from 0 to 127)? Reply with ONLY the integer. Nothing else. Output only the answer.,"This audio contains a single musical note. What is the note name and octave? Reply with ONLY the note name in Scientific Pitch Notation (e.g. C4, F#3, Bb5). Nothing else. Output only the answer.","This audio contains a single musical note. What is the solfege syllable and accidental (if needed) of this pitch? Use fixed-do (do=C, re=D, mi=E, fa=F, sol=G, la=A, si=B). Include sharps or flats when needed (e.g. do#, reb, fa#, sib). Do NOT include the octave. Reply with ONLY the syllable and accidental (if needed). Nothing else. Output only the answer.","This audio contains a single musical note. What is the main pitch frequency, expressed in Hertz? Reply with ONLY a number (the frequency in Hz). Nothing else. Output only the answer."
flute,instrument,38,38,1,1,1,1,D2,D2,1,1,1,re,re,1,0,1,38,D2,re,55,/home/hsnu2/PitchBench/data/analysis_audio/pitchbench_a1_single_pitch_id/D2_flute_5000ms.wav,D2_flute_5000ms.wav,This audio contains a single musical note. What is the MIDI note number (an integer from 0 to 127)? Reply with ONLY the integer. Nothing else. Output only the answer.,"This audio contains a single musical note. What is the note name and octave? Reply with ONLY the note name in Scientific Pitch Notation (e.g. C4, F#3, Bb5). Nothing else. Output only the answer.","This audio contains a single musical note. What is the solfege syllable and accidental (if needed) of this pitch? Use fixed-do (do=C, re=D, mi=E, fa=F, sol=G, la=A, si=B). Include sharps or flats when needed (e.g. do#, reb, fa#, sib). Do NOT include the octave. Reply with ONLY the syllable and accidental (if needed). Nothing else. Output only the answer.","This audio contains a single musical note. What is the main pitch frequency, expressed in Hertz? Reply with ONLY a number (the frequency in Hz). Nothing else. Output only the answer."
flute,instrument,47,59,0,0,1,0,B2,B2,1,1,1,si,si,1,0,1,59,B2,si,233,/home/hsnu2/PitchBench/data/analysis_audio/pitchbench_a1_single_pitch_id/B2_flute_5000ms.wav,B2_flute_5000ms.wav,This audio contains a single musical note. What is the MIDI note number (an integer from 0 to 127)? Reply with ONLY the integer. Nothing else. Output only the answer.,"This audio contains a single musical note. What is the note name and octave? Reply with ONLY the note name in Scientific Pitch Notation (e.g. C4, F#3, Bb5). Nothing else. Output only the answer.","This audio contains a single musical note. What is the solfege syllable and accidental (if needed) of this pitch? Use fixed-do (do=C, re=D, mi=E, fa=F, sol=G, la=A, si=B). Include sharps or flats when needed (e.g. do#, reb, fa#, sib). Do NOT include the octave. Reply with ONLY the syllable and accidental (if needed). Nothing else. Output only the answer.","This audio contains a single musical note. What is the main pitch frequency, expressed in Hertz? Reply with ONLY a number (the frequency in Hz). Nothing else. Output only the answer."
flute,instrument,56,56,1,1,1,1,G#3,G#3,1,1,1,sol#,sol#,1,0,1,56,G#3,sol#,220,/home/hsnu2/PitchBench/data/analysis_audio/pitchbench_a1_single_pitch_id/Gs3_flute_5000ms.wav,Gs3_flute_5000ms.wav,This audio contains a single musical note. What is the MIDI note number (an integer from 0 to 127)? Reply with ONLY the integer. Nothing else. Output only the answer.,"This audio contains a single musical note. What is the note name and octave? Reply with ONLY the note name in Scientific Pitch Notation (e.g. C4, F#3, Bb5). Nothing else. Output only the answer.","This audio contains a single musical note. What is the solfege syllable and accidental (if needed) of this pitch? Use fixed-do (do=C, re=D, mi=E, fa=F, sol=G, la=A, si=B). Include sharps or flats when needed (e.g. do#, reb, fa#, sib). Do NOT include the octave. Reply with ONLY the syllable and accidental (if needed). Nothing else. Output only the answer.","This audio contains a single musical note. What is the main pitch frequency, expressed in Hertz? Reply with ONLY a number (the frequency in Hz). Nothing else. Output only the answer."
flute,instrument,65,77,0,0,1,0,F4,F4,1,1,1,fa,fa,1,0,1,77,F4,fa,440,/home/hsnu2/PitchBench/data/analysis_audio/pitchbench_a1_single_pitch_id/F4_flute_5000ms.wav,F4_flute_5000ms.wav,This audio contains a single musical note. What is the MIDI note number (an integer from 0 to 127)? Reply with ONLY the integer. Nothing else. Output only the answer.,"This audio contains a single musical note. What is the note name and octave? Reply with ONLY the note name in Scientific Pitch Notation (e.g. C4, F#3, Bb5). Nothing else. Output only the answer.","This audio contains a single musical note. What is the solfege syllable and accidental (if needed) of this pitch? Use fixed-do (do=C, re=D, mi=E, fa=F, sol=G, la=A, si=B). Include sharps or flats when needed (e.g. do#, reb, fa#, sib). Do NOT include the octave. Reply with ONLY the syllable and accidental (if needed). Nothing else. Output only the answer.","This audio contains a single musical note. What is the main pitch frequency, expressed in Hertz? Reply with ONLY a number (the frequency in Hz). Nothing else. Output only the answer."
flute,instrument,74,74,1,1,1,1,D5,D5,1,1,1,re,re,1,1,1,74,D5,re,587,/home/hsnu2/PitchBench/data/analysis_audio/pitchbench_a1_single_pitch_id/D5_flute_5000ms.wav,D5_flute_5000ms.wav,This audio contains a single musical note. What is the MIDI note number (an integer from 0 to 127)? Reply with ONLY the integer. Nothing else. Output only the answer.,"This audio contains a single musical note. What is the note name and octave? Reply with ONLY the note name in Scientific Pitch Notation (e.g. C4, F#3, Bb5). Nothing else. Output only the answer.","This audio contains a single musical note. What is the solfege syllable and accidental (if needed) of this pitch? Use fixed-do (do=C, re=D, mi=E, fa=F, sol=G, la=A, si=B). Include sharps or flats when needed (e.g. do#, reb, fa#, sib). Do NOT include the octave. Reply with ONLY the syllable and accidental (if needed). Nothing else. Output only the answer.","This audio contains a single musical note. What is the main pitch frequency, expressed in Hertz? Reply with ONLY a number (the frequency in Hz). Nothing else. Output only the answer."
flute,instrument,83,95,0,0,1,0,B5,B5,1,1,1,si,si,1,1,1,95,B5,si,987.77,/home/hsnu2/PitchBench/data/analysis_audio/pitchbench_a1_single_pitch_id/B5_flute_5000ms.wav,B5_flute_5000ms.wav,This audio contains a single musical note. What is the MIDI note number (an integer from 0 to 127)? Reply with ONLY the integer. Nothing else. Output only the answer.,"This audio contains a single musical note. What is the note name and octave? Reply with ONLY the note name in Scientific Pitch Notation (e.g. C4, F#3, Bb5). Nothing else. Output only the answer.","This audio contains a single musical note. What is the solfege syllable and accidental (if needed) of this pitch? Use fixed-do (do=C, re=D, mi=E, fa=F, sol=G, la=A, si=B). Include sharps or flats when needed (e.g. do#, reb, fa#, sib). Do NOT include the octave. Reply with ONLY the syllable and accidental (if needed). Nothing else. Output only the answer.","This audio contains a single musical note. What is the main pitch frequency, expressed in Hertz? Reply with ONLY a number (the frequency in Hz). Nothing else. Output only the answer."
piano,instrument,29,40,0,0,0,0,F1,F1,1,1,1,fa,fa,1,0,1,40,F1,fa,27.5,/home/hsnu2/PitchBench/data/analysis_audio/pitchbench_a1_single_pitch_id/F1_piano_5000ms.wav,F1_piano_5000ms.wav,This audio contains a single musical note. What is the MIDI note number (an integer from 0 to 127)? Reply with ONLY the integer. Nothing else. Output only the answer.,"This audio contains a single musical note. What is the note name and octave? Reply with ONLY the note name in Scientific Pitch Notation (e.g. C4, F#3, Bb5). Nothing else. Output only the answer.","This audio contains a single musical note. What is the solfege syllable and accidental (if needed) of this pitch? Use fixed-do (do=C, re=D, mi=E, fa=F, sol=G, la=A, si=B). Include sharps or flats when needed (e.g. do#, reb, fa#, sib). Do NOT include the octave. Reply with ONLY the syllable and accidental (if needed). Nothing else. Output only the answer.","This audio contains a single musical note. What is the main pitch frequency, expressed in Hertz? Reply with ONLY a number (the frequency in Hz). Nothing else. Output only the answer."
piano,instrument,38,50,0,0,1,0,D2,D2,1,1,1,re,re,1,0,1,50,D2,re,55,/home/hsnu2/PitchBench/data/analysis_audio/pitchbench_a1_single_pitch_id/D2_piano_5000ms.wav,D2_piano_5000ms.wav,This audio contains a single musical note. What is the MIDI note number (an integer from 0 to 127)? Reply with ONLY the integer. Nothing else. Output only the answer.,"This audio contains a single musical note. What is the note name and octave? Reply with ONLY the note name in Scientific Pitch Notation (e.g. C4, F#3, Bb5). Nothing else. Output only the answer.","This audio contains a single musical note. What is the solfege syllable and accidental (if needed) of this pitch? Use fixed-do (do=C, re=D, mi=E, fa=F, sol=G, la=A, si=B). Include sharps or flats when needed (e.g. do#, reb, fa#, sib). Do NOT include the octave. Reply with ONLY the syllable and accidental (if needed). Nothing else. Output only the answer.","This audio contains a single musical note. What is the main pitch frequency, expressed in Hertz? Reply with ONLY a number (the frequency in Hz). Nothing else. Output only the answer."
piano,instrument,47,59,0,0,1,0,B2,B2,1,1,1,si,si,1,0,1,59,B2,si,247,/home/hsnu2/PitchBench/data/analysis_audio/pitchbench_a1_single_pitch_id/B2_piano_5000ms.wav,B2_piano_5000ms.wav,This audio contains a single musical note. What is the MIDI note number (an integer from 0 to 127)? Reply with ONLY the integer. Nothing else. Output only the answer.,"This audio contains a single musical note. What is the note name and octave? Reply with ONLY the note name in Scientific Pitch Notation (e.g. C4, F#3, Bb5). Nothing else. Output only the answer.","This audio contains a single musical note. What is the solfege syllable and accidental (if needed) of this pitch? Use fixed-do (do=C, re=D, mi=E, fa=F, sol=G, la=A, si=B). Include sharps or flats when needed (e.g. do#, reb, fa#, sib). Do NOT include the octave. Reply with ONLY the syllable and accidental (if needed). Nothing else. Output only the answer.","This audio contains a single musical note. What is the main pitch frequency, expressed in Hertz? Reply with ONLY a number (the frequency in Hz). Nothing else. Output only the answer."
piano,instrument,56,56,1,1,1,1,G#3,G#3,1,1,1,sol#,sol#,1,1,1,56,G#3,sol#,208,/home/hsnu2/PitchBench/data/analysis_audio/pitchbench_a1_single_pitch_id/Gs3_piano_5000ms.wav,Gs3_piano_5000ms.wav,This audio contains a single musical note. What is the MIDI note number (an integer from 0 to 127)? Reply with ONLY the integer. Nothing else. Output only the answer.,"This audio contains a single musical note. What is the note name and octave? Reply with ONLY the note name in Scientific Pitch Notation (e.g. C4, F#3, Bb5). Nothing else. Output only the answer.","This audio contains a single musical note. What is the solfege syllable and accidental (if needed) of this pitch? Use fixed-do (do=C, re=D, mi=E, fa=F, sol=G, la=A, si=B). Include sharps or flats when needed (e.g. do#, reb, fa#, sib). Do NOT include the octave. Reply with ONLY the syllable and accidental (if needed). Nothing else. Output only the answer.","This audio contains a single musical note. What is the main pitch frequency, expressed in Hertz? Reply with ONLY a number (the frequency in Hz). Nothing else. Output only the answer."
piano,instrument,65,77,0,0,1,0,F4,F4,1,1,1,fa,fa,1,0,1,77,F4,fa,440,/home/hsnu2/PitchBench/data/analysis_audio/pitchbench_a1_single_pitch_id/F4_piano_5000ms.wav,F4_piano_5000ms.wav,This audio contains a single musical note. What is the MIDI note number (an integer from 0 to 127)? Reply with ONLY the integer. Nothing else. Output only the answer.,"This audio contains a single musical note. What is the note name and octave? Reply with ONLY the note name in Scientific Pitch Notation (e.g. C4, F#3, Bb5). Nothing else. Output only the answer.","This audio contains a single musical note. What is the solfege syllable and accidental (if needed) of this pitch? Use fixed-do (do=C, re=D, mi=E, fa=F, sol=G, la=A, si=B). Include sharps or flats when needed (e.g. do#, reb, fa#, sib). Do NOT include the octave. Reply with ONLY the syllable and accidental (if needed). Nothing else. Output only the answer.","This audio contains a single musical note. What is the main pitch frequency, expressed in Hertz? Reply with ONLY a number (the frequency in Hz). Nothing else. Output only the answer."
piano,instrument,74,74,1,1,1,1,D5,D5,1,1,1,re,re,1,1,1,74,D5,re,587,/home/hsnu2/PitchBench/data/analysis_audio/pitchbench_a1_single_pitch_id/D5_piano_5000ms.wav,D5_piano_5000ms.wav,This audio contains a single musical note. What is the MIDI note number (an integer from 0 to 127)? Reply with ONLY the integer. Nothing else. Output only the answer.,"This audio contains a single musical note. What is the note name and octave? Reply with ONLY the note name in Scientific Pitch Notation (e.g. C4, F#3, Bb5). Nothing else. Output only the answer.","This audio contains a single musical note. What is the solfege syllable and accidental (if needed) of this pitch? Use fixed-do (do=C, re=D, mi=E, fa=F, sol=G, la=A, si=B). Include sharps or flats when needed (e.g. do#, reb, fa#, sib). Do NOT include the octave. Reply with ONLY the syllable and accidental (if needed). Nothing else. Output only the answer.","This audio contains a single musical note. What is the main pitch frequency, expressed in Hertz? Reply with ONLY a number (the frequency in Hz). Nothing else. Output only the answer."
piano,instrument,83,95,0,0,1,0,B5,B5,1,1,1,si,si,1,1,1,95,B5,si,987.77,/home/hsnu2/PitchBench/data/analysis_audio/pitchbench_a1_single_pitch_id/B5_piano_5000ms.wav,B5_piano_5000ms.wav,This audio contains a single musical note. What is the MIDI note number (an integer from 0 to 127)? Reply with ONLY the integer. Nothing else. Output only the answer.,"This audio contains a single musical note. What is the note name and octave? Reply with ONLY the note name in Scientific Pitch Notation (e.g. C4, F#3, Bb5). Nothing else. Output only the answer.","This audio contains a single musical note. What is the solfege syllable and accidental (if needed) of this pitch? Use fixed-do (do=C, re=D, mi=E, fa=F, sol=G, la=A, si=B). Include sharps or flats when needed (e.g. do#, reb, fa#, sib). Do NOT include the octave. Reply with ONLY the syllable and accidental (if needed). Nothing else. Output only the answer.","This audio contains a single musical note. What is the main pitch frequency, expressed in Hertz? Reply with ONLY a number (the frequency in Hz). Nothing else. Output only the answer."
voice,instrument,29,28,0,1,0,1,F1,E1,0,0,1,fa,mi,0,0,0,28,E1,mi,55,/home/hsnu2/PitchBench/data/analysis_audio/pitchbench_a1_single_pitch_id/F1_voice_5000ms.wav,F1_voice_5000ms.wav,This audio contains a single musical note. What is the MIDI note number (an integer from 0 to 127)? Reply with ONLY the integer. Nothing else. Output only the answer.,"This audio contains a single musical note. What is the note name and octave? Reply with ONLY the note name in Scientific Pitch Notation (e.g. C4, F#3, Bb5). Nothing else. Output only the answer.","This audio contains a single musical note. What is the solfege syllable and accidental (if needed) of this pitch? Use fixed-do (do=C, re=D, mi=E, fa=F, sol=G, la=A, si=B). Include sharps or flats when needed (e.g. do#, reb, fa#, sib). Do NOT include the octave. Reply with ONLY the syllable and accidental (if needed). Nothing else. Output only the answer.","This audio contains a single musical note. What is the main pitch frequency, expressed in Hertz? Reply with ONLY a number (the frequency in Hz). Nothing else. Output only the answer."
voice,instrument,38,26,0,0,1,0,D2,D2,1,1,1,re,re,1,0,1,26,D2,re,110,/home/hsnu2/PitchBench/data/analysis_audio/pitchbench_a1_single_pitch_id/D2_voice_5000ms.wav,D2_voice_5000ms.wav,This audio contains a single musical note. What is the MIDI note number (an integer from 0 to 127)? Reply with ONLY the integer. Nothing else. Output only the answer.,"This audio contains a single musical note. What is the note name and octave? Reply with ONLY the note name in Scientific Pitch Notation (e.g. C4, F#3, Bb5). Nothing else. Output only the answer.","This audio contains a single musical note. What is the solfege syllable and accidental (if needed) of this pitch? Use fixed-do (do=C, re=D, mi=E, fa=F, sol=G, la=A, si=B). Include sharps or flats when needed (e.g. do#, reb, fa#, sib). Do NOT include the octave. Reply with ONLY the syllable and accidental (if needed). Nothing else. Output only the answer.","This audio contains a single musical note. What is the main pitch frequency, expressed in Hertz? Reply with ONLY a number (the frequency in Hz). Nothing else. Output only the answer."
voice,instrument,47,59,0,0,1,0,B2,B2,1,1,1,si,si,1,0,1,59,B2,si,110,/home/hsnu2/PitchBench/data/analysis_audio/pitchbench_a1_single_pitch_id/B2_voice_5000ms.wav,B2_voice_5000ms.wav,This audio contains a single musical note. What is the MIDI note number (an integer from 0 to 127)? Reply with ONLY the integer. Nothing else. Output only the answer.,"This audio contains a single musical note. What is the note name and octave? Reply with ONLY the note name in Scientific Pitch Notation (e.g. C4, F#3, Bb5). Nothing else. Output only the answer.","This audio contains a single musical note. What is the solfege syllable and accidental (if needed) of this pitch? Use fixed-do (do=C, re=D, mi=E, fa=F, sol=G, la=A, si=B). Include sharps or flats when needed (e.g. do#, reb, fa#, sib). Do NOT include the octave. Reply with ONLY the syllable and accidental (if needed). Nothing else. Output only the answer.","This audio contains a single musical note. What is the main pitch frequency, expressed in Hertz? Reply with ONLY a number (the frequency in Hz). Nothing else. Output only the answer."
voice,instrument,56,56,1,1,1,1,G#3,G#3,1,1,1,sol#,sol,0,0,1,56,G#3,sol,220,/home/hsnu2/PitchBench/data/analysis_audio/pitchbench_a1_single_pitch_id/Gs3_voice_5000ms.wav,Gs3_voice_5000ms.wav,This audio contains a single musical note. What is the MIDI note number (an integer from 0 to 127)? Reply with ONLY the integer. Nothing else. Output only the answer.,"This audio contains a single musical note. What is the note name and octave? Reply with ONLY the note name in Scientific Pitch Notation (e.g. C4, F#3, Bb5). Nothing else. Output only the answer.","This audio contains a single musical note. What is the solfege syllable and accidental (if needed) of this pitch? Use fixed-do (do=C, re=D, mi=E, fa=F, sol=G, la=A, si=B). Include sharps or flats when needed (e.g. do#, reb, fa#, sib). Do NOT include the octave. Reply with ONLY the syllable and accidental (if needed). Nothing else. Output only the answer.","This audio contains a single musical note. What is the main pitch frequency, expressed in Hertz? Reply with ONLY a number (the frequency in Hz). Nothing else. Output only the answer."
voice,instrument,65,77,0,0,1,0,F4,F4,1,1,1,fa,fa,1,0,1,77,F4,fa,440,/home/hsnu2/PitchBench/data/analysis_audio/pitchbench_a1_single_pitch_id/F4_voice_5000ms.wav,F4_voice_5000ms.wav,This audio contains a single musical note. What is the MIDI note number (an integer from 0 to 127)? Reply with ONLY the integer. Nothing else. Output only the answer.,"This audio contains a single musical note. What is the note name and octave? Reply with ONLY the note name in Scientific Pitch Notation (e.g. C4, F#3, Bb5). Nothing else. Output only the answer.","This audio contains a single musical note. What is the solfege syllable and accidental (if needed) of this pitch? Use fixed-do (do=C, re=D, mi=E, fa=F, sol=G, la=A, si=B). Include sharps or flats when needed (e.g. do#, reb, fa#, sib). Do NOT include the octave. Reply with ONLY the syllable and accidental (if needed). Nothing else. Output only the answer.","This audio contains a single musical note. What is the main pitch frequency, expressed in Hertz? Reply with ONLY a number (the frequency in Hz). Nothing else. Output only the answer."
voice,instrument,74,74,1,1,1,1,D5,D5,1,1,1,re,re,1,0,1,74,D5,re,523.25,/home/hsnu2/PitchBench/data/analysis_audio/pitchbench_a1_single_pitch_id/D5_voice_5000ms.wav,D5_voice_5000ms.wav,This audio contains a single musical note. What is the MIDI note number (an integer from 0 to 127)? Reply with ONLY the integer. Nothing else. Output only the answer.,"This audio contains a single musical note. What is the note name and octave? Reply with ONLY the note name in Scientific Pitch Notation (e.g. C4, F#3, Bb5). Nothing else. Output only the answer.","This audio contains a single musical note. What is the solfege syllable and accidental (if needed) of this pitch? Use fixed-do (do=C, re=D, mi=E, fa=F, sol=G, la=A, si=B). Include sharps or flats when needed (e.g. do#, reb, fa#, sib). Do NOT include the octave. Reply with ONLY the syllable and accidental (if needed). Nothing else. Output only the answer.","This audio contains a single musical note. What is the main pitch frequency, expressed in Hertz? Reply with ONLY a number (the frequency in Hz). Nothing else. Output only the answer."
voice,instrument,83,95,0,0,1,0,B5,B5,1,1,1,si,si,1,1,1,95,B5,si,988,/home/hsnu2/PitchBench/data/analysis_audio/pitchbench_a1_single_pitch_id/B5_voice_5000ms.wav,B5_voice_5000ms.wav,This audio contains a single musical note. What is the MIDI note number (an integer from 0 to 127)? Reply with ONLY the integer. Nothing else. Output only the answer.,"This audio contains a single musical note. What is the note name and octave? Reply with ONLY the note name in Scientific Pitch Notation (e.g. C4, F#3, Bb5). Nothing else. Output only the answer.","This audio contains a single musical note. What is the solfege syllable and accidental (if needed) of this pitch? Use fixed-do (do=C, re=D, mi=E, fa=F, sol=G, la=A, si=B). Include sharps or flats when needed (e.g. do#, reb, fa#, sib). Do NOT include the octave. Reply with ONLY the syllable and accidental (if needed). Nothing else. Output only the answer.","This audio contains a single musical note. What is the main pitch frequency, expressed in Hertz? Reply with ONLY a number (the frequency in Hz). Nothing else. Output only the answer."
