duration_ms,source,base_midi,n_transitions,step_size_st,note_duration_ms,midi_seq,note_seq,pattern_gt,pattern_pred,sequence_correct,raw_response,seed,source_type,audio_url,audio_file,prompt_main
250,triangle,79,2,1,250,"79,78,79","G5,F#5,G5","down,up",,0,"Please play the audio again, and I will listen carefully to determine the transitions between the notes.",1371287064,waveform,/home/hsnu2/PitchBench/data/audio/pitchbench_d4_contour_discrete/G5-Fs5-G5_triangle_seq_250ms_62msgap.wav,G5-Fs5-G5_triangle_seq_250ms_62msgap.wav,"Listen to this sequence of separate musical notes. For each TRANSITION between consecutive notes, reply with 'up' or 'down', comma-separated, in order. Example for a 4-note ascending-then-descending pattern: 'up, up, down'. Reply with ONLY the list."
500,sine,79,2,1,500,"79,78,79","G5,F#5,G5","down,up","down,down,up,up,down",0,"down, down, up, up, down",2629063014,waveform,/home/hsnu2/PitchBench/data/audio/pitchbench_d4_contour_discrete/G5-Fs5-G5_sine_seq_500ms_125msgap.wav,G5-Fs5-G5_sine_seq_500ms_125msgap.wav,"Listen to this sequence of separate musical notes. For each TRANSITION between consecutive notes, reply with 'up' or 'down', comma-separated, in order. Example for a 4-note ascending-then-descending pattern: 'up, up, down'. Reply with ONLY the list."
1000,trombone,48,2,1,1000,"48,49,48","C3,C#3,C3","up,down","up,down,down,down",0,"up, down, down, down",1796019244,instrument,/home/hsnu2/PitchBench/data/audio/pitchbench_d4_contour_discrete/C3-Cs3-C3_trombone_seq_1000ms_250msgap.wav,C3-Cs3-C3_trombone_seq_1000ms_250msgap.wav,"Listen to this sequence of separate musical notes. For each TRANSITION between consecutive notes, reply with 'up' or 'down', comma-separated, in order. Example for a 4-note ascending-then-descending pattern: 'up, up, down'. Reply with ONLY the list."
500,trumpet,48,2,1,500,"48,47,48","C3,B2,C3","down,up","down,down,down,down,down",0,"down, down, down, down, down",4006609982,instrument,/home/hsnu2/PitchBench/data/audio/pitchbench_d4_contour_discrete/C3-B2-C3_trumpet_seq_500ms_125msgap.wav,C3-B2-C3_trumpet_seq_500ms_125msgap.wav,"Listen to this sequence of separate musical notes. For each TRANSITION between consecutive notes, reply with 'up' or 'down', comma-separated, in order. Example for a 4-note ascending-then-descending pattern: 'up, up, down'. Reply with ONLY the list."
250,flute,64,2,1,250,"64,65,64","E4,F4,E4","up,down","up,down,up,down,down,up,up,down",0,"Let's analyze the sequence of notes and determine whether each transition goes up or down.

I will listen carefully and identify the direction of each transition.

Here is the result: up, down, down, up, up, down.",1374191985,instrument,/home/hsnu2/PitchBench/data/audio/pitchbench_d4_contour_discrete/E4-F4-E4_flute_seq_250ms_62msgap.wav,E4-F4-E4_flute_seq_250ms_62msgap.wav,"Listen to this sequence of separate musical notes. For each TRANSITION between consecutive notes, reply with 'up' or 'down', comma-separated, in order. Example for a 4-note ascending-then-descending pattern: 'up, up, down'. Reply with ONLY the list."
250,electric_keyboard,30,2,11,250,"30,19,30","F#1,G0,F#1","down,up",,0,"Please play the sequence of notes, and I will listen carefully to determine the transitions.",1397703204,instrument,/home/hsnu2/PitchBench/data/audio/pitchbench_d4_contour_discrete/Fs1-G0-Fs1_electric_keyboard_seq_250ms_62msgap.wav,Fs1-G0-Fs1_electric_keyboard_seq_250ms_62msgap.wav,"Listen to this sequence of separate musical notes. For each TRANSITION between consecutive notes, reply with 'up' or 'down', comma-separated, in order. Example for a 4-note ascending-then-descending pattern: 'up, up, down'. Reply with ONLY the list."
1000,triangle,64,2,11,1000,"64,75,64","E4,D#5,E4","up,down","up,up,down,down,up,down",0,"up, up, down, down, up, down",3090030722,waveform,/home/hsnu2/PitchBench/data/audio/pitchbench_d4_contour_discrete/E4-Ds5-E4_triangle_seq_1000ms_250msgap.wav,E4-Ds5-E4_triangle_seq_1000ms_250msgap.wav,"Listen to this sequence of separate musical notes. For each TRANSITION between consecutive notes, reply with 'up' or 'down', comma-separated, in order. Example for a 4-note ascending-then-descending pattern: 'up, up, down'. Reply with ONLY the list."
500,triangle,36,2,11,500,"36,47,36","C2,B2,C2","up,down",,0,"Please play the sequence of notes, and I will analyze the transitions for you.",2770063884,waveform,/home/hsnu2/PitchBench/data/audio/pitchbench_d4_contour_discrete/C2-B2-C2_triangle_seq_500ms_125msgap.wav,C2-B2-C2_triangle_seq_500ms_125msgap.wav,"Listen to this sequence of separate musical notes. For each TRANSITION between consecutive notes, reply with 'up' or 'down', comma-separated, in order. Example for a 4-note ascending-then-descending pattern: 'up, up, down'. Reply with ONLY the list."
1000,bass,30,2,11,1000,"30,41,30","F#1,F2,F#1","up,down","down,down,up,up,down",0,"down, down, up, up, down",495086664,instrument,/home/hsnu2/PitchBench/data/audio/pitchbench_d4_contour_discrete/Fs1-F2-Fs1_bass_seq_1000ms_250msgap.wav,Fs1-F2-Fs1_bass_seq_1000ms_250msgap.wav,"Listen to this sequence of separate musical notes. For each TRANSITION between consecutive notes, reply with 'up' or 'down', comma-separated, in order. Example for a 4-note ascending-then-descending pattern: 'up, up, down'. Reply with ONLY the list."
1000,sawtooth,36,2,11,1000,"36,25,36","C2,C#1,C2","down,up","down,down,up,up,down",0,"down, down, up, up, down",433073599,waveform,/home/hsnu2/PitchBench/data/audio/pitchbench_d4_contour_discrete/C2-Cs1-C2_sawtooth_seq_1000ms_250msgap.wav,C2-Cs1-C2_sawtooth_seq_1000ms_250msgap.wav,"Listen to this sequence of separate musical notes. For each TRANSITION between consecutive notes, reply with 'up' or 'down', comma-separated, in order. Example for a 4-note ascending-then-descending pattern: 'up, up, down'. Reply with ONLY the list."
250,sawtooth,30,2,2,250,"30,28,30","F#1,E1,F#1","down,up","down,down,up,up,down",0,"down, down, up, up, down",3819167598,waveform,/home/hsnu2/PitchBench/data/audio/pitchbench_d4_contour_discrete/Fs1-E1-Fs1_sawtooth_seq_250ms_62msgap.wav,Fs1-E1-Fs1_sawtooth_seq_250ms_62msgap.wav,"Listen to this sequence of separate musical notes. For each TRANSITION between consecutive notes, reply with 'up' or 'down', comma-separated, in order. Example for a 4-note ascending-then-descending pattern: 'up, up, down'. Reply with ONLY the list."
1000,triangle,36,2,2,1000,"36,34,36","C2,A#1,C2","down,up","up,up,down,down,up,up,down,down,up,up",0,"up, up, down, down, up, up, down, down, up, up",2294024899,waveform,/home/hsnu2/PitchBench/data/audio/pitchbench_d4_contour_discrete/C2-As1-C2_triangle_seq_1000ms_250msgap.wav,C2-As1-C2_triangle_seq_1000ms_250msgap.wav,"Listen to this sequence of separate musical notes. For each TRANSITION between consecutive notes, reply with 'up' or 'down', comma-separated, in order. Example for a 4-note ascending-then-descending pattern: 'up, up, down'. Reply with ONLY the list."
500,flute,54,2,2,500,"54,56,54","F#3,G#3,F#3","up,down","down,down,up,up,down",0,"down, down, up, up, down",3675762415,instrument,/home/hsnu2/PitchBench/data/audio/pitchbench_d4_contour_discrete/Fs3-Gs3-Fs3_flute_seq_500ms_125msgap.wav,Fs3-Gs3-Fs3_flute_seq_500ms_125msgap.wav,"Listen to this sequence of separate musical notes. For each TRANSITION between consecutive notes, reply with 'up' or 'down', comma-separated, in order. Example for a 4-note ascending-then-descending pattern: 'up, up, down'. Reply with ONLY the list."
500,flute,88,2,2,500,"88,86,88","E6,D6,E6","down,up","down,down,up,up,down",0,"down, down, up, up, down",2282148991,instrument,/home/hsnu2/PitchBench/data/audio/pitchbench_d4_contour_discrete/E6-D6-E6_flute_seq_500ms_125msgap.wav,E6-D6-E6_flute_seq_500ms_125msgap.wav,"Listen to this sequence of separate musical notes. For each TRANSITION between consecutive notes, reply with 'up' or 'down', comma-separated, in order. Example for a 4-note ascending-then-descending pattern: 'up, up, down'. Reply with ONLY the list."
500,synth_pad,43,2,2,500,"43,41,43","G2,F2,G2","down,up",,0,"Please play the sequence of notes, and I will analyze the transitions.",3191112523,instrument,/home/hsnu2/PitchBench/data/audio/pitchbench_d4_contour_discrete/G2-F2-G2_synth_pad_seq_500ms_125msgap.wav,G2-F2-G2_synth_pad_seq_500ms_125msgap.wav,"Listen to this sequence of separate musical notes. For each TRANSITION between consecutive notes, reply with 'up' or 'down', comma-separated, in order. Example for a 4-note ascending-then-descending pattern: 'up, up, down'. Reply with ONLY the list."
250,sine,88,2,4,250,"88,84,88","E6,C6,E6","down,up","down,down,up,up,down,up,down",0,"down, down, up, up, down, up, down",1497922199,waveform,/home/hsnu2/PitchBench/data/audio/pitchbench_d4_contour_discrete/E6-C6-E6_sine_seq_250ms_62msgap.wav,E6-C6-E6_sine_seq_250ms_62msgap.wav,"Listen to this sequence of separate musical notes. For each TRANSITION between consecutive notes, reply with 'up' or 'down', comma-separated, in order. Example for a 4-note ascending-then-descending pattern: 'up, up, down'. Reply with ONLY the list."
1000,guitar,69,2,4,1000,"69,73,69","A4,C#5,A4","up,down","down,down,up",0,"down, down, up",1600126911,instrument,/home/hsnu2/PitchBench/data/audio/pitchbench_d4_contour_discrete/A4-Cs5-A4_guitar_seq_1000ms_250msgap.wav,A4-Cs5-A4_guitar_seq_1000ms_250msgap.wav,"Listen to this sequence of separate musical notes. For each TRANSITION between consecutive notes, reply with 'up' or 'down', comma-separated, in order. Example for a 4-note ascending-then-descending pattern: 'up, up, down'. Reply with ONLY the list."
250,voice,64,2,4,250,"64,68,64","E4,G#4,E4","up,down",,0,"Please play the sequence of notes, and I will analyze the transitions.",1831177447,instrument,/home/hsnu2/PitchBench/data/audio/pitchbench_d4_contour_discrete/E4-Gs4-E4_voice_seq_250ms_62msgap.wav,E4-Gs4-E4_voice_seq_250ms_62msgap.wav,"Listen to this sequence of separate musical notes. For each TRANSITION between consecutive notes, reply with 'up' or 'down', comma-separated, in order. Example for a 4-note ascending-then-descending pattern: 'up, up, down'. Reply with ONLY the list."
250,organ,48,2,4,250,"48,52,48","C3,E3,C3","up,down",,0,"Please play the audio, and I will listen to the sequence of notes to determine the transitions.",352279808,instrument,/home/hsnu2/PitchBench/data/audio/pitchbench_d4_contour_discrete/C3-E3-C3_organ_seq_250ms_62msgap.wav,C3-E3-C3_organ_seq_250ms_62msgap.wav,"Listen to this sequence of separate musical notes. For each TRANSITION between consecutive notes, reply with 'up' or 'down', comma-separated, in order. Example for a 4-note ascending-then-descending pattern: 'up, up, down'. Reply with ONLY the list."
250,flute,60,2,4,250,"60,56,60","C4,G#3,C4","down,up","down,down,up,up,down,up,down,down",0,"down, down, up, up, down, up, down, down",2876002439,instrument,/home/hsnu2/PitchBench/data/audio/pitchbench_d4_contour_discrete/C4-Gs3-C4_flute_seq_250ms_62msgap.wav,C4-Gs3-C4_flute_seq_250ms_62msgap.wav,"Listen to this sequence of separate musical notes. For each TRANSITION between consecutive notes, reply with 'up' or 'down', comma-separated, in order. Example for a 4-note ascending-then-descending pattern: 'up, up, down'. Reply with ONLY the list."
250,bass,48,2,7,250,"48,55,48","C3,G3,C3","up,down",,0,"Please play the sequence of notes, and I will listen carefully to determine the transitions.",3575053675,instrument,/home/hsnu2/PitchBench/data/audio/pitchbench_d4_contour_discrete/C3-G3-C3_bass_seq_250ms_62msgap.wav,C3-G3-C3_bass_seq_250ms_62msgap.wav,"Listen to this sequence of separate musical notes. For each TRANSITION between consecutive notes, reply with 'up' or 'down', comma-separated, in order. Example for a 4-note ascending-then-descending pattern: 'up, up, down'. Reply with ONLY the list."
1000,trombone,54,2,7,1000,"54,47,54","F#3,B2,F#3","down,up","down,down,down,down",0,"down, down, down, down",149473699,instrument,/home/hsnu2/PitchBench/data/audio/pitchbench_d4_contour_discrete/Fs3-B2-Fs3_trombone_seq_1000ms_250msgap.wav,Fs3-B2-Fs3_trombone_seq_1000ms_250msgap.wav,"Listen to this sequence of separate musical notes. For each TRANSITION between consecutive notes, reply with 'up' or 'down', comma-separated, in order. Example for a 4-note ascending-then-descending pattern: 'up, up, down'. Reply with ONLY the list."
250,sine,43,2,7,250,"43,50,43","G2,D3,G2","up,down",,0,"Please play the sequence of notes, and I will analyze the transitions.",387092825,waveform,/home/hsnu2/PitchBench/data/audio/pitchbench_d4_contour_discrete/G2-D3-G2_sine_seq_250ms_62msgap.wav,G2-D3-G2_sine_seq_250ms_62msgap.wav,"Listen to this sequence of separate musical notes. For each TRANSITION between consecutive notes, reply with 'up' or 'down', comma-separated, in order. Example for a 4-note ascending-then-descending pattern: 'up, up, down'. Reply with ONLY the list."
500,electric_keyboard,54,2,7,500,"54,47,54","F#3,B2,F#3","down,up","down,down,up,up",0,"down, down, up, up",3403861361,instrument,/home/hsnu2/PitchBench/data/audio/pitchbench_d4_contour_discrete/Fs3-B2-Fs3_electric_keyboard_seq_500ms_125msgap.wav,Fs3-B2-Fs3_electric_keyboard_seq_500ms_125msgap.wav,"Listen to this sequence of separate musical notes. For each TRANSITION between consecutive notes, reply with 'up' or 'down', comma-separated, in order. Example for a 4-note ascending-then-descending pattern: 'up, up, down'. Reply with ONLY the list."
250,organ,54,2,7,250,"54,61,54","F#3,C#4,F#3","up,down","up,down,down,up",0,"Let me listen to the sequence carefully and identify the transitions.

The transitions are: up, down, down, up.",3948598693,instrument,/home/hsnu2/PitchBench/data/audio/pitchbench_d4_contour_discrete/Fs3-Cs4-Fs3_organ_seq_250ms_62msgap.wav,Fs3-Cs4-Fs3_organ_seq_250ms_62msgap.wav,"Listen to this sequence of separate musical notes. For each TRANSITION between consecutive notes, reply with 'up' or 'down', comma-separated, in order. Example for a 4-note ascending-then-descending pattern: 'up, up, down'. Reply with ONLY the list."
250,oboe,64,3,1,250,"64,65,64,65","E4,F4,E4,F4","up,down,up",,0,"Please play the sequence, and I will listen carefully to determine the transitions between the notes.",2780029662,instrument,/home/hsnu2/PitchBench/data/audio/pitchbench_d4_contour_discrete/E4-F4-E4-F4_oboe_seq_250ms_62msgap.wav,E4-F4-E4-F4_oboe_seq_250ms_62msgap.wav,"Listen to this sequence of separate musical notes. For each TRANSITION between consecutive notes, reply with 'up' or 'down', comma-separated, in order. Example for a 4-note ascending-then-descending pattern: 'up, up, down'. Reply with ONLY the list."
1000,trombone,54,3,1,1000,"54,53,54,53","F#3,F3,F#3,F3","down,up,down","down,down,down,down",0,"down, down, down, down",2904951123,instrument,/home/hsnu2/PitchBench/data/audio/pitchbench_d4_contour_discrete/Fs3-F3-Fs3-F3_trombone_seq_1000ms_250msgap.wav,Fs3-F3-Fs3-F3_trombone_seq_1000ms_250msgap.wav,"Listen to this sequence of separate musical notes. For each TRANSITION between consecutive notes, reply with 'up' or 'down', comma-separated, in order. Example for a 4-note ascending-then-descending pattern: 'up, up, down'. Reply with ONLY the list."
250,electric_keyboard,48,3,1,250,"48,49,48,49","C3,C#3,C3,C#3","up,down,up",,0,"Please play the sequence of notes, and I will listen carefully to determine the transitions.",1278239299,instrument,/home/hsnu2/PitchBench/data/audio/pitchbench_d4_contour_discrete/C3-Cs3-C3-Cs3_electric_keyboard_seq_250ms_62msgap.wav,C3-Cs3-C3-Cs3_electric_keyboard_seq_250ms_62msgap.wav,"Listen to this sequence of separate musical notes. For each TRANSITION between consecutive notes, reply with 'up' or 'down', comma-separated, in order. Example for a 4-note ascending-then-descending pattern: 'up, up, down'. Reply with ONLY the list."
500,flute,48,3,1,500,"48,47,46,47","C3,B2,A#2,B2","down,down,up","down,down,down,down",0,"down, down, down, down",2688097473,instrument,/home/hsnu2/PitchBench/data/audio/pitchbench_d4_contour_discrete/C3-B2-As2-B2_flute_seq_500ms_125msgap.wav,C3-B2-As2-B2_flute_seq_500ms_125msgap.wav,"Listen to this sequence of separate musical notes. For each TRANSITION between consecutive notes, reply with 'up' or 'down', comma-separated, in order. Example for a 4-note ascending-then-descending pattern: 'up, up, down'. Reply with ONLY the list."
1000,oboe,54,3,1,1000,"54,53,54,53","F#3,F3,F#3,F3","down,up,down","down,down,down,down",0,"down, down, down, down",857952466,instrument,/home/hsnu2/PitchBench/data/audio/pitchbench_d4_contour_discrete/Fs3-F3-Fs3-F3_oboe_seq_1000ms_250msgap.wav,Fs3-F3-Fs3-F3_oboe_seq_1000ms_250msgap.wav,"Listen to this sequence of separate musical notes. For each TRANSITION between consecutive notes, reply with 'up' or 'down', comma-separated, in order. Example for a 4-note ascending-then-descending pattern: 'up, up, down'. Reply with ONLY the list."
500,triangle,79,3,11,500,"79,90,79,68","G5,F#6,G5,G#4","up,down,down","down,down,up,up,down",0,"down, down, up, up, down",3659421092,waveform,/home/hsnu2/PitchBench/data/audio/pitchbench_d4_contour_discrete/G5-Fs6-G5-Gs4_triangle_seq_500ms_125msgap.wav,G5-Fs6-G5-Gs4_triangle_seq_500ms_125msgap.wav,"Listen to this sequence of separate musical notes. For each TRANSITION between consecutive notes, reply with 'up' or 'down', comma-separated, in order. Example for a 4-note ascending-then-descending pattern: 'up, up, down'. Reply with ONLY the list."
250,triangle,60,3,11,250,"60,71,60,71","C4,B4,C4,B4","up,down,up",,0,"Got it! Please play the sequence, and I will listen carefully to determine the transitions.",3384476469,waveform,/home/hsnu2/PitchBench/data/audio/pitchbench_d4_contour_discrete/C4-B4-C4-B4_triangle_seq_250ms_62msgap.wav,C4-B4-C4-B4_triangle_seq_250ms_62msgap.wav,"Listen to this sequence of separate musical notes. For each TRANSITION between consecutive notes, reply with 'up' or 'down', comma-separated, in order. Example for a 4-note ascending-then-descending pattern: 'up, up, down'. Reply with ONLY the list."
1000,organ,43,3,11,1000,"43,32,43,54","G2,G#1,G2,F#3","down,up,up","up,down,up,down,up,down",0,"up, down, up, down, up, down",3856935240,instrument,/home/hsnu2/PitchBench/data/audio/pitchbench_d4_contour_discrete/G2-Gs1-G2-Fs3_organ_seq_1000ms_250msgap.wav,G2-Gs1-G2-Fs3_organ_seq_1000ms_250msgap.wav,"Listen to this sequence of separate musical notes. For each TRANSITION between consecutive notes, reply with 'up' or 'down', comma-separated, in order. Example for a 4-note ascending-then-descending pattern: 'up, up, down'. Reply with ONLY the list."
500,triangle,64,3,11,500,"64,53,64,75","E4,F3,E4,D#5","down,up,up","up,up,down,down,up,down,up,down",0,"up, up, down, down, up, down, up, down",2557169630,waveform,/home/hsnu2/PitchBench/data/audio/pitchbench_d4_contour_discrete/E4-F3-E4-Ds5_triangle_seq_500ms_125msgap.wav,E4-F3-E4-Ds5_triangle_seq_500ms_125msgap.wav,"Listen to this sequence of separate musical notes. For each TRANSITION between consecutive notes, reply with 'up' or 'down', comma-separated, in order. Example for a 4-note ascending-then-descending pattern: 'up, up, down'. Reply with ONLY the list."
1000,cello,54,3,11,1000,"54,43,54,43","F#3,G2,F#3,G2","down,up,down","down,down,down,down",0,"down, down, down, down",532781546,instrument,/home/hsnu2/PitchBench/data/audio/pitchbench_d4_contour_discrete/Fs3-G2-Fs3-G2_cello_seq_1000ms_250msgap.wav,Fs3-G2-Fs3-G2_cello_seq_1000ms_250msgap.wav,"Listen to this sequence of separate musical notes. For each TRANSITION between consecutive notes, reply with 'up' or 'down', comma-separated, in order. Example for a 4-note ascending-then-descending pattern: 'up, up, down'. Reply with ONLY the list."
500,oboe,69,3,2,500,"69,71,69,71","A4,B4,A4,B4","up,down,up","down,down,down,down,down",0,"down, down, down, down, down",3052817504,instrument,/home/hsnu2/PitchBench/data/audio/pitchbench_d4_contour_discrete/A4-B4-A4-B4_oboe_seq_500ms_125msgap.wav,A4-B4-A4-B4_oboe_seq_500ms_125msgap.wav,"Listen to this sequence of separate musical notes. For each TRANSITION between consecutive notes, reply with 'up' or 'down', comma-separated, in order. Example for a 4-note ascending-then-descending pattern: 'up, up, down'. Reply with ONLY the list."
250,trombone,30,3,2,250,"30,28,26,28","F#1,E1,D1,E1","down,down,up","down,up,down,up,down",0,"down, up, down, up, down",1411962532,instrument,/home/hsnu2/PitchBench/data/audio/pitchbench_d4_contour_discrete/Fs1-E1-D1-E1_trombone_seq_250ms_62msgap.wav,Fs1-E1-D1-E1_trombone_seq_250ms_62msgap.wav,"Listen to this sequence of separate musical notes. For each TRANSITION between consecutive notes, reply with 'up' or 'down', comma-separated, in order. Example for a 4-note ascending-then-descending pattern: 'up, up, down'. Reply with ONLY the list."
1000,sawtooth,54,3,2,1000,"54,52,50,52","F#3,E3,D3,E3","down,down,up","up,down,up,down,up",0,"up, down, up, down, up",1026456358,waveform,/home/hsnu2/PitchBench/data/audio/pitchbench_d4_contour_discrete/Fs3-E3-D3-E3_sawtooth_seq_1000ms_250msgap.wav,Fs3-E3-D3-E3_sawtooth_seq_1000ms_250msgap.wav,"Listen to this sequence of separate musical notes. For each TRANSITION between consecutive notes, reply with 'up' or 'down', comma-separated, in order. Example for a 4-note ascending-then-descending pattern: 'up, up, down'. Reply with ONLY the list."
1000,bass,64,3,2,1000,"64,66,68,66","E4,F#4,G#4,F#4","up,up,down","up,down,down,down",0,"up, down, down, down",2483925368,instrument,/home/hsnu2/PitchBench/data/audio/pitchbench_d4_contour_discrete/E4-Fs4-Gs4-Fs4_bass_seq_1000ms_250msgap.wav,E4-Fs4-Gs4-Fs4_bass_seq_1000ms_250msgap.wav,"Listen to this sequence of separate musical notes. For each TRANSITION between consecutive notes, reply with 'up' or 'down', comma-separated, in order. Example for a 4-note ascending-then-descending pattern: 'up, up, down'. Reply with ONLY the list."
250,voice,48,3,2,250,"48,46,48,46","C3,A#2,C3,A#2","down,up,down",,0,"Please play the sequence of notes, and I will analyze the transitions.",2220695369,instrument,/home/hsnu2/PitchBench/data/audio/pitchbench_d4_contour_discrete/C3-As2-C3-As2_voice_seq_250ms_62msgap.wav,C3-As2-C3-As2_voice_seq_250ms_62msgap.wav,"Listen to this sequence of separate musical notes. For each TRANSITION between consecutive notes, reply with 'up' or 'down', comma-separated, in order. Example for a 4-note ascending-then-descending pattern: 'up, up, down'. Reply with ONLY the list."
500,piano,43,3,4,500,"43,39,43,39","G2,D#2,G2,D#2","down,up,down","up,down,down,up,up,up,down,down,up,up",0,"Let's analyze the transitions between the notes.

First transition: up.
Second transition: down.
Third transition: down.
Fourth transition: up.
Fifth transition: up.

So the sequence is: up, down, down, up, up.",2535792935,instrument,/home/hsnu2/PitchBench/data/audio/pitchbench_d4_contour_discrete/G2-Ds2-G2-Ds2_piano_seq_500ms_125msgap.wav,G2-Ds2-G2-Ds2_piano_seq_500ms_125msgap.wav,"Listen to this sequence of separate musical notes. For each TRANSITION between consecutive notes, reply with 'up' or 'down', comma-separated, in order. Example for a 4-note ascending-then-descending pattern: 'up, up, down'. Reply with ONLY the list."
250,violin,88,3,4,250,"88,84,80,84","E6,C6,G#5,C6","down,down,up","down,up,up,down,down",0,"down, up, up, down, down",2837828226,instrument,/home/hsnu2/PitchBench/data/audio/pitchbench_d4_contour_discrete/E6-C6-Gs5-C6_violin_seq_250ms_62msgap.wav,E6-C6-Gs5-C6_violin_seq_250ms_62msgap.wav,"Listen to this sequence of separate musical notes. For each TRANSITION between consecutive notes, reply with 'up' or 'down', comma-separated, in order. Example for a 4-note ascending-then-descending pattern: 'up, up, down'. Reply with ONLY the list."
1000,square,64,3,4,1000,"64,60,64,68","E4,C4,E4,G#4","down,up,up","down,down,down,down",0,"down, down, down, down",2358901942,waveform,/home/hsnu2/PitchBench/data/audio/pitchbench_d4_contour_discrete/E4-C4-E4-Gs4_square_seq_1000ms_250msgap.wav,E4-C4-E4-Gs4_square_seq_1000ms_250msgap.wav,"Listen to this sequence of separate musical notes. For each TRANSITION between consecutive notes, reply with 'up' or 'down', comma-separated, in order. Example for a 4-note ascending-then-descending pattern: 'up, up, down'. Reply with ONLY the list."
500,voice,79,3,4,500,"79,75,71,75","G5,D#5,B4,D#5","down,down,up","up,up,down,down,up,up,down",0,"up, up, down, down, up, up, down",3556802484,instrument,/home/hsnu2/PitchBench/data/audio/pitchbench_d4_contour_discrete/G5-Ds5-B4-Ds5_voice_seq_500ms_125msgap.wav,G5-Ds5-B4-Ds5_voice_seq_500ms_125msgap.wav,"Listen to this sequence of separate musical notes. For each TRANSITION between consecutive notes, reply with 'up' or 'down', comma-separated, in order. Example for a 4-note ascending-then-descending pattern: 'up, up, down'. Reply with ONLY the list."
250,clarinet,30,3,4,250,"30,26,22,26","F#1,D1,A#0,D1","down,down,up",,0,"Please play the sequence of notes, and I will listen carefully to determine the transitions.",2949034767,instrument,/home/hsnu2/PitchBench/data/audio/pitchbench_d4_contour_discrete/Fs1-D1-As0-D1_clarinet_seq_250ms_62msgap.wav,Fs1-D1-As0-D1_clarinet_seq_250ms_62msgap.wav,"Listen to this sequence of separate musical notes. For each TRANSITION between consecutive notes, reply with 'up' or 'down', comma-separated, in order. Example for a 4-note ascending-then-descending pattern: 'up, up, down'. Reply with ONLY the list."
1000,violin,60,3,7,1000,"60,67,60,67","C4,G4,C4,G4","up,down,up","down,down,down,down,down",0,"down, down, down, down, down",1468412500,instrument,/home/hsnu2/PitchBench/data/audio/pitchbench_d4_contour_discrete/C4-G4-C4-G4_violin_seq_1000ms_250msgap.wav,C4-G4-C4-G4_violin_seq_1000ms_250msgap.wav,"Listen to this sequence of separate musical notes. For each TRANSITION between consecutive notes, reply with 'up' or 'down', comma-separated, in order. Example for a 4-note ascending-then-descending pattern: 'up, up, down'. Reply with ONLY the list."
1000,guitar,64,3,7,1000,"64,71,64,57","E4,B4,E4,A3","up,down,down","down,down,up,up",0,"down, down, up, up",2739057208,instrument,/home/hsnu2/PitchBench/data/audio/pitchbench_d4_contour_discrete/E4-B4-E4-A3_guitar_seq_1000ms_250msgap.wav,E4-B4-E4-A3_guitar_seq_1000ms_250msgap.wav,"Listen to this sequence of separate musical notes. For each TRANSITION between consecutive notes, reply with 'up' or 'down', comma-separated, in order. Example for a 4-note ascending-then-descending pattern: 'up, up, down'. Reply with ONLY the list."
250,square,54,3,7,250,"54,61,54,61","F#3,C#4,F#3,C#4","up,down,up","down,down,up,up,down,up,down,up",0,"down, down, up, up, down, up, down, up",2891977484,waveform,/home/hsnu2/PitchBench/data/audio/pitchbench_d4_contour_discrete/Fs3-Cs4-Fs3-Cs4_square_seq_250ms_62msgap.wav,Fs3-Cs4-Fs3-Cs4_square_seq_250ms_62msgap.wav,"Listen to this sequence of separate musical notes. For each TRANSITION between consecutive notes, reply with 'up' or 'down', comma-separated, in order. Example for a 4-note ascending-then-descending pattern: 'up, up, down'. Reply with ONLY the list."
1000,sawtooth,60,3,7,1000,"60,67,74,67","C4,G4,D5,G4","up,up,down","up,up,down,down,up,down,up,down",0,"up, up, down, down, up, down, up, down",899393337,waveform,/home/hsnu2/PitchBench/data/audio/pitchbench_d4_contour_discrete/C4-G4-D5-G4_sawtooth_seq_1000ms_250msgap.wav,C4-G4-D5-G4_sawtooth_seq_1000ms_250msgap.wav,"Listen to this sequence of separate musical notes. For each TRANSITION between consecutive notes, reply with 'up' or 'down', comma-separated, in order. Example for a 4-note ascending-then-descending pattern: 'up, up, down'. Reply with ONLY the list."
500,flute,88,3,7,500,"88,81,88,95","E6,A5,E6,B6","down,up,up","up,down,up,down,up",0,"up, down, up, down, up",2826905545,instrument,/home/hsnu2/PitchBench/data/audio/pitchbench_d4_contour_discrete/E6-A5-E6-B6_flute_seq_500ms_125msgap.wav,E6-A5-E6-B6_flute_seq_500ms_125msgap.wav,"Listen to this sequence of separate musical notes. For each TRANSITION between consecutive notes, reply with 'up' or 'down', comma-separated, in order. Example for a 4-note ascending-then-descending pattern: 'up, up, down'. Reply with ONLY the list."
1000,trombone,79,5,1,1000,"79,80,79,80,79,78","G5,G#5,G5,G#5,G5,F#5","up,down,up,down,down","down,down,down,down,down",0,"down, down, down, down, down",526641169,instrument,/home/hsnu2/PitchBench/data/audio/pitchbench_d4_contour_discrete/G5-Gs5-G5-Gs5-G5-Fs5_trombone_seq_1000ms_250msgap.wav,G5-Gs5-G5-Gs5-G5-Fs5_trombone_seq_1000ms_250msgap.wav,"Listen to this sequence of separate musical notes. For each TRANSITION between consecutive notes, reply with 'up' or 'down', comma-separated, in order. Example for a 4-note ascending-then-descending pattern: 'up, up, down'. Reply with ONLY the list."
250,square,69,5,1,250,"69,68,69,70,69,70","A4,G#4,A4,A#4,A4,A#4","down,up,up,down,up","down,down,up,up,down",0,"down, down, up, up, down",3109927884,waveform,/home/hsnu2/PitchBench/data/audio/pitchbench_d4_contour_discrete/A4-Gs4-A4-As4-A4-As4_square_seq_250ms_62msgap.wav,A4-Gs4-A4-As4-A4-As4_square_seq_250ms_62msgap.wav,"Listen to this sequence of separate musical notes. For each TRANSITION between consecutive notes, reply with 'up' or 'down', comma-separated, in order. Example for a 4-note ascending-then-descending pattern: 'up, up, down'. Reply with ONLY the list."
500,flute,88,5,1,500,"88,87,86,85,86,85","E6,D#6,D6,C#6,D6,C#6","down,down,down,up,down","up,up,down,down,up,up",0,"up, up, down, down, up, up",1999607647,instrument,/home/hsnu2/PitchBench/data/audio/pitchbench_d4_contour_discrete/E6-Ds6-D6-Cs6-D6-Cs6_flute_seq_500ms_125msgap.wav,E6-Ds6-D6-Cs6-D6-Cs6_flute_seq_500ms_125msgap.wav,"Listen to this sequence of separate musical notes. For each TRANSITION between consecutive notes, reply with 'up' or 'down', comma-separated, in order. Example for a 4-note ascending-then-descending pattern: 'up, up, down'. Reply with ONLY the list."
500,triangle,54,5,1,500,"54,53,52,53,54,53","F#3,F3,E3,F3,F#3,F3","down,down,up,up,down","down,down,up,up,down,up,down,up,down,down",0,"down, down, up, up, down, up, down, up, down, down",415229854,waveform,/home/hsnu2/PitchBench/data/audio/pitchbench_d4_contour_discrete/Fs3-F3-E3-F3-Fs3-F3_triangle_seq_500ms_125msgap.wav,Fs3-F3-E3-F3-Fs3-F3_triangle_seq_500ms_125msgap.wav,"Listen to this sequence of separate musical notes. For each TRANSITION between consecutive notes, reply with 'up' or 'down', comma-separated, in order. Example for a 4-note ascending-then-descending pattern: 'up, up, down'. Reply with ONLY the list."
1000,violin,88,5,1,1000,"88,87,88,87,86,87","E6,D#6,E6,D#6,D6,D#6","down,up,down,down,up","down,down,down,down,down",0,"down, down, down, down, down",2802339143,instrument,/home/hsnu2/PitchBench/data/audio/pitchbench_d4_contour_discrete/E6-Ds6-E6-Ds6-D6-Ds6_violin_seq_1000ms_250msgap.wav,E6-Ds6-E6-Ds6-D6-Ds6_violin_seq_1000ms_250msgap.wav,"Listen to this sequence of separate musical notes. For each TRANSITION between consecutive notes, reply with 'up' or 'down', comma-separated, in order. Example for a 4-note ascending-then-descending pattern: 'up, up, down'. Reply with ONLY the list."
1000,electric_keyboard,79,5,11,1000,"79,68,57,46,35,46","G5,G#4,A3,A#2,B1,A#2","down,down,down,down,up","down,down,down,down,down",0,"down, down, down, down, down",694746025,instrument,/home/hsnu2/PitchBench/data/audio/pitchbench_d4_contour_discrete/G5-Gs4-A3-As2-B1-As2_electric_keyboard_seq_1000ms_250msgap.wav,G5-Gs4-A3-As2-B1-As2_electric_keyboard_seq_1000ms_250msgap.wav,"Listen to this sequence of separate musical notes. For each TRANSITION between consecutive notes, reply with 'up' or 'down', comma-separated, in order. Example for a 4-note ascending-then-descending pattern: 'up, up, down'. Reply with ONLY the list."
1000,trombone,79,5,11,1000,"79,90,79,68,57,46","G5,F#6,G5,G#4,A3,A#2","up,down,down,down,down","up,down,down,down",0,"up, down, down, down",1618566871,instrument,/home/hsnu2/PitchBench/data/audio/pitchbench_d4_contour_discrete/G5-Fs6-G5-Gs4-A3-As2_trombone_seq_1000ms_250msgap.wav,G5-Fs6-G5-Gs4-A3-As2_trombone_seq_1000ms_250msgap.wav,"Listen to this sequence of separate musical notes. For each TRANSITION between consecutive notes, reply with 'up' or 'down', comma-separated, in order. Example for a 4-note ascending-then-descending pattern: 'up, up, down'. Reply with ONLY the list."
1000,organ,36,5,11,1000,"36,47,58,69,58,69","C2,B2,A#3,A4,A#3,A4","up,up,up,down,up","up,down,down,up,down,up",0,"up, down, down, up, down, up",1898554286,instrument,/home/hsnu2/PitchBench/data/audio/pitchbench_d4_contour_discrete/C2-B2-As3-A4-As3-A4_organ_seq_1000ms_250msgap.wav,C2-B2-As3-A4-As3-A4_organ_seq_1000ms_250msgap.wav,"Listen to this sequence of separate musical notes. For each TRANSITION between consecutive notes, reply with 'up' or 'down', comma-separated, in order. Example for a 4-note ascending-then-descending pattern: 'up, up, down'. Reply with ONLY the list."
1000,voice,60,5,11,1000,"60,71,82,93,82,71","C4,B4,A#5,A6,A#5,B4","up,up,up,down,down","up,down,up,down,down",0,"up, down, up, down, down",1693658270,instrument,/home/hsnu2/PitchBench/data/audio/pitchbench_d4_contour_discrete/C4-B4-As5-A6-As5-B4_voice_seq_1000ms_250msgap.wav,C4-B4-As5-A6-As5-B4_voice_seq_1000ms_250msgap.wav,"Listen to this sequence of separate musical notes. For each TRANSITION between consecutive notes, reply with 'up' or 'down', comma-separated, in order. Example for a 4-note ascending-then-descending pattern: 'up, up, down'. Reply with ONLY the list."
500,flute,88,5,11,500,"88,77,66,77,88,77","E6,F5,F#4,F5,E6,F5","down,down,up,up,down","up,down,down,up",0,"up, down, down, up",81832285,instrument,/home/hsnu2/PitchBench/data/audio/pitchbench_d4_contour_discrete/E6-F5-Fs4-F5-E6-F5_flute_seq_500ms_125msgap.wav,E6-F5-Fs4-F5-E6-F5_flute_seq_500ms_125msgap.wav,"Listen to this sequence of separate musical notes. For each TRANSITION between consecutive notes, reply with 'up' or 'down', comma-separated, in order. Example for a 4-note ascending-then-descending pattern: 'up, up, down'. Reply with ONLY the list."
500,electric_keyboard,60,5,2,500,"60,58,60,62,60,62","C4,A#3,C4,D4,C4,D4","down,up,up,down,up","up,down,up,down,up",0,"up, down, up, down, up",3347408028,instrument,/home/hsnu2/PitchBench/data/audio/pitchbench_d4_contour_discrete/C4-As3-C4-D4-C4-D4_electric_keyboard_seq_500ms_125msgap.wav,C4-As3-C4-D4-C4-D4_electric_keyboard_seq_500ms_125msgap.wav,"Listen to this sequence of separate musical notes. For each TRANSITION between consecutive notes, reply with 'up' or 'down', comma-separated, in order. Example for a 4-note ascending-then-descending pattern: 'up, up, down'. Reply with ONLY the list."
500,violin,64,5,2,500,"64,62,64,62,60,58","E4,D4,E4,D4,C4,A#3","down,up,down,down,down","up,down,down,down,up,up",0,"up, down, down, down, up, up",4016364609,instrument,/home/hsnu2/PitchBench/data/audio/pitchbench_d4_contour_discrete/E4-D4-E4-D4-C4-As3_violin_seq_500ms_125msgap.wav,E4-D4-E4-D4-C4-As3_violin_seq_500ms_125msgap.wav,"Listen to this sequence of separate musical notes. For each TRANSITION between consecutive notes, reply with 'up' or 'down', comma-separated, in order. Example for a 4-note ascending-then-descending pattern: 'up, up, down'. Reply with ONLY the list."
250,violin,36,5,2,250,"36,34,36,34,36,38","C2,A#1,C2,A#1,C2,D2","down,up,down,up,up","up,up,down,down,up,down,up,down,up,down",0,"up, up, down, down, up, down, up, down, up, down",2767421728,instrument,/home/hsnu2/PitchBench/data/audio/pitchbench_d4_contour_discrete/C2-As1-C2-As1-C2-D2_violin_seq_250ms_62msgap.wav,C2-As1-C2-As1-C2-D2_violin_seq_250ms_62msgap.wav,"Listen to this sequence of separate musical notes. For each TRANSITION between consecutive notes, reply with 'up' or 'down', comma-separated, in order. Example for a 4-note ascending-then-descending pattern: 'up, up, down'. Reply with ONLY the list."
500,flute,36,5,2,500,"36,34,36,38,40,42","C2,A#1,C2,D2,E2,F#2","down,up,up,up,up","down,down,down,down,down,down,down,down",0,"down, down, down, down, down, down, down, down",3840245234,instrument,/home/hsnu2/PitchBench/data/audio/pitchbench_d4_contour_discrete/C2-As1-C2-D2-E2-Fs2_flute_seq_500ms_125msgap.wav,C2-As1-C2-D2-E2-Fs2_flute_seq_500ms_125msgap.wav,"Listen to this sequence of separate musical notes. For each TRANSITION between consecutive notes, reply with 'up' or 'down', comma-separated, in order. Example for a 4-note ascending-then-descending pattern: 'up, up, down'. Reply with ONLY the list."
250,trombone,36,5,2,250,"36,38,36,38,40,42","C2,D2,C2,D2,E2,F#2","up,down,up,up,up","down,down,up,up,down,up,down,down",0,"down, down, up, up, down, up, down, down",847080375,instrument,/home/hsnu2/PitchBench/data/audio/pitchbench_d4_contour_discrete/C2-D2-C2-D2-E2-Fs2_trombone_seq_250ms_62msgap.wav,C2-D2-C2-D2-E2-Fs2_trombone_seq_250ms_62msgap.wav,"Listen to this sequence of separate musical notes. For each TRANSITION between consecutive notes, reply with 'up' or 'down', comma-separated, in order. Example for a 4-note ascending-then-descending pattern: 'up, up, down'. Reply with ONLY the list."
250,square,60,5,4,250,"60,64,60,56,60,56","C4,E4,C4,G#3,C4,G#3","up,down,down,up,down","up,up,down,down,up,down,up,down",0,"up, up, down, down, up, down, up, down",1999819084,waveform,/home/hsnu2/PitchBench/data/audio/pitchbench_d4_contour_discrete/C4-E4-C4-Gs3-C4-Gs3_square_seq_250ms_62msgap.wav,C4-E4-C4-Gs3-C4-Gs3_square_seq_250ms_62msgap.wav,"Listen to this sequence of separate musical notes. For each TRANSITION between consecutive notes, reply with 'up' or 'down', comma-separated, in order. Example for a 4-note ascending-then-descending pattern: 'up, up, down'. Reply with ONLY the list."
1000,electric_keyboard,88,5,4,1000,"88,92,88,92,96,92","E6,G#6,E6,G#6,C7,G#6","up,down,up,up,down","up,up,down,down,up",0,"up, up, down, down, up",975971396,instrument,/home/hsnu2/PitchBench/data/audio/pitchbench_d4_contour_discrete/E6-Gs6-E6-Gs6-C7-Gs6_electric_keyboard_seq_1000ms_250msgap.wav,E6-Gs6-E6-Gs6-C7-Gs6_electric_keyboard_seq_1000ms_250msgap.wav,"Listen to this sequence of separate musical notes. For each TRANSITION between consecutive notes, reply with 'up' or 'down', comma-separated, in order. Example for a 4-note ascending-then-descending pattern: 'up, up, down'. Reply with ONLY the list."
250,voice,64,5,4,250,"64,60,56,60,56,52","E4,C4,G#3,C4,G#3,E3","down,down,up,down,down","down,up,up,down,down",0,"down, up, up, down, down",1775834914,instrument,/home/hsnu2/PitchBench/data/audio/pitchbench_d4_contour_discrete/E4-C4-Gs3-C4-Gs3-E3_voice_seq_250ms_62msgap.wav,E4-C4-Gs3-C4-Gs3-E3_voice_seq_250ms_62msgap.wav,"Listen to this sequence of separate musical notes. For each TRANSITION between consecutive notes, reply with 'up' or 'down', comma-separated, in order. Example for a 4-note ascending-then-descending pattern: 'up, up, down'. Reply with ONLY the list."
500,trumpet,60,5,4,500,"60,64,60,56,52,48","C4,E4,C4,G#3,E3,C3","up,down,down,down,down","down,down,down,down,down",0,"down, down, down, down, down",96940847,instrument,/home/hsnu2/PitchBench/data/audio/pitchbench_d4_contour_discrete/C4-E4-C4-Gs3-E3-C3_trumpet_seq_500ms_125msgap.wav,C4-E4-C4-Gs3-E3-C3_trumpet_seq_500ms_125msgap.wav,"Listen to this sequence of separate musical notes. For each TRANSITION between consecutive notes, reply with 'up' or 'down', comma-separated, in order. Example for a 4-note ascending-then-descending pattern: 'up, up, down'. Reply with ONLY the list."
250,electric_keyboard,69,5,4,250,"69,73,77,81,77,81","A4,C#5,F5,A5,F5,A5","up,up,up,down,up","down,down,up,up,down",0,"down, down, up, up, down",1056600009,instrument,/home/hsnu2/PitchBench/data/audio/pitchbench_d4_contour_discrete/A4-Cs5-F5-A5-F5-A5_electric_keyboard_seq_250ms_62msgap.wav,A4-Cs5-F5-A5-F5-A5_electric_keyboard_seq_250ms_62msgap.wav,"Listen to this sequence of separate musical notes. For each TRANSITION between consecutive notes, reply with 'up' or 'down', comma-separated, in order. Example for a 4-note ascending-then-descending pattern: 'up, up, down'. Reply with ONLY the list."
250,synth_pad,54,5,7,250,"54,47,40,33,26,33","F#3,B2,E2,A1,D1,A1","down,down,down,down,up","down,up,up,down,down",0,"down, up, up, down, down",1194353410,instrument,/home/hsnu2/PitchBench/data/audio/pitchbench_d4_contour_discrete/Fs3-B2-E2-A1-D1-A1_synth_pad_seq_250ms_62msgap.wav,Fs3-B2-E2-A1-D1-A1_synth_pad_seq_250ms_62msgap.wav,"Listen to this sequence of separate musical notes. For each TRANSITION between consecutive notes, reply with 'up' or 'down', comma-separated, in order. Example for a 4-note ascending-then-descending pattern: 'up, up, down'. Reply with ONLY the list."
500,organ,48,5,7,500,"48,41,34,27,34,27","C3,F2,A#1,D#1,A#1,D#1","down,down,down,up,down","down,up,down,up,down",0,"down, up, down, up, down",1930591740,instrument,/home/hsnu2/PitchBench/data/audio/pitchbench_d4_contour_discrete/C3-F2-As1-Ds1-As1-Ds1_organ_seq_500ms_125msgap.wav,C3-F2-As1-Ds1-As1-Ds1_organ_seq_500ms_125msgap.wav,"Listen to this sequence of separate musical notes. For each TRANSITION between consecutive notes, reply with 'up' or 'down', comma-separated, in order. Example for a 4-note ascending-then-descending pattern: 'up, up, down'. Reply with ONLY the list."
500,clarinet,43,5,7,500,"43,36,43,36,29,22","G2,C2,G2,C2,F1,A#0","down,up,down,down,down","down,down,down,down,down",0,"down, down, down, down, down",999119703,instrument,/home/hsnu2/PitchBench/data/audio/pitchbench_d4_contour_discrete/G2-C2-G2-C2-F1-As0_clarinet_seq_500ms_125msgap.wav,G2-C2-G2-C2-F1-As0_clarinet_seq_500ms_125msgap.wav,"Listen to this sequence of separate musical notes. For each TRANSITION between consecutive notes, reply with 'up' or 'down', comma-separated, in order. Example for a 4-note ascending-then-descending pattern: 'up, up, down'. Reply with ONLY the list."
500,trumpet,43,5,7,500,"43,50,43,36,29,22","G2,D3,G2,C2,F1,A#0","up,down,down,down,down","down,down,down,down",0,"down, down, down, down",922991276,instrument,/home/hsnu2/PitchBench/data/audio/pitchbench_d4_contour_discrete/G2-D3-G2-C2-F1-As0_trumpet_seq_500ms_125msgap.wav,G2-D3-G2-C2-F1-As0_trumpet_seq_500ms_125msgap.wav,"Listen to this sequence of separate musical notes. For each TRANSITION between consecutive notes, reply with 'up' or 'down', comma-separated, in order. Example for a 4-note ascending-then-descending pattern: 'up, up, down'. Reply with ONLY the list."
250,violin,48,5,7,250,"48,41,34,27,34,41","C3,F2,A#1,D#1,A#1,F2","down,down,down,up,up","up,up,down,down,up,up,down,down",0,"up, up, down, down, up, up, down, down",1901263879,instrument,/home/hsnu2/PitchBench/data/audio/pitchbench_d4_contour_discrete/C3-F2-As1-Ds1-As1-F2_violin_seq_250ms_62msgap.wav,C3-F2-As1-Ds1-As1-F2_violin_seq_250ms_62msgap.wav,"Listen to this sequence of separate musical notes. For each TRANSITION between consecutive notes, reply with 'up' or 'down', comma-separated, in order. Example for a 4-note ascending-then-descending pattern: 'up, up, down'. Reply with ONLY the list."
250,sawtooth,88,7,1,250,"88,87,88,89,88,87,88,89","E6,D#6,E6,F6,E6,D#6,E6,F6","down,up,up,down,down,up,up","down,down,up,up,down,down",0,"down, down, up, up, down, down",2497514149,waveform,/home/hsnu2/PitchBench/data/audio/pitchbench_d4_contour_discrete/E6-Ds6-E6-F6-E6-Ds6-E6-F6_sawtooth_seq_250ms_62msgap.wav,E6-Ds6-E6-F6-E6-Ds6-E6-F6_sawtooth_seq_250ms_62msgap.wav,"Listen to this sequence of separate musical notes. For each TRANSITION between consecutive notes, reply with 'up' or 'down', comma-separated, in order. Example for a 4-note ascending-then-descending pattern: 'up, up, down'. Reply with ONLY the list."
250,flute,79,7,1,250,"79,80,81,80,79,78,77,78","G5,G#5,A5,G#5,G5,F#5,F5,F#5","up,up,down,down,down,down,up","down,up,down,up,down",0,"down, up, down, up, down",2094539425,instrument,/home/hsnu2/PitchBench/data/audio/pitchbench_d4_contour_discrete/G5-Gs5-A5-Gs5-G5-Fs5-F5-Fs5_flute_seq_250ms_62msgap.wav,G5-Gs5-A5-Gs5-G5-Fs5-F5-Fs5_flute_seq_250ms_62msgap.wav,"Listen to this sequence of separate musical notes. For each TRANSITION between consecutive notes, reply with 'up' or 'down', comma-separated, in order. Example for a 4-note ascending-then-descending pattern: 'up, up, down'. Reply with ONLY the list."
1000,sawtooth,30,7,1,1000,"30,29,28,27,26,27,26,27","F#1,F1,E1,D#1,D1,D#1,D1,D#1","down,down,down,down,up,down,up","down,down,down,down,down,down,down,down",0,"down, down, down, down, down, down, down, down",3028014347,waveform,/home/hsnu2/PitchBench/data/audio/pitchbench_d4_contour_discrete/Fs1-F1-E1-Ds1-D1-Ds1-D1-Ds1_sawtooth_seq_1000ms_250msgap.wav,Fs1-F1-E1-Ds1-D1-Ds1-D1-Ds1_sawtooth_seq_1000ms_250msgap.wav,"Listen to this sequence of separate musical notes. For each TRANSITION between consecutive notes, reply with 'up' or 'down', comma-separated, in order. Example for a 4-note ascending-then-descending pattern: 'up, up, down'. Reply with ONLY the list."
1000,clarinet,69,7,1,1000,"69,68,67,68,69,70,71,72","A4,G#4,G4,G#4,A4,A#4,B4,C5","down,down,up,up,up,up,up","up,down,down,up,up,down,down",0,"up, down, down, up, up, down, down",3873251782,instrument,/home/hsnu2/PitchBench/data/audio/pitchbench_d4_contour_discrete/A4-Gs4-G4-Gs4-A4-As4-B4-C5_clarinet_seq_1000ms_250msgap.wav,A4-Gs4-G4-Gs4-A4-As4-B4-C5_clarinet_seq_1000ms_250msgap.wav,"Listen to this sequence of separate musical notes. For each TRANSITION between consecutive notes, reply with 'up' or 'down', comma-separated, in order. Example for a 4-note ascending-then-descending pattern: 'up, up, down'. Reply with ONLY the list."
1000,cello,64,7,1,1000,"64,65,66,67,66,67,68,69","E4,F4,F#4,G4,F#4,G4,G#4,A4","up,up,up,down,up,up,up","up,down,down,down,up,up,down",0,"up, down, down, down, up, up, down",101141351,instrument,/home/hsnu2/PitchBench/data/audio/pitchbench_d4_contour_discrete/E4-F4-Fs4-G4-Fs4-G4-Gs4-A4_cello_seq_1000ms_250msgap.wav,E4-F4-Fs4-G4-Fs4-G4-Gs4-A4_cello_seq_1000ms_250msgap.wav,"Listen to this sequence of separate musical notes. For each TRANSITION between consecutive notes, reply with 'up' or 'down', comma-separated, in order. Example for a 4-note ascending-then-descending pattern: 'up, up, down'. Reply with ONLY the list."
1000,flute,54,7,11,1000,"54,43,32,43,32,21,32,21","F#3,G2,G#1,G2,G#1,A0,G#1,A0","down,down,up,down,down,up,down","down,down,down,down",0,"down, down, down, down",2131228253,instrument,/home/hsnu2/PitchBench/data/audio/pitchbench_d4_contour_discrete/Fs3-G2-Gs1-G2-Gs1-A0-Gs1-A0_flute_seq_1000ms_250msgap.wav,Fs3-G2-Gs1-G2-Gs1-A0-Gs1-A0_flute_seq_1000ms_250msgap.wav,"Listen to this sequence of separate musical notes. For each TRANSITION between consecutive notes, reply with 'up' or 'down', comma-separated, in order. Example for a 4-note ascending-then-descending pattern: 'up, up, down'. Reply with ONLY the list."
1000,sawtooth,69,7,11,1000,"69,80,91,80,69,58,69,80","A4,G#5,G6,G#5,A4,A#3,A4,G#5","up,up,down,down,down,up,up","up,down,up,down,up,down",0,"up, down, up, down, up, down",733593646,waveform,/home/hsnu2/PitchBench/data/audio/pitchbench_d4_contour_discrete/A4-Gs5-G6-Gs5-A4-As3-A4-Gs5_sawtooth_seq_1000ms_250msgap.wav,A4-Gs5-G6-Gs5-A4-As3-A4-Gs5_sawtooth_seq_1000ms_250msgap.wav,"Listen to this sequence of separate musical notes. For each TRANSITION between consecutive notes, reply with 'up' or 'down', comma-separated, in order. Example for a 4-note ascending-then-descending pattern: 'up, up, down'. Reply with ONLY the list."
1000,electric_keyboard,88,7,11,1000,"88,77,66,55,44,33,22,33","E6,F5,F#4,G3,G#2,A1,A#0,A1","down,down,down,down,down,down,up","up,down,down,down,down",0,"up, down, down, down, down",632723395,instrument,/home/hsnu2/PitchBench/data/audio/pitchbench_d4_contour_discrete/E6-F5-Fs4-G3-Gs2-A1-As0-A1_electric_keyboard_seq_1000ms_250msgap.wav,E6-F5-Fs4-G3-Gs2-A1-As0-A1_electric_keyboard_seq_1000ms_250msgap.wav,"Listen to this sequence of separate musical notes. For each TRANSITION between consecutive notes, reply with 'up' or 'down', comma-separated, in order. Example for a 4-note ascending-then-descending pattern: 'up, up, down'. Reply with ONLY the list."
1000,bass,36,7,11,1000,"36,25,14,25,36,25,36,25","C2,C#1,D0,C#1,C2,C#1,C2,C#1","down,down,up,up,down,up,down","down,down,down,down,down",0,"down, down, down, down, down",948990537,instrument,/home/hsnu2/PitchBench/data/audio/pitchbench_d4_contour_discrete/C2-Cs1-D0-Cs1-C2-Cs1-C2-Cs1_bass_seq_1000ms_250msgap.wav,C2-Cs1-D0-Cs1-C2-Cs1-C2-Cs1_bass_seq_1000ms_250msgap.wav,"Listen to this sequence of separate musical notes. For each TRANSITION between consecutive notes, reply with 'up' or 'down', comma-separated, in order. Example for a 4-note ascending-then-descending pattern: 'up, up, down'. Reply with ONLY the list."
250,trumpet,64,7,11,250,"64,75,64,53,42,53,64,53","E4,D#5,E4,F3,F#2,F3,E4,F3","up,down,down,down,up,up,down","down,down,up,up,down,down",0,"down, down, up, up, down, down",74951989,instrument,/home/hsnu2/PitchBench/data/audio/pitchbench_d4_contour_discrete/E4-Ds5-E4-F3-Fs2-F3-E4-F3_trumpet_seq_250ms_62msgap.wav,E4-Ds5-E4-F3-Fs2-F3-E4-F3_trumpet_seq_250ms_62msgap.wav,"Listen to this sequence of separate musical notes. For each TRANSITION between consecutive notes, reply with 'up' or 'down', comma-separated, in order. Example for a 4-note ascending-then-descending pattern: 'up, up, down'. Reply with ONLY the list."
1000,flute,43,7,2,1000,"43,41,43,41,43,41,39,41","G2,F2,G2,F2,G2,F2,D#2,F2","down,up,down,up,down,down,up","down,down,down,down,down,down,down",0,"down, down, down, down, down, down, down",2059830398,instrument,/home/hsnu2/PitchBench/data/audio/pitchbench_d4_contour_discrete/G2-F2-G2-F2-G2-F2-Ds2-F2_flute_seq_1000ms_250msgap.wav,G2-F2-G2-F2-G2-F2-Ds2-F2_flute_seq_1000ms_250msgap.wav,"Listen to this sequence of separate musical notes. For each TRANSITION between consecutive notes, reply with 'up' or 'down', comma-separated, in order. Example for a 4-note ascending-then-descending pattern: 'up, up, down'. Reply with ONLY the list."
1000,synth_pad,36,7,2,1000,"36,38,40,38,40,38,36,38","C2,D2,E2,D2,E2,D2,C2,D2","up,up,down,up,down,down,up","down,down,down,down,down",0,"down, down, down, down, down",4000502208,instrument,/home/hsnu2/PitchBench/data/audio/pitchbench_d4_contour_discrete/C2-D2-E2-D2-E2-D2-C2-D2_synth_pad_seq_1000ms_250msgap.wav,C2-D2-E2-D2-E2-D2-C2-D2_synth_pad_seq_1000ms_250msgap.wav,"Listen to this sequence of separate musical notes. For each TRANSITION between consecutive notes, reply with 'up' or 'down', comma-separated, in order. Example for a 4-note ascending-then-descending pattern: 'up, up, down'. Reply with ONLY the list."
1000,cello,60,7,2,1000,"60,58,56,58,60,58,60,62","C4,A#3,G#3,A#3,C4,A#3,C4,D4","down,down,up,up,down,up,up","down,down,down,down,down,down,down",0,"down, down, down, down, down, down, down",1531726026,instrument,/home/hsnu2/PitchBench/data/audio/pitchbench_d4_contour_discrete/C4-As3-Gs3-As3-C4-As3-C4-D4_cello_seq_1000ms_250msgap.wav,C4-As3-Gs3-As3-C4-As3-C4-D4_cello_seq_1000ms_250msgap.wav,"Listen to this sequence of separate musical notes. For each TRANSITION between consecutive notes, reply with 'up' or 'down', comma-separated, in order. Example for a 4-note ascending-then-descending pattern: 'up, up, down'. Reply with ONLY the list."
500,bass,69,7,2,500,"69,71,73,75,77,75,77,75","A4,B4,C#5,D#5,F5,D#5,F5,D#5","up,up,up,up,down,up,down","up,up,down,down,up,up,down,down",0,"up, up, down, down, up, up, down, down",471137469,instrument,/home/hsnu2/PitchBench/data/audio/pitchbench_d4_contour_discrete/A4-B4-Cs5-Ds5-F5-Ds5-F5-Ds5_bass_seq_500ms_125msgap.wav,A4-B4-Cs5-Ds5-F5-Ds5-F5-Ds5_bass_seq_500ms_125msgap.wav,"Listen to this sequence of separate musical notes. For each TRANSITION between consecutive notes, reply with 'up' or 'down', comma-separated, in order. Example for a 4-note ascending-then-descending pattern: 'up, up, down'. Reply with ONLY the list."
1000,piano,79,7,2,1000,"79,81,79,81,79,81,79,77","G5,A5,G5,A5,G5,A5,G5,F5","up,down,up,down,up,down,down","up,down,up,down,up,down,up",0,"up, down, up, down, up, down, up",4017961911,instrument,/home/hsnu2/PitchBench/data/audio/pitchbench_d4_contour_discrete/G5-A5-G5-A5-G5-A5-G5-F5_piano_seq_1000ms_250msgap.wav,G5-A5-G5-A5-G5-A5-G5-F5_piano_seq_1000ms_250msgap.wav,"Listen to this sequence of separate musical notes. For each TRANSITION between consecutive notes, reply with 'up' or 'down', comma-separated, in order. Example for a 4-note ascending-then-descending pattern: 'up, up, down'. Reply with ONLY the list."
500,trombone,54,7,4,500,"54,58,54,50,54,58,54,58","F#3,A#3,F#3,D3,F#3,A#3,F#3,A#3","up,down,down,up,up,down,up","down,down,down,down,down,down,down",0,"down, down, down, down, down, down, down",584502351,instrument,/home/hsnu2/PitchBench/data/audio/pitchbench_d4_contour_discrete/Fs3-As3-Fs3-D3-Fs3-As3-Fs3-As3_trombone_seq_500ms_125msgap.wav,Fs3-As3-Fs3-D3-Fs3-As3-Fs3-As3_trombone_seq_500ms_125msgap.wav,"Listen to this sequence of separate musical notes. For each TRANSITION between consecutive notes, reply with 'up' or 'down', comma-separated, in order. Example for a 4-note ascending-then-descending pattern: 'up, up, down'. Reply with ONLY the list."
1000,piano,88,7,4,1000,"88,92,88,92,88,84,88,92","E6,G#6,E6,G#6,E6,C6,E6,G#6","up,down,up,down,down,up,up","up,down,down,up,down,down",0,"up, down, down, up, down, down",1136749519,instrument,/home/hsnu2/PitchBench/data/audio/pitchbench_d4_contour_discrete/E6-Gs6-E6-Gs6-E6-C6-E6-Gs6_piano_seq_1000ms_250msgap.wav,E6-Gs6-E6-Gs6-E6-C6-E6-Gs6_piano_seq_1000ms_250msgap.wav,"Listen to this sequence of separate musical notes. For each TRANSITION between consecutive notes, reply with 'up' or 'down', comma-separated, in order. Example for a 4-note ascending-then-descending pattern: 'up, up, down'. Reply with ONLY the list."
250,trumpet,79,7,4,250,"79,83,79,83,87,83,79,83","G5,B5,G5,B5,D#6,B5,G5,B5","up,down,up,up,down,down,up","down,down,down,down,down,down,down",0,"down, down, down, down, down, down, down",335294681,instrument,/home/hsnu2/PitchBench/data/audio/pitchbench_d4_contour_discrete/G5-B5-G5-B5-Ds6-B5-G5-B5_trumpet_seq_250ms_62msgap.wav,G5-B5-G5-B5-Ds6-B5-G5-B5_trumpet_seq_250ms_62msgap.wav,"Listen to this sequence of separate musical notes. For each TRANSITION between consecutive notes, reply with 'up' or 'down', comma-separated, in order. Example for a 4-note ascending-then-descending pattern: 'up, up, down'. Reply with ONLY the list."
1000,trombone,48,7,4,1000,"48,44,40,44,48,44,48,44","C3,G#2,E2,G#2,C3,G#2,C3,G#2","down,down,up,up,down,up,down","down,down,down,down,down,down",0,"down, down, down, down, down, down",1491604330,instrument,/home/hsnu2/PitchBench/data/audio/pitchbench_d4_contour_discrete/C3-Gs2-E2-Gs2-C3-Gs2-C3-Gs2_trombone_seq_1000ms_250msgap.wav,C3-Gs2-E2-Gs2-C3-Gs2-C3-Gs2_trombone_seq_1000ms_250msgap.wav,"Listen to this sequence of separate musical notes. For each TRANSITION between consecutive notes, reply with 'up' or 'down', comma-separated, in order. Example for a 4-note ascending-then-descending pattern: 'up, up, down'. Reply with ONLY the list."
500,bass,48,7,4,500,"48,44,48,52,56,52,56,52","C3,G#2,C3,E3,G#3,E3,G#3,E3","down,up,up,up,down,up,down","up,down,down,up",0,"up, down, down, up",2952597826,instrument,/home/hsnu2/PitchBench/data/audio/pitchbench_d4_contour_discrete/C3-Gs2-C3-E3-Gs3-E3-Gs3-E3_bass_seq_500ms_125msgap.wav,C3-Gs2-C3-E3-Gs3-E3-Gs3-E3_bass_seq_500ms_125msgap.wav,"Listen to this sequence of separate musical notes. For each TRANSITION between consecutive notes, reply with 'up' or 'down', comma-separated, in order. Example for a 4-note ascending-then-descending pattern: 'up, up, down'. Reply with ONLY the list."
500,synth_pad,79,7,7,500,"79,72,65,72,79,72,65,72","G5,C5,F4,C5,G5,C5,F4,C5","down,down,up,up,down,down,up","down,down,up,up,down,down",0,"down, down, up, up, down, down",2039463500,instrument,/home/hsnu2/PitchBench/data/audio/pitchbench_d4_contour_discrete/G5-C5-F4-C5-G5-C5-F4-C5_synth_pad_seq_500ms_125msgap.wav,G5-C5-F4-C5-G5-C5-F4-C5_synth_pad_seq_500ms_125msgap.wav,"Listen to this sequence of separate musical notes. For each TRANSITION between consecutive notes, reply with 'up' or 'down', comma-separated, in order. Example for a 4-note ascending-then-descending pattern: 'up, up, down'. Reply with ONLY the list."
250,oboe,64,7,7,250,"64,57,64,57,64,71,64,71","E4,A3,E4,A3,E4,B4,E4,B4","down,up,down,up,up,down,up","down,up,up,down,down",0,"down, up, up, down, down",3310036304,instrument,/home/hsnu2/PitchBench/data/audio/pitchbench_d4_contour_discrete/E4-A3-E4-A3-E4-B4-E4-B4_oboe_seq_250ms_62msgap.wav,E4-A3-E4-A3-E4-B4-E4-B4_oboe_seq_250ms_62msgap.wav,"Listen to this sequence of separate musical notes. For each TRANSITION between consecutive notes, reply with 'up' or 'down', comma-separated, in order. Example for a 4-note ascending-then-descending pattern: 'up, up, down'. Reply with ONLY the list."
1000,flute,88,7,7,1000,"88,81,74,67,74,81,88,81","E6,A5,D5,G4,D5,A5,E6,A5","down,down,down,up,up,up,down","up,down,down,up,up,down",0,"up, down, down, up, up, down",1198445401,instrument,/home/hsnu2/PitchBench/data/audio/pitchbench_d4_contour_discrete/E6-A5-D5-G4-D5-A5-E6-A5_flute_seq_1000ms_250msgap.wav,E6-A5-D5-G4-D5-A5-E6-A5_flute_seq_1000ms_250msgap.wav,"Listen to this sequence of separate musical notes. For each TRANSITION between consecutive notes, reply with 'up' or 'down', comma-separated, in order. Example for a 4-note ascending-then-descending pattern: 'up, up, down'. Reply with ONLY the list."
250,flute,43,7,7,250,"43,50,57,64,71,78,85,78","G2,D3,A3,E4,B4,F#5,C#6,F#5","up,up,up,up,up,up,down","down,up,up,down,down",0,"down, up, up, down, down",1106739052,instrument,/home/hsnu2/PitchBench/data/audio/pitchbench_d4_contour_discrete/G2-D3-A3-E4-B4-Fs5-Cs6-Fs5_flute_seq_250ms_62msgap.wav,G2-D3-A3-E4-B4-Fs5-Cs6-Fs5_flute_seq_250ms_62msgap.wav,"Listen to this sequence of separate musical notes. For each TRANSITION between consecutive notes, reply with 'up' or 'down', comma-separated, in order. Example for a 4-note ascending-then-descending pattern: 'up, up, down'. Reply with ONLY the list."
250,piano,54,7,7,250,"54,61,68,75,68,75,82,75","F#3,C#4,G#4,D#5,G#4,D#5,A#5,D#5","up,up,up,down,up,up,down","down,down,up,up,down",0,"down, down, up, up, down",3813268651,instrument,/home/hsnu2/PitchBench/data/audio/pitchbench_d4_contour_discrete/Fs3-Cs4-Gs4-Ds5-Gs4-Ds5-As5-Ds5_piano_seq_250ms_62msgap.wav,Fs3-Cs4-Gs4-Ds5-Gs4-Ds5-As5-Ds5_piano_seq_250ms_62msgap.wav,"Listen to this sequence of separate musical notes. For each TRANSITION between consecutive notes, reply with 'up' or 'down', comma-separated, in order. Example for a 4-note ascending-then-descending pattern: 'up, up, down'. Reply with ONLY the list."
