midi,duration_ms,pos_ms,source,source_type,n_gt,n_pred,correct,raw_response,onset_s_gt,offset_s_gt,onset_s_pred,offset_s_pred,iou,abs_error_on,abs_error_off,within_100ms_both,within_500ms_both,valid,audio_url,audio_file,prompt
30,1000,14000,triangle,waveform,2,1,0,0:12.0,14.0,15.0,12.0,,0.0,,,0,0,0,data/audio/pitchbench_b3_timestamp_single_pitch/clip_Fs1@14000+1000_triangle_total60000ms_b2.wav,clip_Fs1@14000+1000_triangle_total60000ms_b2.wav,"This audio is a 60-second clip that contains exactly ONE sustained musical note inside silence. Identify the onset and offset times of the note. Reply with ONLY two timestamps in MM:SS.cc format separated by a comma, e.g. '0:05.20, 0:08.50'. Nothing else. Output only the answer."
36,1000,14000,sine,waveform,2,1,0,0:11.,14.0,15.0,11.0,,0.0,,,0,0,0,data/audio/pitchbench_b3_timestamp_single_pitch/clip_C2@14000+1000_sine_total60000ms_b2.wav,clip_C2@14000+1000_sine_total60000ms_b2.wav,"This audio is a 60-second clip that contains exactly ONE sustained musical note inside silence. Identify the onset and offset times of the note. Reply with ONLY two timestamps in MM:SS.cc format separated by a comma, e.g. '0:05.20, 0:08.50'. Nothing else. Output only the answer."
43,1000,14000,trumpet,instrument,2,1,0,00:1,14.0,15.0,1.0,,0.0,,,0,0,0,data/audio/pitchbench_b3_timestamp_single_pitch/clip_G2@14000+1000_trumpet_total60000ms_b2.wav,clip_G2@14000+1000_trumpet_total60000ms_b2.wav,"This audio is a 60-second clip that contains exactly ONE sustained musical note inside silence. Identify the onset and offset times of the note. Reply with ONLY two timestamps in MM:SS.cc format separated by a comma, e.g. '0:05.20, 0:08.50'. Nothing else. Output only the answer."
48,1000,14000,flute,instrument,2,1,0,00:14.,14.0,15.0,14.0,,0.0,,,0,0,0,data/audio/pitchbench_b3_timestamp_single_pitch/clip_C3@14000+1000_flute_total60000ms_b2.wav,clip_C3@14000+1000_flute_total60000ms_b2.wav,"This audio is a 60-second clip that contains exactly ONE sustained musical note inside silence. Identify the onset and offset times of the note. Reply with ONLY two timestamps in MM:SS.cc format separated by a comma, e.g. '0:05.20, 0:08.50'. Nothing else. Output only the answer."
54,1000,14000,flute,instrument,2,1,0,00:15,14.0,15.0,15.0,,0.0,,,0,0,0,data/audio/pitchbench_b3_timestamp_single_pitch/clip_Fs3@14000+1000_flute_total60000ms_b2.wav,clip_Fs3@14000+1000_flute_total60000ms_b2.wav,"This audio is a 60-second clip that contains exactly ONE sustained musical note inside silence. Identify the onset and offset times of the note. Reply with ONLY two timestamps in MM:SS.cc format separated by a comma, e.g. '0:05.20, 0:08.50'. Nothing else. Output only the answer."
60,1000,14000,piano,instrument,2,1,0,0:41,14.0,15.0,41.0,,0.0,,,0,0,0,data/audio/pitchbench_b3_timestamp_single_pitch/clip_C4@14000+1000_piano_total60000ms_b2.wav,clip_C4@14000+1000_piano_total60000ms_b2.wav,"This audio is a 60-second clip that contains exactly ONE sustained musical note inside silence. Identify the onset and offset times of the note. Reply with ONLY two timestamps in MM:SS.cc format separated by a comma, e.g. '0:05.20, 0:08.50'. Nothing else. Output only the answer."
64,1000,14000,triangle,waveform,2,1,0,00:1,14.0,15.0,1.0,,0.0,,,0,0,0,data/audio/pitchbench_b3_timestamp_single_pitch/clip_E4@14000+1000_triangle_total60000ms_b2.wav,clip_E4@14000+1000_triangle_total60000ms_b2.wav,"This audio is a 60-second clip that contains exactly ONE sustained musical note inside silence. Identify the onset and offset times of the note. Reply with ONLY two timestamps in MM:SS.cc format separated by a comma, e.g. '0:05.20, 0:08.50'. Nothing else. Output only the answer."
69,1000,14000,synth_pad,instrument,2,1,0,00:1,14.0,15.0,1.0,,0.0,,,0,0,0,data/audio/pitchbench_b3_timestamp_single_pitch/clip_A4@14000+1000_synth_pad_total60000ms_b2.wav,clip_A4@14000+1000_synth_pad_total60000ms_b2.wav,"This audio is a 60-second clip that contains exactly ONE sustained musical note inside silence. Identify the onset and offset times of the note. Reply with ONLY two timestamps in MM:SS.cc format separated by a comma, e.g. '0:05.20, 0:08.50'. Nothing else. Output only the answer."
79,1000,14000,square,waveform,2,1,0,0:11.,14.0,15.0,11.0,,0.0,,,0,0,0,data/audio/pitchbench_b3_timestamp_single_pitch/clip_G5@14000+1000_square_total60000ms_b2.wav,clip_G5@14000+1000_square_total60000ms_b2.wav,"This audio is a 60-second clip that contains exactly ONE sustained musical note inside silence. Identify the onset and offset times of the note. Reply with ONLY two timestamps in MM:SS.cc format separated by a comma, e.g. '0:05.20, 0:08.50'. Nothing else. Output only the answer."
88,1000,14000,voice,instrument,2,1,0,0:15.,14.0,15.0,15.0,,0.0,,,0,0,0,data/audio/pitchbench_b3_timestamp_single_pitch/clip_E6@14000+1000_voice_total60000ms_b2.wav,clip_E6@14000+1000_voice_total60000ms_b2.wav,"This audio is a 60-second clip that contains exactly ONE sustained musical note inside silence. Identify the onset and offset times of the note. Reply with ONLY two timestamps in MM:SS.cc format separated by a comma, e.g. '0:05.20, 0:08.50'. Nothing else. Output only the answer."
30,5000,14000,cello,instrument,2,1,0,0:10.,14.0,19.0,10.0,,0.0,,,0,0,0,data/audio/pitchbench_b3_timestamp_single_pitch/clip_Fs1@14000+5000_cello_total60000ms_b2.wav,clip_Fs1@14000+5000_cello_total60000ms_b2.wav,"This audio is a 60-second clip that contains exactly ONE sustained musical note inside silence. Identify the onset and offset times of the note. Reply with ONLY two timestamps in MM:SS.cc format separated by a comma, e.g. '0:05.20, 0:08.50'. Nothing else. Output only the answer."
36,5000,14000,sawtooth,waveform,2,1,0,0:15.,14.0,19.0,15.0,,0.0,,,0,0,0,data/audio/pitchbench_b3_timestamp_single_pitch/clip_C2@14000+5000_sawtooth_total60000ms_b2.wav,clip_C2@14000+5000_sawtooth_total60000ms_b2.wav,"This audio is a 60-second clip that contains exactly ONE sustained musical note inside silence. Identify the onset and offset times of the note. Reply with ONLY two timestamps in MM:SS.cc format separated by a comma, e.g. '0:05.20, 0:08.50'. Nothing else. Output only the answer."
43,5000,14000,sine,waveform,2,1,0,0:12,14.0,19.0,12.0,,0.0,,,0,0,0,data/audio/pitchbench_b3_timestamp_single_pitch/clip_G2@14000+5000_sine_total60000ms_b2.wav,clip_G2@14000+5000_sine_total60000ms_b2.wav,"This audio is a 60-second clip that contains exactly ONE sustained musical note inside silence. Identify the onset and offset times of the note. Reply with ONLY two timestamps in MM:SS.cc format separated by a comma, e.g. '0:05.20, 0:08.50'. Nothing else. Output only the answer."
48,5000,14000,square,waveform,2,1,0,0:2,14.0,19.0,2.0,,0.0,,,0,0,0,data/audio/pitchbench_b3_timestamp_single_pitch/clip_C3@14000+5000_square_total60000ms_b2.wav,clip_C3@14000+5000_square_total60000ms_b2.wav,"This audio is a 60-second clip that contains exactly ONE sustained musical note inside silence. Identify the onset and offset times of the note. Reply with ONLY two timestamps in MM:SS.cc format separated by a comma, e.g. '0:05.20, 0:08.50'. Nothing else. Output only the answer."
54,5000,14000,guitar,instrument,2,1,0,0:15,14.0,19.0,15.0,,0.0,,,0,0,0,data/audio/pitchbench_b3_timestamp_single_pitch/clip_Fs3@14000+5000_guitar_total60000ms_b2.wav,clip_Fs3@14000+5000_guitar_total60000ms_b2.wav,"This audio is a 60-second clip that contains exactly ONE sustained musical note inside silence. Identify the onset and offset times of the note. Reply with ONLY two timestamps in MM:SS.cc format separated by a comma, e.g. '0:05.20, 0:08.50'. Nothing else. Output only the answer."
60,5000,14000,flute,instrument,2,1,0,0,14.0,19.0,0.0,,0.0,,,0,0,0,data/audio/pitchbench_b3_timestamp_single_pitch/clip_C4@14000+5000_flute_total60000ms_b2.wav,clip_C4@14000+5000_flute_total60000ms_b2.wav,"This audio is a 60-second clip that contains exactly ONE sustained musical note inside silence. Identify the onset and offset times of the note. Reply with ONLY two timestamps in MM:SS.cc format separated by a comma, e.g. '0:05.20, 0:08.50'. Nothing else. Output only the answer."
64,5000,14000,synth_lead,instrument,2,1,0,00:13.,14.0,19.0,13.0,,0.0,,,0,0,0,data/audio/pitchbench_b3_timestamp_single_pitch/clip_E4@14000+5000_synth_lead_total60000ms_b2.wav,clip_E4@14000+5000_synth_lead_total60000ms_b2.wav,"This audio is a 60-second clip that contains exactly ONE sustained musical note inside silence. Identify the onset and offset times of the note. Reply with ONLY two timestamps in MM:SS.cc format separated by a comma, e.g. '0:05.20, 0:08.50'. Nothing else. Output only the answer."
69,5000,14000,sine,waveform,2,1,0,0:15,14.0,19.0,15.0,,0.0,,,0,0,0,data/audio/pitchbench_b3_timestamp_single_pitch/clip_A4@14000+5000_sine_total60000ms_b2.wav,clip_A4@14000+5000_sine_total60000ms_b2.wav,"This audio is a 60-second clip that contains exactly ONE sustained musical note inside silence. Identify the onset and offset times of the note. Reply with ONLY two timestamps in MM:SS.cc format separated by a comma, e.g. '0:05.20, 0:08.50'. Nothing else. Output only the answer."
79,5000,14000,synth_pad,instrument,2,1,0,0:4,14.0,19.0,4.0,,0.0,,,0,0,0,data/audio/pitchbench_b3_timestamp_single_pitch/clip_G5@14000+5000_synth_pad_total60000ms_b2.wav,clip_G5@14000+5000_synth_pad_total60000ms_b2.wav,"This audio is a 60-second clip that contains exactly ONE sustained musical note inside silence. Identify the onset and offset times of the note. Reply with ONLY two timestamps in MM:SS.cc format separated by a comma, e.g. '0:05.20, 0:08.50'. Nothing else. Output only the answer."
88,5000,14000,guitar,instrument,2,1,0,0,14.0,19.0,0.0,,0.0,,,0,0,0,data/audio/pitchbench_b3_timestamp_single_pitch/clip_E6@14000+5000_guitar_total60000ms_b2.wav,clip_E6@14000+5000_guitar_total60000ms_b2.wav,"This audio is a 60-second clip that contains exactly ONE sustained musical note inside silence. Identify the onset and offset times of the note. Reply with ONLY two timestamps in MM:SS.cc format separated by a comma, e.g. '0:05.20, 0:08.50'. Nothing else. Output only the answer."
30,1000,2000,synth_pad,instrument,2,1,0,00:,2.0,3.0,0.0,,0.0,,,0,0,0,data/audio/pitchbench_b3_timestamp_single_pitch/clip_Fs1@2000+1000_synth_pad_total60000ms_b2.wav,clip_Fs1@2000+1000_synth_pad_total60000ms_b2.wav,"This audio is a 60-second clip that contains exactly ONE sustained musical note inside silence. Identify the onset and offset times of the note. Reply with ONLY two timestamps in MM:SS.cc format separated by a comma, e.g. '0:05.20, 0:08.50'. Nothing else. Output only the answer."
36,1000,2000,cello,instrument,2,1,0,0,2.0,3.0,0.0,,0.0,,,0,0,0,data/audio/pitchbench_b3_timestamp_single_pitch/clip_C2@2000+1000_cello_total60000ms_b2.wav,clip_C2@2000+1000_cello_total60000ms_b2.wav,"This audio is a 60-second clip that contains exactly ONE sustained musical note inside silence. Identify the onset and offset times of the note. Reply with ONLY two timestamps in MM:SS.cc format separated by a comma, e.g. '0:05.20, 0:08.50'. Nothing else. Output only the answer."
43,1000,2000,flute,instrument,2,1,0,00:,2.0,3.0,0.0,,0.0,,,0,0,0,data/audio/pitchbench_b3_timestamp_single_pitch/clip_G2@2000+1000_flute_total60000ms_b2.wav,clip_G2@2000+1000_flute_total60000ms_b2.wav,"This audio is a 60-second clip that contains exactly ONE sustained musical note inside silence. Identify the onset and offset times of the note. Reply with ONLY two timestamps in MM:SS.cc format separated by a comma, e.g. '0:05.20, 0:08.50'. Nothing else. Output only the answer."
48,1000,2000,organ,instrument,2,1,0,0:00.,2.0,3.0,0.0,,0.0,,,0,0,0,data/audio/pitchbench_b3_timestamp_single_pitch/clip_C3@2000+1000_organ_total60000ms_b2.wav,clip_C3@2000+1000_organ_total60000ms_b2.wav,"This audio is a 60-second clip that contains exactly ONE sustained musical note inside silence. Identify the onset and offset times of the note. Reply with ONLY two timestamps in MM:SS.cc format separated by a comma, e.g. '0:05.20, 0:08.50'. Nothing else. Output only the answer."
54,1000,2000,voice,instrument,2,1,0,0:1,2.0,3.0,1.0,,0.0,,,0,0,0,data/audio/pitchbench_b3_timestamp_single_pitch/clip_Fs3@2000+1000_voice_total60000ms_b2.wav,clip_Fs3@2000+1000_voice_total60000ms_b2.wav,"This audio is a 60-second clip that contains exactly ONE sustained musical note inside silence. Identify the onset and offset times of the note. Reply with ONLY two timestamps in MM:SS.cc format separated by a comma, e.g. '0:05.20, 0:08.50'. Nothing else. Output only the answer."
60,1000,2000,trumpet,instrument,2,1,0,00:00,2.0,3.0,0.0,,0.0,,,0,0,0,data/audio/pitchbench_b3_timestamp_single_pitch/clip_C4@2000+1000_trumpet_total60000ms_b2.wav,clip_C4@2000+1000_trumpet_total60000ms_b2.wav,"This audio is a 60-second clip that contains exactly ONE sustained musical note inside silence. Identify the onset and offset times of the note. Reply with ONLY two timestamps in MM:SS.cc format separated by a comma, e.g. '0:05.20, 0:08.50'. Nothing else. Output only the answer."
64,1000,2000,sine,waveform,2,1,0,0:01,2.0,3.0,1.0,,0.0,,,0,0,0,data/audio/pitchbench_b3_timestamp_single_pitch/clip_E4@2000+1000_sine_total60000ms_b2.wav,clip_E4@2000+1000_sine_total60000ms_b2.wav,"This audio is a 60-second clip that contains exactly ONE sustained musical note inside silence. Identify the onset and offset times of the note. Reply with ONLY two timestamps in MM:SS.cc format separated by a comma, e.g. '0:05.20, 0:08.50'. Nothing else. Output only the answer."
69,1000,2000,electric_keyboard,instrument,2,1,0,00:10.,2.0,3.0,10.0,,0.0,,,0,0,0,data/audio/pitchbench_b3_timestamp_single_pitch/clip_A4@2000+1000_electric_keyboard_total60000ms_b2.wav,clip_A4@2000+1000_electric_keyboard_total60000ms_b2.wav,"This audio is a 60-second clip that contains exactly ONE sustained musical note inside silence. Identify the onset and offset times of the note. Reply with ONLY two timestamps in MM:SS.cc format separated by a comma, e.g. '0:05.20, 0:08.50'. Nothing else. Output only the answer."
79,1000,2000,cello,instrument,2,1,0,00:11.,2.0,3.0,11.0,,0.0,,,0,0,0,data/audio/pitchbench_b3_timestamp_single_pitch/clip_G5@2000+1000_cello_total60000ms_b2.wav,clip_G5@2000+1000_cello_total60000ms_b2.wav,"This audio is a 60-second clip that contains exactly ONE sustained musical note inside silence. Identify the onset and offset times of the note. Reply with ONLY two timestamps in MM:SS.cc format separated by a comma, e.g. '0:05.20, 0:08.50'. Nothing else. Output only the answer."
88,1000,2000,clarinet,instrument,2,1,0,0:01.,2.0,3.0,1.0,,0.0,,,0,0,0,data/audio/pitchbench_b3_timestamp_single_pitch/clip_E6@2000+1000_clarinet_total60000ms_b2.wav,clip_E6@2000+1000_clarinet_total60000ms_b2.wav,"This audio is a 60-second clip that contains exactly ONE sustained musical note inside silence. Identify the onset and offset times of the note. Reply with ONLY two timestamps in MM:SS.cc format separated by a comma, e.g. '0:05.20, 0:08.50'. Nothing else. Output only the answer."
30,5000,2000,trumpet,instrument,2,1,0,0:00.0,2.0,7.0,0.0,,0.0,,,0,0,0,data/audio/pitchbench_b3_timestamp_single_pitch/clip_Fs1@2000+5000_trumpet_total60000ms_b2.wav,clip_Fs1@2000+5000_trumpet_total60000ms_b2.wav,"This audio is a 60-second clip that contains exactly ONE sustained musical note inside silence. Identify the onset and offset times of the note. Reply with ONLY two timestamps in MM:SS.cc format separated by a comma, e.g. '0:05.20, 0:08.50'. Nothing else. Output only the answer."
36,5000,2000,piano,instrument,2,1,0,0:0,2.0,7.0,0.0,,0.0,,,0,0,0,data/audio/pitchbench_b3_timestamp_single_pitch/clip_C2@2000+5000_piano_total60000ms_b2.wav,clip_C2@2000+5000_piano_total60000ms_b2.wav,"This audio is a 60-second clip that contains exactly ONE sustained musical note inside silence. Identify the onset and offset times of the note. Reply with ONLY two timestamps in MM:SS.cc format separated by a comma, e.g. '0:05.20, 0:08.50'. Nothing else. Output only the answer."
43,5000,2000,guitar,instrument,2,1,0,0:01.0,2.0,7.0,1.0,,0.0,,,0,0,0,data/audio/pitchbench_b3_timestamp_single_pitch/clip_G2@2000+5000_guitar_total60000ms_b2.wav,clip_G2@2000+5000_guitar_total60000ms_b2.wav,"This audio is a 60-second clip that contains exactly ONE sustained musical note inside silence. Identify the onset and offset times of the note. Reply with ONLY two timestamps in MM:SS.cc format separated by a comma, e.g. '0:05.20, 0:08.50'. Nothing else. Output only the answer."
48,5000,2000,clarinet,instrument,2,1,0,00:00,2.0,7.0,0.0,,0.0,,,0,0,0,data/audio/pitchbench_b3_timestamp_single_pitch/clip_C3@2000+5000_clarinet_total60000ms_b2.wav,clip_C3@2000+5000_clarinet_total60000ms_b2.wav,"This audio is a 60-second clip that contains exactly ONE sustained musical note inside silence. Identify the onset and offset times of the note. Reply with ONLY two timestamps in MM:SS.cc format separated by a comma, e.g. '0:05.20, 0:08.50'. Nothing else. Output only the answer."
54,5000,2000,triangle,waveform,2,1,0,0:11.0,2.0,7.0,11.0,,0.0,,,0,0,0,data/audio/pitchbench_b3_timestamp_single_pitch/clip_Fs3@2000+5000_triangle_total60000ms_b2.wav,clip_Fs3@2000+5000_triangle_total60000ms_b2.wav,"This audio is a 60-second clip that contains exactly ONE sustained musical note inside silence. Identify the onset and offset times of the note. Reply with ONLY two timestamps in MM:SS.cc format separated by a comma, e.g. '0:05.20, 0:08.50'. Nothing else. Output only the answer."
60,5000,2000,square,waveform,2,1,0,0:00.0,2.0,7.0,0.0,,0.0,,,0,0,0,data/audio/pitchbench_b3_timestamp_single_pitch/clip_C4@2000+5000_square_total60000ms_b2.wav,clip_C4@2000+5000_square_total60000ms_b2.wav,"This audio is a 60-second clip that contains exactly ONE sustained musical note inside silence. Identify the onset and offset times of the note. Reply with ONLY two timestamps in MM:SS.cc format separated by a comma, e.g. '0:05.20, 0:08.50'. Nothing else. Output only the answer."
64,5000,2000,violin,instrument,2,1,0,00:01.,2.0,7.0,1.0,,0.0,,,0,0,0,data/audio/pitchbench_b3_timestamp_single_pitch/clip_E4@2000+5000_violin_total60000ms_b2.wav,clip_E4@2000+5000_violin_total60000ms_b2.wav,"This audio is a 60-second clip that contains exactly ONE sustained musical note inside silence. Identify the onset and offset times of the note. Reply with ONLY two timestamps in MM:SS.cc format separated by a comma, e.g. '0:05.20, 0:08.50'. Nothing else. Output only the answer."
69,5000,2000,triangle,waveform,2,1,0,00:,2.0,7.0,0.0,,0.0,,,0,0,0,data/audio/pitchbench_b3_timestamp_single_pitch/clip_A4@2000+5000_triangle_total60000ms_b2.wav,clip_A4@2000+5000_triangle_total60000ms_b2.wav,"This audio is a 60-second clip that contains exactly ONE sustained musical note inside silence. Identify the onset and offset times of the note. Reply with ONLY two timestamps in MM:SS.cc format separated by a comma, e.g. '0:05.20, 0:08.50'. Nothing else. Output only the answer."
79,5000,2000,oboe,instrument,2,1,0,00:,2.0,7.0,0.0,,0.0,,,0,0,0,data/audio/pitchbench_b3_timestamp_single_pitch/clip_G5@2000+5000_oboe_total60000ms_b2.wav,clip_G5@2000+5000_oboe_total60000ms_b2.wav,"This audio is a 60-second clip that contains exactly ONE sustained musical note inside silence. Identify the onset and offset times of the note. Reply with ONLY two timestamps in MM:SS.cc format separated by a comma, e.g. '0:05.20, 0:08.50'. Nothing else. Output only the answer."
88,5000,2000,oboe,instrument,2,1,0,0:0,2.0,7.0,0.0,,0.0,,,0,0,0,data/audio/pitchbench_b3_timestamp_single_pitch/clip_E6@2000+5000_oboe_total60000ms_b2.wav,clip_E6@2000+5000_oboe_total60000ms_b2.wav,"This audio is a 60-second clip that contains exactly ONE sustained musical note inside silence. Identify the onset and offset times of the note. Reply with ONLY two timestamps in MM:SS.cc format separated by a comma, e.g. '0:05.20, 0:08.50'. Nothing else. Output only the answer."
30,1000,22000,trumpet,instrument,2,1,0,0:15.0,22.0,23.0,15.0,,0.0,,,0,0,0,data/audio/pitchbench_b3_timestamp_single_pitch/clip_Fs1@22000+1000_trumpet_total60000ms_b2.wav,clip_Fs1@22000+1000_trumpet_total60000ms_b2.wav,"This audio is a 60-second clip that contains exactly ONE sustained musical note inside silence. Identify the onset and offset times of the note. Reply with ONLY two timestamps in MM:SS.cc format separated by a comma, e.g. '0:05.20, 0:08.50'. Nothing else. Output only the answer."
36,1000,22000,sawtooth,waveform,2,1,0,0:31.2,22.0,23.0,31.2,,0.0,,,0,0,0,data/audio/pitchbench_b3_timestamp_single_pitch/clip_C2@22000+1000_sawtooth_total60000ms_b2.wav,clip_C2@22000+1000_sawtooth_total60000ms_b2.wav,"This audio is a 60-second clip that contains exactly ONE sustained musical note inside silence. Identify the onset and offset times of the note. Reply with ONLY two timestamps in MM:SS.cc format separated by a comma, e.g. '0:05.20, 0:08.50'. Nothing else. Output only the answer."
43,1000,22000,organ,instrument,2,1,0,0:48.,22.0,23.0,48.0,,0.0,,,0,0,0,data/audio/pitchbench_b3_timestamp_single_pitch/clip_G2@22000+1000_organ_total60000ms_b2.wav,clip_G2@22000+1000_organ_total60000ms_b2.wav,"This audio is a 60-second clip that contains exactly ONE sustained musical note inside silence. Identify the onset and offset times of the note. Reply with ONLY two timestamps in MM:SS.cc format separated by a comma, e.g. '0:05.20, 0:08.50'. Nothing else. Output only the answer."
48,1000,22000,synth_pad,instrument,2,1,0,0:12.,22.0,23.0,12.0,,0.0,,,0,0,0,data/audio/pitchbench_b3_timestamp_single_pitch/clip_C3@22000+1000_synth_pad_total60000ms_b2.wav,clip_C3@22000+1000_synth_pad_total60000ms_b2.wav,"This audio is a 60-second clip that contains exactly ONE sustained musical note inside silence. Identify the onset and offset times of the note. Reply with ONLY two timestamps in MM:SS.cc format separated by a comma, e.g. '0:05.20, 0:08.50'. Nothing else. Output only the answer."
54,1000,22000,triangle,waveform,2,1,0,0:22.,22.0,23.0,22.0,,0.0,,,0,0,0,data/audio/pitchbench_b3_timestamp_single_pitch/clip_Fs3@22000+1000_triangle_total60000ms_b2.wav,clip_Fs3@22000+1000_triangle_total60000ms_b2.wav,"This audio is a 60-second clip that contains exactly ONE sustained musical note inside silence. Identify the onset and offset times of the note. Reply with ONLY two timestamps in MM:SS.cc format separated by a comma, e.g. '0:05.20, 0:08.50'. Nothing else. Output only the answer."
60,1000,22000,violin,instrument,2,1,0,00:21.,22.0,23.0,21.0,,0.0,,,0,0,0,data/audio/pitchbench_b3_timestamp_single_pitch/clip_C4@22000+1000_violin_total60000ms_b2.wav,clip_C4@22000+1000_violin_total60000ms_b2.wav,"This audio is a 60-second clip that contains exactly ONE sustained musical note inside silence. Identify the onset and offset times of the note. Reply with ONLY two timestamps in MM:SS.cc format separated by a comma, e.g. '0:05.20, 0:08.50'. Nothing else. Output only the answer."
64,1000,22000,square,waveform,2,1,0,00:,22.0,23.0,0.0,,0.0,,,0,0,0,data/audio/pitchbench_b3_timestamp_single_pitch/clip_E4@22000+1000_square_total60000ms_b2.wav,clip_E4@22000+1000_square_total60000ms_b2.wav,"This audio is a 60-second clip that contains exactly ONE sustained musical note inside silence. Identify the onset and offset times of the note. Reply with ONLY two timestamps in MM:SS.cc format separated by a comma, e.g. '0:05.20, 0:08.50'. Nothing else. Output only the answer."
69,1000,22000,synth_pad,instrument,2,1,0,0:15.,22.0,23.0,15.0,,0.0,,,0,0,0,data/audio/pitchbench_b3_timestamp_single_pitch/clip_A4@22000+1000_synth_pad_total60000ms_b2.wav,clip_A4@22000+1000_synth_pad_total60000ms_b2.wav,"This audio is a 60-second clip that contains exactly ONE sustained musical note inside silence. Identify the onset and offset times of the note. Reply with ONLY two timestamps in MM:SS.cc format separated by a comma, e.g. '0:05.20, 0:08.50'. Nothing else. Output only the answer."
79,1000,22000,trombone,instrument,2,1,0,0:30,22.0,23.0,30.0,,0.0,,,0,0,0,data/audio/pitchbench_b3_timestamp_single_pitch/clip_G5@22000+1000_trombone_total60000ms_b2.wav,clip_G5@22000+1000_trombone_total60000ms_b2.wav,"This audio is a 60-second clip that contains exactly ONE sustained musical note inside silence. Identify the onset and offset times of the note. Reply with ONLY two timestamps in MM:SS.cc format separated by a comma, e.g. '0:05.20, 0:08.50'. Nothing else. Output only the answer."
88,1000,22000,oboe,instrument,2,1,0,0:35.,22.0,23.0,35.0,,0.0,,,0,0,0,data/audio/pitchbench_b3_timestamp_single_pitch/clip_E6@22000+1000_oboe_total60000ms_b2.wav,clip_E6@22000+1000_oboe_total60000ms_b2.wav,"This audio is a 60-second clip that contains exactly ONE sustained musical note inside silence. Identify the onset and offset times of the note. Reply with ONLY two timestamps in MM:SS.cc format separated by a comma, e.g. '0:05.20, 0:08.50'. Nothing else. Output only the answer."
30,5000,22000,voice,instrument,2,1,0,0,22.0,27.0,0.0,,0.0,,,0,0,0,data/audio/pitchbench_b3_timestamp_single_pitch/clip_Fs1@22000+5000_voice_total60000ms_b2.wav,clip_Fs1@22000+5000_voice_total60000ms_b2.wav,"This audio is a 60-second clip that contains exactly ONE sustained musical note inside silence. Identify the onset and offset times of the note. Reply with ONLY two timestamps in MM:SS.cc format separated by a comma, e.g. '0:05.20, 0:08.50'. Nothing else. Output only the answer."
36,5000,22000,guitar,instrument,2,1,0,00,22.0,27.0,0.0,,0.0,,,0,0,0,data/audio/pitchbench_b3_timestamp_single_pitch/clip_C2@22000+5000_guitar_total60000ms_b2.wav,clip_C2@22000+5000_guitar_total60000ms_b2.wav,"This audio is a 60-second clip that contains exactly ONE sustained musical note inside silence. Identify the onset and offset times of the note. Reply with ONLY two timestamps in MM:SS.cc format separated by a comma, e.g. '0:05.20, 0:08.50'. Nothing else. Output only the answer."
43,5000,22000,square,waveform,2,1,0,0:35.,22.0,27.0,35.0,,0.0,,,0,0,0,data/audio/pitchbench_b3_timestamp_single_pitch/clip_G2@22000+5000_square_total60000ms_b2.wav,clip_G2@22000+5000_square_total60000ms_b2.wav,"This audio is a 60-second clip that contains exactly ONE sustained musical note inside silence. Identify the onset and offset times of the note. Reply with ONLY two timestamps in MM:SS.cc format separated by a comma, e.g. '0:05.20, 0:08.50'. Nothing else. Output only the answer."
48,5000,22000,sawtooth,waveform,2,1,0,0:31.0,22.0,27.0,31.0,,0.0,,,0,0,0,data/audio/pitchbench_b3_timestamp_single_pitch/clip_C3@22000+5000_sawtooth_total60000ms_b2.wav,clip_C3@22000+5000_sawtooth_total60000ms_b2.wav,"This audio is a 60-second clip that contains exactly ONE sustained musical note inside silence. Identify the onset and offset times of the note. Reply with ONLY two timestamps in MM:SS.cc format separated by a comma, e.g. '0:05.20, 0:08.50'. Nothing else. Output only the answer."
54,5000,22000,flute,instrument,2,1,0,0:35.,22.0,27.0,35.0,,0.0,,,0,0,0,data/audio/pitchbench_b3_timestamp_single_pitch/clip_Fs3@22000+5000_flute_total60000ms_b2.wav,clip_Fs3@22000+5000_flute_total60000ms_b2.wav,"This audio is a 60-second clip that contains exactly ONE sustained musical note inside silence. Identify the onset and offset times of the note. Reply with ONLY two timestamps in MM:SS.cc format separated by a comma, e.g. '0:05.20, 0:08.50'. Nothing else. Output only the answer."
60,5000,22000,trombone,instrument,2,1,0,00:,22.0,27.0,0.0,,0.0,,,0,0,0,data/audio/pitchbench_b3_timestamp_single_pitch/clip_C4@22000+5000_trombone_total60000ms_b2.wav,clip_C4@22000+5000_trombone_total60000ms_b2.wav,"This audio is a 60-second clip that contains exactly ONE sustained musical note inside silence. Identify the onset and offset times of the note. Reply with ONLY two timestamps in MM:SS.cc format separated by a comma, e.g. '0:05.20, 0:08.50'. Nothing else. Output only the answer."
64,5000,22000,square,waveform,2,1,0,00:21.,22.0,27.0,21.0,,0.0,,,0,0,0,data/audio/pitchbench_b3_timestamp_single_pitch/clip_E4@22000+5000_square_total60000ms_b2.wav,clip_E4@22000+5000_square_total60000ms_b2.wav,"This audio is a 60-second clip that contains exactly ONE sustained musical note inside silence. Identify the onset and offset times of the note. Reply with ONLY two timestamps in MM:SS.cc format separated by a comma, e.g. '0:05.20, 0:08.50'. Nothing else. Output only the answer."
69,5000,22000,flute,instrument,2,1,0,00:15.,22.0,27.0,15.0,,0.0,,,0,0,0,data/audio/pitchbench_b3_timestamp_single_pitch/clip_A4@22000+5000_flute_total60000ms_b2.wav,clip_A4@22000+5000_flute_total60000ms_b2.wav,"This audio is a 60-second clip that contains exactly ONE sustained musical note inside silence. Identify the onset and offset times of the note. Reply with ONLY two timestamps in MM:SS.cc format separated by a comma, e.g. '0:05.20, 0:08.50'. Nothing else. Output only the answer."
79,5000,22000,triangle,waveform,2,1,0,0:30.,22.0,27.0,30.0,,0.0,,,0,0,0,data/audio/pitchbench_b3_timestamp_single_pitch/clip_G5@22000+5000_triangle_total60000ms_b2.wav,clip_G5@22000+5000_triangle_total60000ms_b2.wav,"This audio is a 60-second clip that contains exactly ONE sustained musical note inside silence. Identify the onset and offset times of the note. Reply with ONLY two timestamps in MM:SS.cc format separated by a comma, e.g. '0:05.20, 0:08.50'. Nothing else. Output only the answer."
88,5000,22000,violin,instrument,2,1,0,0,22.0,27.0,0.0,,0.0,,,0,0,0,data/audio/pitchbench_b3_timestamp_single_pitch/clip_E6@22000+5000_violin_total60000ms_b2.wav,clip_E6@22000+5000_violin_total60000ms_b2.wav,"This audio is a 60-second clip that contains exactly ONE sustained musical note inside silence. Identify the onset and offset times of the note. Reply with ONLY two timestamps in MM:SS.cc format separated by a comma, e.g. '0:05.20, 0:08.50'. Nothing else. Output only the answer."
30,1000,27000,trumpet,instrument,2,1,0,0:12.,27.0,28.0,12.0,,0.0,,,0,0,0,data/audio/pitchbench_b3_timestamp_single_pitch/clip_Fs1@27000+1000_trumpet_total60000ms_b2.wav,clip_Fs1@27000+1000_trumpet_total60000ms_b2.wav,"This audio is a 60-second clip that contains exactly ONE sustained musical note inside silence. Identify the onset and offset times of the note. Reply with ONLY two timestamps in MM:SS.cc format separated by a comma, e.g. '0:05.20, 0:08.50'. Nothing else. Output only the answer."
36,1000,27000,organ,instrument,2,1,0,0:48.0,27.0,28.0,48.0,,0.0,,,0,0,0,data/audio/pitchbench_b3_timestamp_single_pitch/clip_C2@27000+1000_organ_total60000ms_b2.wav,clip_C2@27000+1000_organ_total60000ms_b2.wav,"This audio is a 60-second clip that contains exactly ONE sustained musical note inside silence. Identify the onset and offset times of the note. Reply with ONLY two timestamps in MM:SS.cc format separated by a comma, e.g. '0:05.20, 0:08.50'. Nothing else. Output only the answer."
43,1000,27000,oboe,instrument,2,1,0,00:11.,27.0,28.0,11.0,,0.0,,,0,0,0,data/audio/pitchbench_b3_timestamp_single_pitch/clip_G2@27000+1000_oboe_total60000ms_b2.wav,clip_G2@27000+1000_oboe_total60000ms_b2.wav,"This audio is a 60-second clip that contains exactly ONE sustained musical note inside silence. Identify the onset and offset times of the note. Reply with ONLY two timestamps in MM:SS.cc format separated by a comma, e.g. '0:05.20, 0:08.50'. Nothing else. Output only the answer."
48,1000,27000,electric_keyboard,instrument,2,0,0,,27.0,28.0,,,0.0,,,0,0,0,data/audio/pitchbench_b3_timestamp_single_pitch/clip_C3@27000+1000_electric_keyboard_total60000ms_b2.wav,clip_C3@27000+1000_electric_keyboard_total60000ms_b2.wav,"This audio is a 60-second clip that contains exactly ONE sustained musical note inside silence. Identify the onset and offset times of the note. Reply with ONLY two timestamps in MM:SS.cc format separated by a comma, e.g. '0:05.20, 0:08.50'. Nothing else. Output only the answer."
54,1000,27000,oboe,instrument,2,1,0,0:4,27.0,28.0,4.0,,0.0,,,0,0,0,data/audio/pitchbench_b3_timestamp_single_pitch/clip_Fs3@27000+1000_oboe_total60000ms_b2.wav,clip_Fs3@27000+1000_oboe_total60000ms_b2.wav,"This audio is a 60-second clip that contains exactly ONE sustained musical note inside silence. Identify the onset and offset times of the note. Reply with ONLY two timestamps in MM:SS.cc format separated by a comma, e.g. '0:05.20, 0:08.50'. Nothing else. Output only the answer."
60,1000,27000,oboe,instrument,2,1,0,0:38.1,27.0,28.0,38.1,,0.0,,,0,0,0,data/audio/pitchbench_b3_timestamp_single_pitch/clip_C4@27000+1000_oboe_total60000ms_b2.wav,clip_C4@27000+1000_oboe_total60000ms_b2.wav,"This audio is a 60-second clip that contains exactly ONE sustained musical note inside silence. Identify the onset and offset times of the note. Reply with ONLY two timestamps in MM:SS.cc format separated by a comma, e.g. '0:05.20, 0:08.50'. Nothing else. Output only the answer."
64,1000,27000,guitar,instrument,2,1,0,00:26,27.0,28.0,26.0,,0.0,,,0,0,0,data/audio/pitchbench_b3_timestamp_single_pitch/clip_E4@27000+1000_guitar_total60000ms_b2.wav,clip_E4@27000+1000_guitar_total60000ms_b2.wav,"This audio is a 60-second clip that contains exactly ONE sustained musical note inside silence. Identify the onset and offset times of the note. Reply with ONLY two timestamps in MM:SS.cc format separated by a comma, e.g. '0:05.20, 0:08.50'. Nothing else. Output only the answer."
69,1000,27000,trumpet,instrument,2,1,0,0:38.1,27.0,28.0,38.1,,0.0,,,0,0,0,data/audio/pitchbench_b3_timestamp_single_pitch/clip_A4@27000+1000_trumpet_total60000ms_b2.wav,clip_A4@27000+1000_trumpet_total60000ms_b2.wav,"This audio is a 60-second clip that contains exactly ONE sustained musical note inside silence. Identify the onset and offset times of the note. Reply with ONLY two timestamps in MM:SS.cc format separated by a comma, e.g. '0:05.20, 0:08.50'. Nothing else. Output only the answer."
79,1000,27000,square,waveform,2,1,0,0:3,27.0,28.0,3.0,,0.0,,,0,0,0,data/audio/pitchbench_b3_timestamp_single_pitch/clip_G5@27000+1000_square_total60000ms_b2.wav,clip_G5@27000+1000_square_total60000ms_b2.wav,"This audio is a 60-second clip that contains exactly ONE sustained musical note inside silence. Identify the onset and offset times of the note. Reply with ONLY two timestamps in MM:SS.cc format separated by a comma, e.g. '0:05.20, 0:08.50'. Nothing else. Output only the answer."
88,1000,27000,electric_keyboard,instrument,2,1,0,0:1,27.0,28.0,1.0,,0.0,,,0,0,0,data/audio/pitchbench_b3_timestamp_single_pitch/clip_E6@27000+1000_electric_keyboard_total60000ms_b2.wav,clip_E6@27000+1000_electric_keyboard_total60000ms_b2.wav,"This audio is a 60-second clip that contains exactly ONE sustained musical note inside silence. Identify the onset and offset times of the note. Reply with ONLY two timestamps in MM:SS.cc format separated by a comma, e.g. '0:05.20, 0:08.50'. Nothing else. Output only the answer."
30,5000,27000,synth_pad,instrument,2,1,0,0:12.1,27.0,32.0,12.1,,0.0,,,0,0,0,data/audio/pitchbench_b3_timestamp_single_pitch/clip_Fs1@27000+5000_synth_pad_total60000ms_b2.wav,clip_Fs1@27000+5000_synth_pad_total60000ms_b2.wav,"This audio is a 60-second clip that contains exactly ONE sustained musical note inside silence. Identify the onset and offset times of the note. Reply with ONLY two timestamps in MM:SS.cc format separated by a comma, e.g. '0:05.20, 0:08.50'. Nothing else. Output only the answer."
36,5000,27000,flute,instrument,2,1,0,0:41.6,27.0,32.0,41.6,,0.0,,,0,0,0,data/audio/pitchbench_b3_timestamp_single_pitch/clip_C2@27000+5000_flute_total60000ms_b2.wav,clip_C2@27000+5000_flute_total60000ms_b2.wav,"This audio is a 60-second clip that contains exactly ONE sustained musical note inside silence. Identify the onset and offset times of the note. Reply with ONLY two timestamps in MM:SS.cc format separated by a comma, e.g. '0:05.20, 0:08.50'. Nothing else. Output only the answer."
43,5000,27000,electric_keyboard,instrument,2,1,0,0:38.1,27.0,32.0,38.1,,0.0,,,0,0,0,data/audio/pitchbench_b3_timestamp_single_pitch/clip_G2@27000+5000_electric_keyboard_total60000ms_b2.wav,clip_G2@27000+5000_electric_keyboard_total60000ms_b2.wav,"This audio is a 60-second clip that contains exactly ONE sustained musical note inside silence. Identify the onset and offset times of the note. Reply with ONLY two timestamps in MM:SS.cc format separated by a comma, e.g. '0:05.20, 0:08.50'. Nothing else. Output only the answer."
48,5000,27000,organ,instrument,2,1,0,0:49.3,27.0,32.0,49.3,,0.0,,,0,0,0,data/audio/pitchbench_b3_timestamp_single_pitch/clip_C3@27000+5000_organ_total60000ms_b2.wav,clip_C3@27000+5000_organ_total60000ms_b2.wav,"This audio is a 60-second clip that contains exactly ONE sustained musical note inside silence. Identify the onset and offset times of the note. Reply with ONLY two timestamps in MM:SS.cc format separated by a comma, e.g. '0:05.20, 0:08.50'. Nothing else. Output only the answer."
54,5000,27000,violin,instrument,2,1,0,0,27.0,32.0,0.0,,0.0,,,0,0,0,data/audio/pitchbench_b3_timestamp_single_pitch/clip_Fs3@27000+5000_violin_total60000ms_b2.wav,clip_Fs3@27000+5000_violin_total60000ms_b2.wav,"This audio is a 60-second clip that contains exactly ONE sustained musical note inside silence. Identify the onset and offset times of the note. Reply with ONLY two timestamps in MM:SS.cc format separated by a comma, e.g. '0:05.20, 0:08.50'. Nothing else. Output only the answer."
60,5000,27000,trumpet,instrument,2,1,0,0:45,27.0,32.0,45.0,,0.0,,,0,0,0,data/audio/pitchbench_b3_timestamp_single_pitch/clip_C4@27000+5000_trumpet_total60000ms_b2.wav,clip_C4@27000+5000_trumpet_total60000ms_b2.wav,"This audio is a 60-second clip that contains exactly ONE sustained musical note inside silence. Identify the onset and offset times of the note. Reply with ONLY two timestamps in MM:SS.cc format separated by a comma, e.g. '0:05.20, 0:08.50'. Nothing else. Output only the answer."
64,5000,27000,synth_pad,instrument,2,1,0,0:25.1,27.0,32.0,25.1,,0.0,,,0,0,0,data/audio/pitchbench_b3_timestamp_single_pitch/clip_E4@27000+5000_synth_pad_total60000ms_b2.wav,clip_E4@27000+5000_synth_pad_total60000ms_b2.wav,"This audio is a 60-second clip that contains exactly ONE sustained musical note inside silence. Identify the onset and offset times of the note. Reply with ONLY two timestamps in MM:SS.cc format separated by a comma, e.g. '0:05.20, 0:08.50'. Nothing else. Output only the answer."
69,5000,27000,flute,instrument,2,1,0,0:45.0,27.0,32.0,45.0,,0.0,,,0,0,0,data/audio/pitchbench_b3_timestamp_single_pitch/clip_A4@27000+5000_flute_total60000ms_b2.wav,clip_A4@27000+5000_flute_total60000ms_b2.wav,"This audio is a 60-second clip that contains exactly ONE sustained musical note inside silence. Identify the onset and offset times of the note. Reply with ONLY two timestamps in MM:SS.cc format separated by a comma, e.g. '0:05.20, 0:08.50'. Nothing else. Output only the answer."
79,5000,27000,clarinet,instrument,2,1,0,0:45.0,27.0,32.0,45.0,,0.0,,,0,0,0,data/audio/pitchbench_b3_timestamp_single_pitch/clip_G5@27000+5000_clarinet_total60000ms_b2.wav,clip_G5@27000+5000_clarinet_total60000ms_b2.wav,"This audio is a 60-second clip that contains exactly ONE sustained musical note inside silence. Identify the onset and offset times of the note. Reply with ONLY two timestamps in MM:SS.cc format separated by a comma, e.g. '0:05.20, 0:08.50'. Nothing else. Output only the answer."
88,5000,27000,sawtooth,waveform,2,1,0,0:45.,27.0,32.0,45.0,,0.0,,,0,0,0,data/audio/pitchbench_b3_timestamp_single_pitch/clip_E6@27000+5000_sawtooth_total60000ms_b2.wav,clip_E6@27000+5000_sawtooth_total60000ms_b2.wav,"This audio is a 60-second clip that contains exactly ONE sustained musical note inside silence. Identify the onset and offset times of the note. Reply with ONLY two timestamps in MM:SS.cc format separated by a comma, e.g. '0:05.20, 0:08.50'. Nothing else. Output only the answer."
30,1000,41000,flute,instrument,2,1,0,0:11,41.0,42.0,11.0,,0.0,,,0,0,0,data/audio/pitchbench_b3_timestamp_single_pitch/clip_Fs1@41000+1000_flute_total60000ms_b2.wav,clip_Fs1@41000+1000_flute_total60000ms_b2.wav,"This audio is a 60-second clip that contains exactly ONE sustained musical note inside silence. Identify the onset and offset times of the note. Reply with ONLY two timestamps in MM:SS.cc format separated by a comma, e.g. '0:05.20, 0:08.50'. Nothing else. Output only the answer."
36,1000,41000,sawtooth,waveform,2,1,0,0:48,41.0,42.0,48.0,,0.0,,,0,0,0,data/audio/pitchbench_b3_timestamp_single_pitch/clip_C2@41000+1000_sawtooth_total60000ms_b2.wav,clip_C2@41000+1000_sawtooth_total60000ms_b2.wav,"This audio is a 60-second clip that contains exactly ONE sustained musical note inside silence. Identify the onset and offset times of the note. Reply with ONLY two timestamps in MM:SS.cc format separated by a comma, e.g. '0:05.20, 0:08.50'. Nothing else. Output only the answer."
43,1000,41000,clarinet,instrument,2,1,0,0:48.1,41.0,42.0,48.1,,0.0,,,0,0,0,data/audio/pitchbench_b3_timestamp_single_pitch/clip_G2@41000+1000_clarinet_total60000ms_b2.wav,clip_G2@41000+1000_clarinet_total60000ms_b2.wav,"This audio is a 60-second clip that contains exactly ONE sustained musical note inside silence. Identify the onset and offset times of the note. Reply with ONLY two timestamps in MM:SS.cc format separated by a comma, e.g. '0:05.20, 0:08.50'. Nothing else. Output only the answer."
48,1000,41000,violin,instrument,2,1,0,00:30.,41.0,42.0,30.0,,0.0,,,0,0,0,data/audio/pitchbench_b3_timestamp_single_pitch/clip_C3@41000+1000_violin_total60000ms_b2.wav,clip_C3@41000+1000_violin_total60000ms_b2.wav,"This audio is a 60-second clip that contains exactly ONE sustained musical note inside silence. Identify the onset and offset times of the note. Reply with ONLY two timestamps in MM:SS.cc format separated by a comma, e.g. '0:05.20, 0:08.50'. Nothing else. Output only the answer."
54,1000,41000,trumpet,instrument,2,1,0,0:4,41.0,42.0,4.0,,0.0,,,0,0,0,data/audio/pitchbench_b3_timestamp_single_pitch/clip_Fs3@41000+1000_trumpet_total60000ms_b2.wav,clip_Fs3@41000+1000_trumpet_total60000ms_b2.wav,"This audio is a 60-second clip that contains exactly ONE sustained musical note inside silence. Identify the onset and offset times of the note. Reply with ONLY two timestamps in MM:SS.cc format separated by a comma, e.g. '0:05.20, 0:08.50'. Nothing else. Output only the answer."
60,1000,41000,square,waveform,2,1,0,0:41,41.0,42.0,41.0,,0.0,,,0,0,0,data/audio/pitchbench_b3_timestamp_single_pitch/clip_C4@41000+1000_square_total60000ms_b2.wav,clip_C4@41000+1000_square_total60000ms_b2.wav,"This audio is a 60-second clip that contains exactly ONE sustained musical note inside silence. Identify the onset and offset times of the note. Reply with ONLY two timestamps in MM:SS.cc format separated by a comma, e.g. '0:05.20, 0:08.50'. Nothing else. Output only the answer."
64,1000,41000,guitar,instrument,2,1,0,0:32.,41.0,42.0,32.0,,0.0,,,0,0,0,data/audio/pitchbench_b3_timestamp_single_pitch/clip_E4@41000+1000_guitar_total60000ms_b2.wav,clip_E4@41000+1000_guitar_total60000ms_b2.wav,"This audio is a 60-second clip that contains exactly ONE sustained musical note inside silence. Identify the onset and offset times of the note. Reply with ONLY two timestamps in MM:SS.cc format separated by a comma, e.g. '0:05.20, 0:08.50'. Nothing else. Output only the answer."
69,1000,41000,voice,instrument,2,1,0,0:3,41.0,42.0,3.0,,0.0,,,0,0,0,data/audio/pitchbench_b3_timestamp_single_pitch/clip_A4@41000+1000_voice_total60000ms_b2.wav,clip_A4@41000+1000_voice_total60000ms_b2.wav,"This audio is a 60-second clip that contains exactly ONE sustained musical note inside silence. Identify the onset and offset times of the note. Reply with ONLY two timestamps in MM:SS.cc format separated by a comma, e.g. '0:05.20, 0:08.50'. Nothing else. Output only the answer."
79,1000,41000,clarinet,instrument,2,1,0,00:41,41.0,42.0,41.0,,0.0,,,0,0,0,data/audio/pitchbench_b3_timestamp_single_pitch/clip_G5@41000+1000_clarinet_total60000ms_b2.wav,clip_G5@41000+1000_clarinet_total60000ms_b2.wav,"This audio is a 60-second clip that contains exactly ONE sustained musical note inside silence. Identify the onset and offset times of the note. Reply with ONLY two timestamps in MM:SS.cc format separated by a comma, e.g. '0:05.20, 0:08.50'. Nothing else. Output only the answer."
88,1000,41000,guitar,instrument,2,1,0,0:22.0,41.0,42.0,22.0,,0.0,,,0,0,0,data/audio/pitchbench_b3_timestamp_single_pitch/clip_E6@41000+1000_guitar_total60000ms_b2.wav,clip_E6@41000+1000_guitar_total60000ms_b2.wav,"This audio is a 60-second clip that contains exactly ONE sustained musical note inside silence. Identify the onset and offset times of the note. Reply with ONLY two timestamps in MM:SS.cc format separated by a comma, e.g. '0:05.20, 0:08.50'. Nothing else. Output only the answer."
30,5000,41000,bass,instrument,2,1,0,00:4,41.0,46.0,4.0,,0.0,,,0,0,0,data/audio/pitchbench_b3_timestamp_single_pitch/clip_Fs1@41000+5000_bass_total60000ms_b2.wav,clip_Fs1@41000+5000_bass_total60000ms_b2.wav,"This audio is a 60-second clip that contains exactly ONE sustained musical note inside silence. Identify the onset and offset times of the note. Reply with ONLY two timestamps in MM:SS.cc format separated by a comma, e.g. '0:05.20, 0:08.50'. Nothing else. Output only the answer."
36,5000,41000,violin,instrument,2,1,0,0:4,41.0,46.0,4.0,,0.0,,,0,0,0,data/audio/pitchbench_b3_timestamp_single_pitch/clip_C2@41000+5000_violin_total60000ms_b2.wav,clip_C2@41000+5000_violin_total60000ms_b2.wav,"This audio is a 60-second clip that contains exactly ONE sustained musical note inside silence. Identify the onset and offset times of the note. Reply with ONLY two timestamps in MM:SS.cc format separated by a comma, e.g. '0:05.20, 0:08.50'. Nothing else. Output only the answer."
43,5000,41000,organ,instrument,2,1,0,0:45.0,41.0,46.0,45.0,,0.0,,,0,0,0,data/audio/pitchbench_b3_timestamp_single_pitch/clip_G2@41000+5000_organ_total60000ms_b2.wav,clip_G2@41000+5000_organ_total60000ms_b2.wav,"This audio is a 60-second clip that contains exactly ONE sustained musical note inside silence. Identify the onset and offset times of the note. Reply with ONLY two timestamps in MM:SS.cc format separated by a comma, e.g. '0:05.20, 0:08.50'. Nothing else. Output only the answer."
48,5000,41000,piano,instrument,2,1,0,00:,41.0,46.0,0.0,,0.0,,,0,0,0,data/audio/pitchbench_b3_timestamp_single_pitch/clip_C3@41000+5000_piano_total60000ms_b2.wav,clip_C3@41000+5000_piano_total60000ms_b2.wav,"This audio is a 60-second clip that contains exactly ONE sustained musical note inside silence. Identify the onset and offset times of the note. Reply with ONLY two timestamps in MM:SS.cc format separated by a comma, e.g. '0:05.20, 0:08.50'. Nothing else. Output only the answer."
54,5000,41000,trumpet,instrument,2,1,0,0:38.1,41.0,46.0,38.1,,0.0,,,0,0,0,data/audio/pitchbench_b3_timestamp_single_pitch/clip_Fs3@41000+5000_trumpet_total60000ms_b2.wav,clip_Fs3@41000+5000_trumpet_total60000ms_b2.wav,"This audio is a 60-second clip that contains exactly ONE sustained musical note inside silence. Identify the onset and offset times of the note. Reply with ONLY two timestamps in MM:SS.cc format separated by a comma, e.g. '0:05.20, 0:08.50'. Nothing else. Output only the answer."
60,5000,41000,piano,instrument,2,1,0,0:31.,41.0,46.0,31.0,,0.0,,,0,0,0,data/audio/pitchbench_b3_timestamp_single_pitch/clip_C4@41000+5000_piano_total60000ms_b2.wav,clip_C4@41000+5000_piano_total60000ms_b2.wav,"This audio is a 60-second clip that contains exactly ONE sustained musical note inside silence. Identify the onset and offset times of the note. Reply with ONLY two timestamps in MM:SS.cc format separated by a comma, e.g. '0:05.20, 0:08.50'. Nothing else. Output only the answer."
64,5000,41000,flute,instrument,2,1,0,0:4,41.0,46.0,4.0,,0.0,,,0,0,0,data/audio/pitchbench_b3_timestamp_single_pitch/clip_E4@41000+5000_flute_total60000ms_b2.wav,clip_E4@41000+5000_flute_total60000ms_b2.wav,"This audio is a 60-second clip that contains exactly ONE sustained musical note inside silence. Identify the onset and offset times of the note. Reply with ONLY two timestamps in MM:SS.cc format separated by a comma, e.g. '0:05.20, 0:08.50'. Nothing else. Output only the answer."
69,5000,41000,synth_pad,instrument,2,1,0,0:45.0,41.0,46.0,45.0,,0.0,,,0,0,0,data/audio/pitchbench_b3_timestamp_single_pitch/clip_A4@41000+5000_synth_pad_total60000ms_b2.wav,clip_A4@41000+5000_synth_pad_total60000ms_b2.wav,"This audio is a 60-second clip that contains exactly ONE sustained musical note inside silence. Identify the onset and offset times of the note. Reply with ONLY two timestamps in MM:SS.cc format separated by a comma, e.g. '0:05.20, 0:08.50'. Nothing else. Output only the answer."
79,5000,41000,synth_pad,instrument,2,1,0,0:45,41.0,46.0,45.0,,0.0,,,0,0,0,data/audio/pitchbench_b3_timestamp_single_pitch/clip_G5@41000+5000_synth_pad_total60000ms_b2.wav,clip_G5@41000+5000_synth_pad_total60000ms_b2.wav,"This audio is a 60-second clip that contains exactly ONE sustained musical note inside silence. Identify the onset and offset times of the note. Reply with ONLY two timestamps in MM:SS.cc format separated by a comma, e.g. '0:05.20, 0:08.50'. Nothing else. Output only the answer."
88,5000,41000,trumpet,instrument,2,1,0,0:45.,41.0,46.0,45.0,,0.0,,,0,0,0,data/audio/pitchbench_b3_timestamp_single_pitch/clip_E6@41000+5000_trumpet_total60000ms_b2.wav,clip_E6@41000+5000_trumpet_total60000ms_b2.wav,"This audio is a 60-second clip that contains exactly ONE sustained musical note inside silence. Identify the onset and offset times of the note. Reply with ONLY two timestamps in MM:SS.cc format separated by a comma, e.g. '0:05.20, 0:08.50'. Nothing else. Output only the answer."
30,1000,47000,voice,instrument,2,1,0,0:38.,47.0,48.0,38.0,,0.0,,,0,0,0,data/audio/pitchbench_b3_timestamp_single_pitch/clip_Fs1@47000+1000_voice_total60000ms_b2.wav,clip_Fs1@47000+1000_voice_total60000ms_b2.wav,"This audio is a 60-second clip that contains exactly ONE sustained musical note inside silence. Identify the onset and offset times of the note. Reply with ONLY two timestamps in MM:SS.cc format separated by a comma, e.g. '0:05.20, 0:08.50'. Nothing else. Output only the answer."
36,1000,47000,cello,instrument,2,1,0,00:,47.0,48.0,0.0,,0.0,,,0,0,0,data/audio/pitchbench_b3_timestamp_single_pitch/clip_C2@47000+1000_cello_total60000ms_b2.wav,clip_C2@47000+1000_cello_total60000ms_b2.wav,"This audio is a 60-second clip that contains exactly ONE sustained musical note inside silence. Identify the onset and offset times of the note. Reply with ONLY two timestamps in MM:SS.cc format separated by a comma, e.g. '0:05.20, 0:08.50'. Nothing else. Output only the answer."
43,1000,47000,voice,instrument,2,1,0,0:38.,47.0,48.0,38.0,,0.0,,,0,0,0,data/audio/pitchbench_b3_timestamp_single_pitch/clip_G2@47000+1000_voice_total60000ms_b2.wav,clip_G2@47000+1000_voice_total60000ms_b2.wav,"This audio is a 60-second clip that contains exactly ONE sustained musical note inside silence. Identify the onset and offset times of the note. Reply with ONLY two timestamps in MM:SS.cc format separated by a comma, e.g. '0:05.20, 0:08.50'. Nothing else. Output only the answer."
48,1000,47000,violin,instrument,2,1,0,0:42.,47.0,48.0,42.0,,0.0,,,0,0,0,data/audio/pitchbench_b3_timestamp_single_pitch/clip_C3@47000+1000_violin_total60000ms_b2.wav,clip_C3@47000+1000_violin_total60000ms_b2.wav,"This audio is a 60-second clip that contains exactly ONE sustained musical note inside silence. Identify the onset and offset times of the note. Reply with ONLY two timestamps in MM:SS.cc format separated by a comma, e.g. '0:05.20, 0:08.50'. Nothing else. Output only the answer."
54,1000,47000,oboe,instrument,2,1,0,0:38,47.0,48.0,38.0,,0.0,,,0,0,0,data/audio/pitchbench_b3_timestamp_single_pitch/clip_Fs3@47000+1000_oboe_total60000ms_b2.wav,clip_Fs3@47000+1000_oboe_total60000ms_b2.wav,"This audio is a 60-second clip that contains exactly ONE sustained musical note inside silence. Identify the onset and offset times of the note. Reply with ONLY two timestamps in MM:SS.cc format separated by a comma, e.g. '0:05.20, 0:08.50'. Nothing else. Output only the answer."
60,1000,47000,flute,instrument,2,1,0,0:48.,47.0,48.0,48.0,,0.0,,,0,0,0,data/audio/pitchbench_b3_timestamp_single_pitch/clip_C4@47000+1000_flute_total60000ms_b2.wav,clip_C4@47000+1000_flute_total60000ms_b2.wav,"This audio is a 60-second clip that contains exactly ONE sustained musical note inside silence. Identify the onset and offset times of the note. Reply with ONLY two timestamps in MM:SS.cc format separated by a comma, e.g. '0:05.20, 0:08.50'. Nothing else. Output only the answer."
64,1000,47000,piano,instrument,2,1,0,00,47.0,48.0,0.0,,0.0,,,0,0,0,data/audio/pitchbench_b3_timestamp_single_pitch/clip_E4@47000+1000_piano_total60000ms_b2.wav,clip_E4@47000+1000_piano_total60000ms_b2.wav,"This audio is a 60-second clip that contains exactly ONE sustained musical note inside silence. Identify the onset and offset times of the note. Reply with ONLY two timestamps in MM:SS.cc format separated by a comma, e.g. '0:05.20, 0:08.50'. Nothing else. Output only the answer."
69,1000,47000,synth_lead,instrument,2,1,0,0:4,47.0,48.0,4.0,,0.0,,,0,0,0,data/audio/pitchbench_b3_timestamp_single_pitch/clip_A4@47000+1000_synth_lead_total60000ms_b2.wav,clip_A4@47000+1000_synth_lead_total60000ms_b2.wav,"This audio is a 60-second clip that contains exactly ONE sustained musical note inside silence. Identify the onset and offset times of the note. Reply with ONLY two timestamps in MM:SS.cc format separated by a comma, e.g. '0:05.20, 0:08.50'. Nothing else. Output only the answer."
79,1000,47000,bass,instrument,2,1,0,0:,47.0,48.0,0.0,,0.0,,,0,0,0,data/audio/pitchbench_b3_timestamp_single_pitch/clip_G5@47000+1000_bass_total60000ms_b2.wav,clip_G5@47000+1000_bass_total60000ms_b2.wav,"This audio is a 60-second clip that contains exactly ONE sustained musical note inside silence. Identify the onset and offset times of the note. Reply with ONLY two timestamps in MM:SS.cc format separated by a comma, e.g. '0:05.20, 0:08.50'. Nothing else. Output only the answer."
88,1000,47000,square,waveform,2,1,0,0:45.,47.0,48.0,45.0,,0.0,,,0,0,0,data/audio/pitchbench_b3_timestamp_single_pitch/clip_E6@47000+1000_square_total60000ms_b2.wav,clip_E6@47000+1000_square_total60000ms_b2.wav,"This audio is a 60-second clip that contains exactly ONE sustained musical note inside silence. Identify the onset and offset times of the note. Reply with ONLY two timestamps in MM:SS.cc format separated by a comma, e.g. '0:05.20, 0:08.50'. Nothing else. Output only the answer."
30,5000,47000,sawtooth,waveform,2,1,0,00:46,47.0,52.0,46.0,,0.0,,,0,0,0,data/audio/pitchbench_b3_timestamp_single_pitch/clip_Fs1@47000+5000_sawtooth_total60000ms_b2.wav,clip_Fs1@47000+5000_sawtooth_total60000ms_b2.wav,"This audio is a 60-second clip that contains exactly ONE sustained musical note inside silence. Identify the onset and offset times of the note. Reply with ONLY two timestamps in MM:SS.cc format separated by a comma, e.g. '0:05.20, 0:08.50'. Nothing else. Output only the answer."
36,5000,47000,triangle,waveform,2,1,0,0:38,47.0,52.0,38.0,,0.0,,,0,0,0,data/audio/pitchbench_b3_timestamp_single_pitch/clip_C2@47000+5000_triangle_total60000ms_b2.wav,clip_C2@47000+5000_triangle_total60000ms_b2.wav,"This audio is a 60-second clip that contains exactly ONE sustained musical note inside silence. Identify the onset and offset times of the note. Reply with ONLY two timestamps in MM:SS.cc format separated by a comma, e.g. '0:05.20, 0:08.50'. Nothing else. Output only the answer."
43,5000,47000,piano,instrument,2,1,0,0:16,47.0,52.0,16.0,,0.0,,,0,0,0,data/audio/pitchbench_b3_timestamp_single_pitch/clip_G2@47000+5000_piano_total60000ms_b2.wav,clip_G2@47000+5000_piano_total60000ms_b2.wav,"This audio is a 60-second clip that contains exactly ONE sustained musical note inside silence. Identify the onset and offset times of the note. Reply with ONLY two timestamps in MM:SS.cc format separated by a comma, e.g. '0:05.20, 0:08.50'. Nothing else. Output only the answer."
48,5000,47000,electric_keyboard,instrument,2,1,0,0:48.,47.0,52.0,48.0,,0.0,,,0,0,0,data/audio/pitchbench_b3_timestamp_single_pitch/clip_C3@47000+5000_electric_keyboard_total60000ms_b2.wav,clip_C3@47000+5000_electric_keyboard_total60000ms_b2.wav,"This audio is a 60-second clip that contains exactly ONE sustained musical note inside silence. Identify the onset and offset times of the note. Reply with ONLY two timestamps in MM:SS.cc format separated by a comma, e.g. '0:05.20, 0:08.50'. Nothing else. Output only the answer."
54,5000,47000,cello,instrument,2,1,0,00:46.,47.0,52.0,46.0,,0.0,,,0,0,0,data/audio/pitchbench_b3_timestamp_single_pitch/clip_Fs3@47000+5000_cello_total60000ms_b2.wav,clip_Fs3@47000+5000_cello_total60000ms_b2.wav,"This audio is a 60-second clip that contains exactly ONE sustained musical note inside silence. Identify the onset and offset times of the note. Reply with ONLY two timestamps in MM:SS.cc format separated by a comma, e.g. '0:05.20, 0:08.50'. Nothing else. Output only the answer."
60,5000,47000,square,waveform,2,1,0,0:4,47.0,52.0,4.0,,0.0,,,0,0,0,data/audio/pitchbench_b3_timestamp_single_pitch/clip_C4@47000+5000_square_total60000ms_b2.wav,clip_C4@47000+5000_square_total60000ms_b2.wav,"This audio is a 60-second clip that contains exactly ONE sustained musical note inside silence. Identify the onset and offset times of the note. Reply with ONLY two timestamps in MM:SS.cc format separated by a comma, e.g. '0:05.20, 0:08.50'. Nothing else. Output only the answer."
64,5000,47000,violin,instrument,2,1,0,0:42.0,47.0,52.0,42.0,,0.0,,,0,0,0,data/audio/pitchbench_b3_timestamp_single_pitch/clip_E4@47000+5000_violin_total60000ms_b2.wav,clip_E4@47000+5000_violin_total60000ms_b2.wav,"This audio is a 60-second clip that contains exactly ONE sustained musical note inside silence. Identify the onset and offset times of the note. Reply with ONLY two timestamps in MM:SS.cc format separated by a comma, e.g. '0:05.20, 0:08.50'. Nothing else. Output only the answer."
69,5000,47000,violin,instrument,2,1,0,0:48.0,47.0,52.0,48.0,,0.0,,,0,0,0,data/audio/pitchbench_b3_timestamp_single_pitch/clip_A4@47000+5000_violin_total60000ms_b2.wav,clip_A4@47000+5000_violin_total60000ms_b2.wav,"This audio is a 60-second clip that contains exactly ONE sustained musical note inside silence. Identify the onset and offset times of the note. Reply with ONLY two timestamps in MM:SS.cc format separated by a comma, e.g. '0:05.20, 0:08.50'. Nothing else. Output only the answer."
79,5000,47000,organ,instrument,2,1,0,0:4,47.0,52.0,4.0,,0.0,,,0,0,0,data/audio/pitchbench_b3_timestamp_single_pitch/clip_G5@47000+5000_organ_total60000ms_b2.wav,clip_G5@47000+5000_organ_total60000ms_b2.wav,"This audio is a 60-second clip that contains exactly ONE sustained musical note inside silence. Identify the onset and offset times of the note. Reply with ONLY two timestamps in MM:SS.cc format separated by a comma, e.g. '0:05.20, 0:08.50'. Nothing else. Output only the answer."
88,5000,47000,synth_lead,instrument,2,1,0,00:48,47.0,52.0,48.0,,0.0,,,0,0,0,data/audio/pitchbench_b3_timestamp_single_pitch/clip_E6@47000+5000_synth_lead_total60000ms_b2.wav,clip_E6@47000+5000_synth_lead_total60000ms_b2.wav,"This audio is a 60-second clip that contains exactly ONE sustained musical note inside silence. Identify the onset and offset times of the note. Reply with ONLY two timestamps in MM:SS.cc format separated by a comma, e.g. '0:05.20, 0:08.50'. Nothing else. Output only the answer."
30,1000,53000,trumpet,instrument,2,1,0,0:48.0,53.0,54.0,48.0,,0.0,,,0,0,0,data/audio/pitchbench_b3_timestamp_single_pitch/clip_Fs1@53000+1000_trumpet_total60000ms_b2.wav,clip_Fs1@53000+1000_trumpet_total60000ms_b2.wav,"This audio is a 60-second clip that contains exactly ONE sustained musical note inside silence. Identify the onset and offset times of the note. Reply with ONLY two timestamps in MM:SS.cc format separated by a comma, e.g. '0:05.20, 0:08.50'. Nothing else. Output only the answer."
36,1000,53000,synth_pad,instrument,2,1,0,00:15,53.0,54.0,15.0,,0.0,,,0,0,0,data/audio/pitchbench_b3_timestamp_single_pitch/clip_C2@53000+1000_synth_pad_total60000ms_b2.wav,clip_C2@53000+1000_synth_pad_total60000ms_b2.wav,"This audio is a 60-second clip that contains exactly ONE sustained musical note inside silence. Identify the onset and offset times of the note. Reply with ONLY two timestamps in MM:SS.cc format separated by a comma, e.g. '0:05.20, 0:08.50'. Nothing else. Output only the answer."
43,1000,53000,sine,waveform,2,1,0,00:11.,53.0,54.0,11.0,,0.0,,,0,0,0,data/audio/pitchbench_b3_timestamp_single_pitch/clip_G2@53000+1000_sine_total60000ms_b2.wav,clip_G2@53000+1000_sine_total60000ms_b2.wav,"This audio is a 60-second clip that contains exactly ONE sustained musical note inside silence. Identify the onset and offset times of the note. Reply with ONLY two timestamps in MM:SS.cc format separated by a comma, e.g. '0:05.20, 0:08.50'. Nothing else. Output only the answer."
48,1000,53000,triangle,waveform,2,1,0,00,53.0,54.0,0.0,,0.0,,,0,0,0,data/audio/pitchbench_b3_timestamp_single_pitch/clip_C3@53000+1000_triangle_total60000ms_b2.wav,clip_C3@53000+1000_triangle_total60000ms_b2.wav,"This audio is a 60-second clip that contains exactly ONE sustained musical note inside silence. Identify the onset and offset times of the note. Reply with ONLY two timestamps in MM:SS.cc format separated by a comma, e.g. '0:05.20, 0:08.50'. Nothing else. Output only the answer."
54,1000,53000,synth_pad,instrument,2,1,0,00:48,53.0,54.0,48.0,,0.0,,,0,0,0,data/audio/pitchbench_b3_timestamp_single_pitch/clip_Fs3@53000+1000_synth_pad_total60000ms_b2.wav,clip_Fs3@53000+1000_synth_pad_total60000ms_b2.wav,"This audio is a 60-second clip that contains exactly ONE sustained musical note inside silence. Identify the onset and offset times of the note. Reply with ONLY two timestamps in MM:SS.cc format separated by a comma, e.g. '0:05.20, 0:08.50'. Nothing else. Output only the answer."
60,1000,53000,trumpet,instrument,2,1,0,0:49.0,53.0,54.0,49.0,,0.0,,,0,0,0,data/audio/pitchbench_b3_timestamp_single_pitch/clip_C4@53000+1000_trumpet_total60000ms_b2.wav,clip_C4@53000+1000_trumpet_total60000ms_b2.wav,"This audio is a 60-second clip that contains exactly ONE sustained musical note inside silence. Identify the onset and offset times of the note. Reply with ONLY two timestamps in MM:SS.cc format separated by a comma, e.g. '0:05.20, 0:08.50'. Nothing else. Output only the answer."
64,1000,53000,clarinet,instrument,2,1,0,00:5,53.0,54.0,5.0,,0.0,,,0,0,0,data/audio/pitchbench_b3_timestamp_single_pitch/clip_E4@53000+1000_clarinet_total60000ms_b2.wav,clip_E4@53000+1000_clarinet_total60000ms_b2.wav,"This audio is a 60-second clip that contains exactly ONE sustained musical note inside silence. Identify the onset and offset times of the note. Reply with ONLY two timestamps in MM:SS.cc format separated by a comma, e.g. '0:05.20, 0:08.50'. Nothing else. Output only the answer."
69,1000,53000,triangle,waveform,2,1,0,0:,53.0,54.0,0.0,,0.0,,,0,0,0,data/audio/pitchbench_b3_timestamp_single_pitch/clip_A4@53000+1000_triangle_total60000ms_b2.wav,clip_A4@53000+1000_triangle_total60000ms_b2.wav,"This audio is a 60-second clip that contains exactly ONE sustained musical note inside silence. Identify the onset and offset times of the note. Reply with ONLY two timestamps in MM:SS.cc format separated by a comma, e.g. '0:05.20, 0:08.50'. Nothing else. Output only the answer."
79,1000,53000,trombone,instrument,2,1,0,00:5,53.0,54.0,5.0,,0.0,,,0,0,0,data/audio/pitchbench_b3_timestamp_single_pitch/clip_G5@53000+1000_trombone_total60000ms_b2.wav,clip_G5@53000+1000_trombone_total60000ms_b2.wav,"This audio is a 60-second clip that contains exactly ONE sustained musical note inside silence. Identify the onset and offset times of the note. Reply with ONLY two timestamps in MM:SS.cc format separated by a comma, e.g. '0:05.20, 0:08.50'. Nothing else. Output only the answer."
88,1000,53000,cello,instrument,2,1,0,00:53.,53.0,54.0,53.0,,0.0,,,0,0,0,data/audio/pitchbench_b3_timestamp_single_pitch/clip_E6@53000+1000_cello_total60000ms_b2.wav,clip_E6@53000+1000_cello_total60000ms_b2.wav,"This audio is a 60-second clip that contains exactly ONE sustained musical note inside silence. Identify the onset and offset times of the note. Reply with ONLY two timestamps in MM:SS.cc format separated by a comma, e.g. '0:05.20, 0:08.50'. Nothing else. Output only the answer."
30,5000,53000,electric_keyboard,instrument,2,1,0,0:48,53.0,58.0,48.0,,0.0,,,0,0,0,data/audio/pitchbench_b3_timestamp_single_pitch/clip_Fs1@53000+5000_electric_keyboard_total60000ms_b2.wav,clip_Fs1@53000+5000_electric_keyboard_total60000ms_b2.wav,"This audio is a 60-second clip that contains exactly ONE sustained musical note inside silence. Identify the onset and offset times of the note. Reply with ONLY two timestamps in MM:SS.cc format separated by a comma, e.g. '0:05.20, 0:08.50'. Nothing else. Output only the answer."
36,5000,53000,organ,instrument,2,1,0,00:5,53.0,58.0,5.0,,0.0,,,0,0,0,data/audio/pitchbench_b3_timestamp_single_pitch/clip_C2@53000+5000_organ_total60000ms_b2.wav,clip_C2@53000+5000_organ_total60000ms_b2.wav,"This audio is a 60-second clip that contains exactly ONE sustained musical note inside silence. Identify the onset and offset times of the note. Reply with ONLY two timestamps in MM:SS.cc format separated by a comma, e.g. '0:05.20, 0:08.50'. Nothing else. Output only the answer."
43,5000,53000,sine,waveform,2,1,0,0:42,53.0,58.0,42.0,,0.0,,,0,0,0,data/audio/pitchbench_b3_timestamp_single_pitch/clip_G2@53000+5000_sine_total60000ms_b2.wav,clip_G2@53000+5000_sine_total60000ms_b2.wav,"This audio is a 60-second clip that contains exactly ONE sustained musical note inside silence. Identify the onset and offset times of the note. Reply with ONLY two timestamps in MM:SS.cc format separated by a comma, e.g. '0:05.20, 0:08.50'. Nothing else. Output only the answer."
48,5000,53000,trumpet,instrument,2,1,0,0:25.,53.0,58.0,25.0,,0.0,,,0,0,0,data/audio/pitchbench_b3_timestamp_single_pitch/clip_C3@53000+5000_trumpet_total60000ms_b2.wav,clip_C3@53000+5000_trumpet_total60000ms_b2.wav,"This audio is a 60-second clip that contains exactly ONE sustained musical note inside silence. Identify the onset and offset times of the note. Reply with ONLY two timestamps in MM:SS.cc format separated by a comma, e.g. '0:05.20, 0:08.50'. Nothing else. Output only the answer."
54,5000,53000,synth_lead,instrument,2,1,0,0:4,53.0,58.0,4.0,,0.0,,,0,0,0,data/audio/pitchbench_b3_timestamp_single_pitch/clip_Fs3@53000+5000_synth_lead_total60000ms_b2.wav,clip_Fs3@53000+5000_synth_lead_total60000ms_b2.wav,"This audio is a 60-second clip that contains exactly ONE sustained musical note inside silence. Identify the onset and offset times of the note. Reply with ONLY two timestamps in MM:SS.cc format separated by a comma, e.g. '0:05.20, 0:08.50'. Nothing else. Output only the answer."
60,5000,53000,electric_keyboard,instrument,2,1,0,0:,53.0,58.0,0.0,,0.0,,,0,0,0,data/audio/pitchbench_b3_timestamp_single_pitch/clip_C4@53000+5000_electric_keyboard_total60000ms_b2.wav,clip_C4@53000+5000_electric_keyboard_total60000ms_b2.wav,"This audio is a 60-second clip that contains exactly ONE sustained musical note inside silence. Identify the onset and offset times of the note. Reply with ONLY two timestamps in MM:SS.cc format separated by a comma, e.g. '0:05.20, 0:08.50'. Nothing else. Output only the answer."
64,5000,53000,synth_lead,instrument,2,1,0,0:55.,53.0,58.0,55.0,,0.0,,,0,0,0,data/audio/pitchbench_b3_timestamp_single_pitch/clip_E4@53000+5000_synth_lead_total60000ms_b2.wav,clip_E4@53000+5000_synth_lead_total60000ms_b2.wav,"This audio is a 60-second clip that contains exactly ONE sustained musical note inside silence. Identify the onset and offset times of the note. Reply with ONLY two timestamps in MM:SS.cc format separated by a comma, e.g. '0:05.20, 0:08.50'. Nothing else. Output only the answer."
69,5000,53000,triangle,waveform,2,1,0,00:48.,53.0,58.0,48.0,,0.0,,,0,0,0,data/audio/pitchbench_b3_timestamp_single_pitch/clip_A4@53000+5000_triangle_total60000ms_b2.wav,clip_A4@53000+5000_triangle_total60000ms_b2.wav,"This audio is a 60-second clip that contains exactly ONE sustained musical note inside silence. Identify the onset and offset times of the note. Reply with ONLY two timestamps in MM:SS.cc format separated by a comma, e.g. '0:05.20, 0:08.50'. Nothing else. Output only the answer."
79,5000,53000,trombone,instrument,2,1,0,0:51.0,53.0,58.0,51.0,,0.0,,,0,0,0,data/audio/pitchbench_b3_timestamp_single_pitch/clip_G5@53000+5000_trombone_total60000ms_b2.wav,clip_G5@53000+5000_trombone_total60000ms_b2.wav,"This audio is a 60-second clip that contains exactly ONE sustained musical note inside silence. Identify the onset and offset times of the note. Reply with ONLY two timestamps in MM:SS.cc format separated by a comma, e.g. '0:05.20, 0:08.50'. Nothing else. Output only the answer."
88,5000,53000,synth_lead,instrument,2,1,0,0:49.1,53.0,58.0,49.1,,0.0,,,0,0,0,data/audio/pitchbench_b3_timestamp_single_pitch/clip_E6@53000+5000_synth_lead_total60000ms_b2.wav,clip_E6@53000+5000_synth_lead_total60000ms_b2.wav,"This audio is a 60-second clip that contains exactly ONE sustained musical note inside silence. Identify the onset and offset times of the note. Reply with ONLY two timestamps in MM:SS.cc format separated by a comma, e.g. '0:05.20, 0:08.50'. Nothing else. Output only the answer."
30,1000,7000,guitar,instrument,2,1,0,0:00,7.0,8.0,0.0,,0.0,,,0,0,0,data/audio/pitchbench_b3_timestamp_single_pitch/clip_Fs1@7000+1000_guitar_total60000ms_b2.wav,clip_Fs1@7000+1000_guitar_total60000ms_b2.wav,"This audio is a 60-second clip that contains exactly ONE sustained musical note inside silence. Identify the onset and offset times of the note. Reply with ONLY two timestamps in MM:SS.cc format separated by a comma, e.g. '0:05.20, 0:08.50'. Nothing else. Output only the answer."
36,1000,7000,piano,instrument,2,1,0,0:0,7.0,8.0,0.0,,0.0,,,0,0,0,data/audio/pitchbench_b3_timestamp_single_pitch/clip_C2@7000+1000_piano_total60000ms_b2.wav,clip_C2@7000+1000_piano_total60000ms_b2.wav,"This audio is a 60-second clip that contains exactly ONE sustained musical note inside silence. Identify the onset and offset times of the note. Reply with ONLY two timestamps in MM:SS.cc format separated by a comma, e.g. '0:05.20, 0:08.50'. Nothing else. Output only the answer."
43,1000,7000,oboe,instrument,2,1,0,0:1,7.0,8.0,1.0,,0.0,,,0,0,0,data/audio/pitchbench_b3_timestamp_single_pitch/clip_G2@7000+1000_oboe_total60000ms_b2.wav,clip_G2@7000+1000_oboe_total60000ms_b2.wav,"This audio is a 60-second clip that contains exactly ONE sustained musical note inside silence. Identify the onset and offset times of the note. Reply with ONLY two timestamps in MM:SS.cc format separated by a comma, e.g. '0:05.20, 0:08.50'. Nothing else. Output only the answer."
48,1000,7000,electric_keyboard,instrument,2,1,0,0:15.0,7.0,8.0,15.0,,0.0,,,0,0,0,data/audio/pitchbench_b3_timestamp_single_pitch/clip_C3@7000+1000_electric_keyboard_total60000ms_b2.wav,clip_C3@7000+1000_electric_keyboard_total60000ms_b2.wav,"This audio is a 60-second clip that contains exactly ONE sustained musical note inside silence. Identify the onset and offset times of the note. Reply with ONLY two timestamps in MM:SS.cc format separated by a comma, e.g. '0:05.20, 0:08.50'. Nothing else. Output only the answer."
54,1000,7000,synth_pad,instrument,2,1,0,0,7.0,8.0,0.0,,0.0,,,0,0,0,data/audio/pitchbench_b3_timestamp_single_pitch/clip_Fs3@7000+1000_synth_pad_total60000ms_b2.wav,clip_Fs3@7000+1000_synth_pad_total60000ms_b2.wav,"This audio is a 60-second clip that contains exactly ONE sustained musical note inside silence. Identify the onset and offset times of the note. Reply with ONLY two timestamps in MM:SS.cc format separated by a comma, e.g. '0:05.20, 0:08.50'. Nothing else. Output only the answer."
60,1000,7000,synth_lead,instrument,2,1,0,00,7.0,8.0,0.0,,0.0,,,0,0,0,data/audio/pitchbench_b3_timestamp_single_pitch/clip_C4@7000+1000_synth_lead_total60000ms_b2.wav,clip_C4@7000+1000_synth_lead_total60000ms_b2.wav,"This audio is a 60-second clip that contains exactly ONE sustained musical note inside silence. Identify the onset and offset times of the note. Reply with ONLY two timestamps in MM:SS.cc format separated by a comma, e.g. '0:05.20, 0:08.50'. Nothing else. Output only the answer."
64,1000,7000,sine,waveform,2,1,0,0:11.0,7.0,8.0,11.0,,0.0,,,0,0,0,data/audio/pitchbench_b3_timestamp_single_pitch/clip_E4@7000+1000_sine_total60000ms_b2.wav,clip_E4@7000+1000_sine_total60000ms_b2.wav,"This audio is a 60-second clip that contains exactly ONE sustained musical note inside silence. Identify the onset and offset times of the note. Reply with ONLY two timestamps in MM:SS.cc format separated by a comma, e.g. '0:05.20, 0:08.50'. Nothing else. Output only the answer."
69,1000,7000,clarinet,instrument,2,1,0,00:01.,7.0,8.0,1.0,,0.0,,,0,0,0,data/audio/pitchbench_b3_timestamp_single_pitch/clip_A4@7000+1000_clarinet_total60000ms_b2.wav,clip_A4@7000+1000_clarinet_total60000ms_b2.wav,"This audio is a 60-second clip that contains exactly ONE sustained musical note inside silence. Identify the onset and offset times of the note. Reply with ONLY two timestamps in MM:SS.cc format separated by a comma, e.g. '0:05.20, 0:08.50'. Nothing else. Output only the answer."
79,1000,7000,bass,instrument,2,1,0,0:01,7.0,8.0,1.0,,0.0,,,0,0,0,data/audio/pitchbench_b3_timestamp_single_pitch/clip_G5@7000+1000_bass_total60000ms_b2.wav,clip_G5@7000+1000_bass_total60000ms_b2.wav,"This audio is a 60-second clip that contains exactly ONE sustained musical note inside silence. Identify the onset and offset times of the note. Reply with ONLY two timestamps in MM:SS.cc format separated by a comma, e.g. '0:05.20, 0:08.50'. Nothing else. Output only the answer."
88,1000,7000,sine,waveform,2,1,0,0:11.0,7.0,8.0,11.0,,0.0,,,0,0,0,data/audio/pitchbench_b3_timestamp_single_pitch/clip_E6@7000+1000_sine_total60000ms_b2.wav,clip_E6@7000+1000_sine_total60000ms_b2.wav,"This audio is a 60-second clip that contains exactly ONE sustained musical note inside silence. Identify the onset and offset times of the note. Reply with ONLY two timestamps in MM:SS.cc format separated by a comma, e.g. '0:05.20, 0:08.50'. Nothing else. Output only the answer."
30,5000,7000,triangle,waveform,2,1,0,00:11.,7.0,12.0,11.0,,0.0,,,0,0,0,data/audio/pitchbench_b3_timestamp_single_pitch/clip_Fs1@7000+5000_triangle_total60000ms_b2.wav,clip_Fs1@7000+5000_triangle_total60000ms_b2.wav,"This audio is a 60-second clip that contains exactly ONE sustained musical note inside silence. Identify the onset and offset times of the note. Reply with ONLY two timestamps in MM:SS.cc format separated by a comma, e.g. '0:05.20, 0:08.50'. Nothing else. Output only the answer."
36,5000,7000,oboe,instrument,2,1,0,0:15,7.0,12.0,15.0,,0.0,,,0,0,0,data/audio/pitchbench_b3_timestamp_single_pitch/clip_C2@7000+5000_oboe_total60000ms_b2.wav,clip_C2@7000+5000_oboe_total60000ms_b2.wav,"This audio is a 60-second clip that contains exactly ONE sustained musical note inside silence. Identify the onset and offset times of the note. Reply with ONLY two timestamps in MM:SS.cc format separated by a comma, e.g. '0:05.20, 0:08.50'. Nothing else. Output only the answer."
43,5000,7000,trombone,instrument,2,1,0,0:10.0,7.0,12.0,10.0,,0.0,,,0,0,0,data/audio/pitchbench_b3_timestamp_single_pitch/clip_G2@7000+5000_trombone_total60000ms_b2.wav,clip_G2@7000+5000_trombone_total60000ms_b2.wav,"This audio is a 60-second clip that contains exactly ONE sustained musical note inside silence. Identify the onset and offset times of the note. Reply with ONLY two timestamps in MM:SS.cc format separated by a comma, e.g. '0:05.20, 0:08.50'. Nothing else. Output only the answer."
48,5000,7000,flute,instrument,2,1,0,0:05.,7.0,12.0,5.0,,0.0,,,0,0,0,data/audio/pitchbench_b3_timestamp_single_pitch/clip_C3@7000+5000_flute_total60000ms_b2.wav,clip_C3@7000+5000_flute_total60000ms_b2.wav,"This audio is a 60-second clip that contains exactly ONE sustained musical note inside silence. Identify the onset and offset times of the note. Reply with ONLY two timestamps in MM:SS.cc format separated by a comma, e.g. '0:05.20, 0:08.50'. Nothing else. Output only the answer."
54,5000,7000,sawtooth,waveform,2,1,0,00:1,7.0,12.0,1.0,,0.0,,,0,0,0,data/audio/pitchbench_b3_timestamp_single_pitch/clip_Fs3@7000+5000_sawtooth_total60000ms_b2.wav,clip_Fs3@7000+5000_sawtooth_total60000ms_b2.wav,"This audio is a 60-second clip that contains exactly ONE sustained musical note inside silence. Identify the onset and offset times of the note. Reply with ONLY two timestamps in MM:SS.cc format separated by a comma, e.g. '0:05.20, 0:08.50'. Nothing else. Output only the answer."
60,5000,7000,flute,instrument,2,1,0,00:0,7.0,12.0,0.0,,0.0,,,0,0,0,data/audio/pitchbench_b3_timestamp_single_pitch/clip_C4@7000+5000_flute_total60000ms_b2.wav,clip_C4@7000+5000_flute_total60000ms_b2.wav,"This audio is a 60-second clip that contains exactly ONE sustained musical note inside silence. Identify the onset and offset times of the note. Reply with ONLY two timestamps in MM:SS.cc format separated by a comma, e.g. '0:05.20, 0:08.50'. Nothing else. Output only the answer."
64,5000,7000,voice,instrument,2,1,0,0:01.0,7.0,12.0,1.0,,0.0,,,0,0,0,data/audio/pitchbench_b3_timestamp_single_pitch/clip_E4@7000+5000_voice_total60000ms_b2.wav,clip_E4@7000+5000_voice_total60000ms_b2.wav,"This audio is a 60-second clip that contains exactly ONE sustained musical note inside silence. Identify the onset and offset times of the note. Reply with ONLY two timestamps in MM:SS.cc format separated by a comma, e.g. '0:05.20, 0:08.50'. Nothing else. Output only the answer."
69,5000,7000,square,waveform,2,1,0,00:15,7.0,12.0,15.0,,0.0,,,0,0,0,data/audio/pitchbench_b3_timestamp_single_pitch/clip_A4@7000+5000_square_total60000ms_b2.wav,clip_A4@7000+5000_square_total60000ms_b2.wav,"This audio is a 60-second clip that contains exactly ONE sustained musical note inside silence. Identify the onset and offset times of the note. Reply with ONLY two timestamps in MM:SS.cc format separated by a comma, e.g. '0:05.20, 0:08.50'. Nothing else. Output only the answer."
79,5000,7000,square,waveform,2,1,0,0:05.,7.0,12.0,5.0,,0.0,,,0,0,0,data/audio/pitchbench_b3_timestamp_single_pitch/clip_G5@7000+5000_square_total60000ms_b2.wav,clip_G5@7000+5000_square_total60000ms_b2.wav,"This audio is a 60-second clip that contains exactly ONE sustained musical note inside silence. Identify the onset and offset times of the note. Reply with ONLY two timestamps in MM:SS.cc format separated by a comma, e.g. '0:05.20, 0:08.50'. Nothing else. Output only the answer."
88,5000,7000,bass,instrument,2,1,0,0:00.0,7.0,12.0,0.0,,0.0,,,0,0,0,data/audio/pitchbench_b3_timestamp_single_pitch/clip_E6@7000+5000_bass_total60000ms_b2.wav,clip_E6@7000+5000_bass_total60000ms_b2.wav,"This audio is a 60-second clip that contains exactly ONE sustained musical note inside silence. Identify the onset and offset times of the note. Reply with ONLY two timestamps in MM:SS.cc format separated by a comma, e.g. '0:05.20, 0:08.50'. Nothing else. Output only the answer."
