base_midi,direction,duration_ms,interval_st,midis,separation_ms,signed_st,source
30,descending,5000,1,"[30,29]",200,-1,triangle
36,descending,5000,1,"[36,35]",1000,-1,sine
43,descending,5000,1,"[43,42]",1000,-1,trumpet
48,descending,5000,1,"[48,47]",1000,-1,flute
54,descending,1000,1,"[54,53]",500,-1,flute
60,descending,1000,1,"[60,59]",2000,-1,piano
64,descending,1000,1,"[64,63]",1000,-1,triangle
69,descending,1000,1,"[69,68]",2000,-1,synth_pad
79,descending,5000,1,"[79,78]",1000,-1,square
88,descending,5000,1,"[88,87]",2000,-1,voice
30,descending,5000,10,"[30,20]",200,-10,cello
36,descending,1000,10,"[36,26]",200,-10,sawtooth
43,descending,5000,10,"[43,33]",2000,-10,sine
48,descending,5000,10,"[48,38]",2000,-10,square
54,descending,5000,10,"[54,44]",2000,-10,guitar
60,descending,1000,10,"[60,50]",2000,-10,flute
64,descending,1000,10,"[64,54]",500,-10,synth_lead
69,descending,5000,10,"[69,59]",1000,-10,sine
79,descending,5000,10,"[79,69]",2000,-10,synth_pad
88,descending,1000,10,"[88,78]",1000,-10,guitar
30,descending,1000,11,"[30,19]",2000,-11,synth_pad
36,descending,1000,11,"[36,25]",2000,-11,cello
43,descending,1000,11,"[43,32]",200,-11,flute
48,descending,1000,11,"[48,37]",1000,-11,organ
54,descending,5000,11,"[54,43]",1000,-11,voice
60,descending,5000,11,"[60,49]",2000,-11,trumpet
64,descending,1000,11,"[64,53]",500,-11,sine
69,descending,1000,11,"[69,58]",200,-11,electric_keyboard
79,descending,5000,11,"[79,68]",200,-11,cello
88,descending,5000,11,"[88,77]",2000,-11,clarinet
30,descending,5000,12,"[30,18]",2000,-12,trumpet
36,descending,5000,12,"[36,24]",2000,-12,piano
43,descending,5000,12,"[43,31]",2000,-12,guitar
48,descending,5000,12,"[48,36]",1000,-12,clarinet
54,descending,1000,12,"[54,42]",1000,-12,triangle
60,descending,5000,12,"[60,48]",2000,-12,square
64,descending,1000,12,"[64,52]",500,-12,violin
69,descending,1000,12,"[69,57]",200,-12,triangle
79,descending,1000,12,"[79,67]",2000,-12,oboe
88,descending,1000,12,"[88,76]",200,-12,oboe
30,descending,1000,2,"[30,28]",2000,-2,trumpet
36,descending,1000,2,"[36,34]",2000,-2,sawtooth
43,descending,5000,2,"[43,41]",500,-2,organ
48,descending,1000,2,"[48,46]",500,-2,synth_pad
54,descending,5000,2,"[54,52]",2000,-2,triangle
60,descending,1000,2,"[60,58]",200,-2,violin
64,descending,5000,2,"[64,62]",200,-2,square
69,descending,5000,2,"[69,67]",500,-2,synth_pad
79,descending,1000,2,"[79,77]",2000,-2,trombone
88,descending,5000,2,"[88,86]",200,-2,oboe
30,descending,1000,3,"[30,27]",2000,-3,voice
36,descending,1000,3,"[36,33]",500,-3,guitar
43,descending,1000,3,"[43,40]",500,-3,square
48,descending,1000,3,"[48,45]",2000,-3,sawtooth
54,descending,1000,3,"[54,51]",1000,-3,flute
60,descending,1000,3,"[60,57]",1000,-3,trombone
64,descending,5000,3,"[64,61]",200,-3,square
69,descending,1000,3,"[69,66]",2000,-3,flute
79,descending,1000,3,"[79,76]",500,-3,triangle
88,descending,1000,3,"[88,85]",500,-3,violin
30,descending,5000,4,"[30,26]",2000,-4,trumpet
36,descending,5000,4,"[36,32]",200,-4,organ
43,descending,5000,4,"[43,39]",500,-4,oboe
48,descending,1000,4,"[48,44]",500,-4,electric_keyboard
54,descending,5000,4,"[54,50]",1000,-4,oboe
60,descending,1000,4,"[60,56]",1000,-4,oboe
64,descending,5000,4,"[64,60]",500,-4,guitar
69,descending,5000,4,"[69,65]",200,-4,trumpet
79,descending,1000,4,"[79,75]",1000,-4,square
88,descending,1000,4,"[88,84]",2000,-4,electric_keyboard
30,descending,1000,5,"[30,25]",200,-5,synth_pad
36,descending,5000,5,"[36,31]",1000,-5,flute
43,descending,1000,5,"[43,38]",500,-5,electric_keyboard
48,descending,5000,5,"[48,43]",1000,-5,organ
54,descending,1000,5,"[54,49]",500,-5,violin
60,descending,5000,5,"[60,55]",500,-5,trumpet
64,descending,5000,5,"[64,59]",1000,-5,synth_pad
69,descending,1000,5,"[69,64]",200,-5,flute
79,descending,1000,5,"[79,74]",2000,-5,clarinet
88,descending,5000,5,"[88,83]",1000,-5,sawtooth
30,descending,1000,6,"[30,24]",1000,-6,flute
36,descending,1000,6,"[36,30]",200,-6,sawtooth
43,descending,1000,6,"[43,37]",200,-6,clarinet
48,descending,5000,6,"[48,42]",1000,-6,violin
54,descending,5000,6,"[54,48]",200,-6,trumpet
60,descending,1000,6,"[60,54]",200,-6,square
64,descending,5000,6,"[64,58]",1000,-6,guitar
69,descending,1000,6,"[69,63]",500,-6,voice
79,descending,1000,6,"[79,73]",200,-6,clarinet
88,descending,5000,6,"[88,82]",1000,-6,guitar
30,descending,5000,7,"[30,23]",2000,-7,bass
36,descending,5000,7,"[36,29]",500,-7,violin
43,descending,5000,7,"[43,36]",500,-7,organ
48,descending,5000,7,"[48,41]",200,-7,piano
54,descending,1000,7,"[54,47]",2000,-7,trumpet
60,descending,1000,7,"[60,53]",2000,-7,piano
64,descending,5000,7,"[64,57]",2000,-7,flute
69,descending,5000,7,"[69,62]",2000,-7,synth_pad
79,descending,1000,7,"[79,72]",500,-7,synth_pad
88,descending,1000,7,"[88,81]",2000,-7,trumpet
30,descending,5000,8,"[30,22]",500,-8,voice
36,descending,5000,8,"[36,28]",500,-8,cello
43,descending,5000,8,"[43,35]",500,-8,voice
48,descending,5000,8,"[48,40]",1000,-8,violin
54,descending,5000,8,"[54,46]",200,-8,oboe
60,descending,1000,8,"[60,52]",200,-8,flute
64,descending,1000,8,"[64,56]",2000,-8,piano
69,descending,1000,8,"[69,61]",1000,-8,synth_lead
79,descending,5000,8,"[79,71]",1000,-8,bass
88,descending,5000,8,"[88,80]",2000,-8,square
30,descending,5000,9,"[30,21]",200,-9,sawtooth
36,descending,5000,9,"[36,27]",200,-9,triangle
43,descending,5000,9,"[43,34]",2000,-9,piano
48,descending,1000,9,"[48,39]",200,-9,electric_keyboard
54,descending,5000,9,"[54,45]",200,-9,cello
60,descending,1000,9,"[60,51]",200,-9,square
64,descending,1000,9,"[64,55]",1000,-9,violin
69,descending,1000,9,"[69,60]",500,-9,violin
79,descending,5000,9,"[79,70]",2000,-9,organ
88,descending,5000,9,"[88,79]",2000,-9,synth_lead
30,ascending,1000,1,"[30,31]",200,1,trumpet
36,ascending,5000,1,"[36,37]",500,1,synth_pad
43,ascending,1000,1,"[43,44]",1000,1,sine
48,ascending,5000,1,"[48,49]",500,1,triangle
54,ascending,1000,1,"[54,55]",500,1,synth_pad
60,ascending,5000,1,"[60,61]",200,1,trumpet
64,ascending,5000,1,"[64,65]",2000,1,clarinet
69,ascending,5000,1,"[69,70]",200,1,triangle
79,ascending,1000,1,"[79,80]",2000,1,trombone
88,ascending,5000,1,"[88,89]",2000,1,cello
30,ascending,1000,10,"[30,40]",200,10,electric_keyboard
36,ascending,5000,10,"[36,46]",200,10,organ
43,ascending,1000,10,"[43,53]",200,10,sine
48,ascending,1000,10,"[48,58]",2000,10,trumpet
54,ascending,1000,10,"[54,64]",200,10,synth_lead
60,ascending,5000,10,"[60,70]",500,10,electric_keyboard
64,ascending,1000,10,"[64,74]",500,10,synth_lead
69,ascending,1000,10,"[69,79]",2000,10,triangle
79,ascending,5000,10,"[79,89]",200,10,trombone
30,ascending,1000,11,"[30,41]",500,11,synth_lead
36,ascending,1000,11,"[36,47]",1000,11,guitar
43,ascending,5000,11,"[43,54]",2000,11,piano
48,ascending,5000,11,"[48,59]",2000,11,oboe
54,ascending,1000,11,"[54,65]",500,11,electric_keyboard
60,ascending,1000,11,"[60,71]",1000,11,synth_pad
64,ascending,5000,11,"[64,75]",2000,11,synth_lead
69,ascending,1000,11,"[69,80]",200,11,sine
79,ascending,1000,11,"[79,90]",1000,11,clarinet
30,ascending,5000,12,"[30,42]",500,12,bass
36,ascending,5000,12,"[36,48]",200,12,sine
43,ascending,5000,12,"[43,55]",200,12,triangle
48,ascending,5000,12,"[48,60]",200,12,oboe
54,ascending,5000,12,"[54,66]",1000,12,trombone
60,ascending,5000,12,"[60,72]",500,12,flute
64,ascending,5000,12,"[64,76]",1000,12,sawtooth
69,ascending,5000,12,"[69,81]",500,12,flute
79,ascending,1000,12,"[79,91]",500,12,voice
30,ascending,5000,2,"[30,32]",200,2,square
36,ascending,5000,2,"[36,38]",500,2,square
43,ascending,5000,2,"[43,45]",200,2,bass
48,ascending,1000,2,"[48,50]",500,2,square
54,ascending,1000,2,"[54,56]",200,2,synth_pad
60,ascending,1000,2,"[60,62]",200,2,piano
64,ascending,1000,2,"[64,66]",200,2,piano
69,ascending,1000,2,"[69,71]",500,2,bass
79,ascending,5000,2,"[79,81]",200,2,synth_pad
88,ascending,1000,2,"[88,90]",1000,2,electric_keyboard
30,ascending,1000,3,"[30,33]",2000,3,trumpet
36,ascending,5000,3,"[36,39]",2000,3,synth_lead
43,ascending,5000,3,"[43,46]",200,3,cello
48,ascending,5000,3,"[48,51]",1000,3,guitar
54,ascending,1000,3,"[54,57]",1000,3,synth_pad
60,ascending,1000,3,"[60,63]",2000,3,guitar
64,ascending,5000,3,"[64,67]",2000,3,trombone
69,ascending,5000,3,"[69,72]",1000,3,violin
79,ascending,5000,3,"[79,82]",2000,3,oboe
88,ascending,1000,3,"[88,91]",200,3,organ
30,ascending,5000,4,"[30,34]",200,4,synth_lead
36,ascending,1000,4,"[36,40]",2000,4,organ
43,ascending,5000,4,"[43,47]",1000,4,triangle
48,ascending,5000,4,"[48,52]",2000,4,flute
54,ascending,1000,4,"[54,58]",500,4,flute
60,ascending,1000,4,"[60,64]",200,4,square
64,ascending,5000,4,"[64,68]",1000,4,clarinet
69,ascending,5000,4,"[69,73]",500,4,sine
79,ascending,5000,4,"[79,83]",1000,4,voice
88,ascending,5000,4,"[88,92]",500,4,synth_pad
30,ascending,1000,5,"[30,35]",1000,5,flute
36,ascending,5000,5,"[36,41]",1000,5,voice
43,ascending,1000,5,"[43,48]",200,5,flute
48,ascending,1000,5,"[48,53]",500,5,sine
54,ascending,1000,5,"[54,59]",1000,5,square
60,ascending,5000,5,"[60,65]",2000,5,sawtooth
64,ascending,1000,5,"[64,69]",1000,5,flute
69,ascending,1000,5,"[69,74]",500,5,square
79,ascending,1000,5,"[79,84]",200,5,sawtooth
88,ascending,5000,5,"[88,93]",200,5,clarinet
30,ascending,1000,6,"[30,36]",1000,6,square
36,ascending,1000,6,"[36,42]",2000,6,synth_lead
43,ascending,5000,6,"[43,49]",200,6,flute
48,ascending,5000,6,"[48,54]",2000,6,trumpet
54,ascending,5000,6,"[54,60]",200,6,bass
60,ascending,5000,6,"[60,66]",1000,6,guitar
64,ascending,1000,6,"[64,70]",1000,6,synth_pad
69,ascending,1000,6,"[69,75]",500,6,piano
79,ascending,1000,6,"[79,85]",1000,6,voice
88,ascending,1000,6,"[88,94]",2000,6,voice
30,ascending,1000,7,"[30,37]",500,7,bass
36,ascending,5000,7,"[36,43]",1000,7,flute
43,ascending,1000,7,"[43,50]",500,7,bass
48,ascending,1000,7,"[48,55]",200,7,cello
54,ascending,1000,7,"[54,61]",200,7,guitar
60,ascending,1000,7,"[60,67]",200,7,triangle
64,ascending,1000,7,"[64,71]",200,7,triangle
69,ascending,5000,7,"[69,76]",1000,7,cello
79,ascending,1000,7,"[79,86]",1000,7,oboe
88,ascending,5000,7,"[88,95]",200,7,cello
30,ascending,1000,8,"[30,38]",500,8,cello
36,ascending,5000,8,"[36,44]",2000,8,organ
43,ascending,5000,8,"[43,51]",500,8,sawtooth
48,ascending,1000,8,"[48,56]",500,8,triangle
54,ascending,5000,8,"[54,62]",2000,8,sawtooth
60,ascending,5000,8,"[60,68]",2000,8,violin
64,ascending,5000,8,"[64,72]",1000,8,clarinet
69,ascending,1000,8,"[69,77]",2000,8,triangle
79,ascending,5000,8,"[79,87]",2000,8,flute
88,ascending,1000,8,"[88,96]",500,8,guitar
30,ascending,1000,9,"[30,39]",200,9,guitar
36,ascending,1000,9,"[36,45]",500,9,synth_pad
43,ascending,1000,9,"[43,52]",1000,9,organ
48,ascending,1000,9,"[48,57]",2000,9,piano
54,ascending,5000,9,"[54,63]",200,9,cello
60,ascending,5000,9,"[60,69]",1000,9,electric_keyboard
64,ascending,5000,9,"[64,73]",2000,9,trumpet
69,ascending,5000,9,"[69,78]",1000,9,organ
79,ascending,5000,9,"[79,88]",2000,9,flute
