experiment,dsp_score_pct,basic_pitch_score_pct,provenance
A1,95.8,98.7,historical_rounded_to_0.1_pct
A2,97.0,99.0,historical_rounded_to_0.1_pct
A3,82.9,82.4,historical_rounded_to_0.1_pct
B1,98.1,99.4,historical_rounded_to_0.1_pct
B2,94.0,99.3,historical_rounded_to_0.1_pct
B3,78.8,81.2,historical_rounded_to_0.1_pct
B4,65.8,51.7,historical_rounded_to_0.1_pct
B5,54.2,22.5,historical_rounded_to_0.1_pct
C1,28.1,47.8,historical_rounded_to_0.1_pct
C2,30.2,62.1,historical_rounded_to_0.1_pct
C3,58.9,77.6,historical_rounded_to_0.1_pct
C4,34.0,61.0,historical_rounded_to_0.1_pct
D1,76.4,42.9,historical_rounded_to_0.1_pct
D2,80.3,76.5,historical_rounded_to_0.1_pct
D3,61.7,56.7,historical_rounded_to_0.1_pct
D4,73.8,73.8,historical_rounded_to_0.1_pct
D5,88.3,67.5,historical_rounded_to_0.1_pct
D6,96.2,97.5,historical_rounded_to_0.1_pct
D7a,98.5,100.0,historical_rounded_to_0.1_pct
D8,94.6393762183236,99.61013645224172,rerun_full_precision
E1,94.6,91.2,historical_rounded_to_0.1_pct
E2,36.7,88.8,historical_rounded_to_0.1_pct
E3,97.5,96.7,historical_rounded_to_0.1_pct
E4,96.9,99.5,historical_rounded_to_0.1_pct
E5,85.6,68.8,historical_rounded_to_0.1_pct
E6,23.8,19.4,historical_rounded_to_0.1_pct
F1,20.6,58.9,historical_rounded_to_0.1_pct
F2,14.7,27.3,historical_rounded_to_0.1_pct
