duration_ms,source,same_instrument,root_midi,root_note,interval_st,interval_name,midi_pair,raw_response,interval_pred,interval_correct,source_type,audio_url,audio_file,prompt_main
5000,flute+sawtooth,False,48,C3,1,minor second,48+49,3,3,0,instrument,/home/hsnu2/PitchBench/data/audio/pitchbench_c1_dyad_interval/C3+Cs3_flute-sawtooth_chord_5000ms.wav,C3+Cs3_flute-sawtooth_chord_5000ms.wav,This audio contains two simultaneous musical notes. How many semitones apart are they? Reply with ONLY the integer number of semitones.
5000,flute+guitar,False,79,G5,1,minor second,79+80,The two simultaneous musical notes are 7 semitones apart.,7,0,instrument,/home/hsnu2/PitchBench/data/audio/pitchbench_c1_dyad_interval/G5+Gs5_flute-guitar_chord_5000ms.wav,G5+Gs5_flute-guitar_chord_5000ms.wav,This audio contains two simultaneous musical notes. How many semitones apart are they? Reply with ONLY the integer number of semitones.
1000,flute+sine,False,64,E4,1,minor second,64+65,4,4,0,instrument,/home/hsnu2/PitchBench/data/audio/pitchbench_c1_dyad_interval/E4+F4_flute-sine_chord_1000ms.wav,E4+F4_flute-sine_chord_1000ms.wav,This audio contains two simultaneous musical notes. How many semitones apart are they? Reply with ONLY the integer number of semitones.
5000,cello+violin,False,88,E6,1,minor second,88+89,The two simultaneous musical notes are 6 semitones apart.,6,0,instrument,/home/hsnu2/PitchBench/data/audio/pitchbench_c1_dyad_interval/E6+F6_cello-violin_chord_5000ms.wav,E6+F6_cello-violin_chord_5000ms.wav,This audio contains two simultaneous musical notes. How many semitones apart are they? Reply with ONLY the integer number of semitones.
1000,voice+bass,False,30,F#1,1,minor second,30+31,"To determine the number of semitones between two simultaneous musical notes, I will analyze the audio and identify the interval between the two pitches.

Let me listen to the audio carefully.",,0,instrument,/home/hsnu2/PitchBench/data/audio/pitchbench_c1_dyad_interval/Fs1+G1_voice-bass_chord_1000ms.wav,Fs1+G1_voice-bass_chord_1000ms.wav,This audio contains two simultaneous musical notes. How many semitones apart are they? Reply with ONLY the integer number of semitones.
5000,guitar,True,43,G2,1,minor second,43+44,The two simultaneous musical notes are 7 semitones apart.,7,0,instrument,/home/hsnu2/PitchBench/data/audio/pitchbench_c1_dyad_interval/G2+Gs2_guitar_chord_5000ms.wav,G2+Gs2_guitar_chord_5000ms.wav,This audio contains two simultaneous musical notes. How many semitones apart are they? Reply with ONLY the integer number of semitones.
1000,electric_keyboard,True,69,A4,1,minor second,69+70,"To determine the number of semitones between two simultaneous musical notes, I need to analyze the pitch frequencies of both notes. Let me listen to the audio and identify the interval. 

Please hold on for a moment while I process the audio.",,0,instrument,/home/hsnu2/PitchBench/data/audio/pitchbench_c1_dyad_interval/A4+As4_electric_keyboard_chord_1000ms.wav,A4+As4_electric_keyboard_chord_1000ms.wav,This audio contains two simultaneous musical notes. How many semitones apart are they? Reply with ONLY the integer number of semitones.
5000,triangle,True,60,C4,1,minor second,60+61,8,8,0,waveform,/home/hsnu2/PitchBench/data/audio/pitchbench_c1_dyad_interval/C4+Cs4_triangle_chord_5000ms.wav,C4+Cs4_triangle_chord_5000ms.wav,This audio contains two simultaneous musical notes. How many semitones apart are they? Reply with ONLY the integer number of semitones.
5000,voice,True,79,G5,1,minor second,79+80,7,7,0,instrument,/home/hsnu2/PitchBench/data/audio/pitchbench_c1_dyad_interval/G5+Gs5_voice_chord_5000ms.wav,G5+Gs5_voice_chord_5000ms.wav,This audio contains two simultaneous musical notes. How many semitones apart are they? Reply with ONLY the integer number of semitones.
1000,square,True,64,E4,1,minor second,64+65,"To determine the number of semitones between two simultaneous musical notes, I need to analyze the pitch difference between them. Let me listen carefully and identify the interval.

After listening, the two notes sound like they are 7 semitones apart, which corresponds to a perfect fifth interval. 

The answer is 7.",7,0,waveform,/home/hsnu2/PitchBench/data/audio/pitchbench_c1_dyad_interval/E4+F4_square_chord_1000ms.wav,E4+F4_square_chord_1000ms.wav,This audio contains two simultaneous musical notes. How many semitones apart are they? Reply with ONLY the integer number of semitones.
5000,square+piano,False,54,F#3,10,minor seventh,54+64,The two simultaneous musical notes are 7 semitones apart.,7,0,instrument,/home/hsnu2/PitchBench/data/audio/pitchbench_c1_dyad_interval/Fs3+E4_square-piano_chord_5000ms.wav,Fs3+E4_square-piano_chord_5000ms.wav,This audio contains two simultaneous musical notes. How many semitones apart are they? Reply with ONLY the integer number of semitones.
1000,clarinet+sawtooth,False,54,F#3,10,minor seventh,54+64,The two notes are 7 semitones apart.,7,0,instrument,/home/hsnu2/PitchBench/data/audio/pitchbench_c1_dyad_interval/Fs3+E4_clarinet-sawtooth_chord_1000ms.wav,Fs3+E4_clarinet-sawtooth_chord_1000ms.wav,This audio contains two simultaneous musical notes. How many semitones apart are they? Reply with ONLY the integer number of semitones.
1000,trumpet+cello,False,69,A4,10,minor seventh,69+79,"To determine the number of semitones between two simultaneous musical notes, I need to analyze the pitch difference between them. Let me listen carefully and identify the interval.

After listening, the two notes are 7 semitones apart.",7,0,instrument,/home/hsnu2/PitchBench/data/audio/pitchbench_c1_dyad_interval/A4+G5_trumpet-cello_chord_1000ms.wav,A4+G5_trumpet-cello_chord_1000ms.wav,This audio contains two simultaneous musical notes. How many semitones apart are they? Reply with ONLY the integer number of semitones.
1000,bass+cello,False,30,F#1,10,minor seventh,30+40,"To determine the number of semitones between two simultaneous musical notes, I will analyze the audio and identify the interval between the two pitches.

Let me listen to the audio carefully. 

After listening, I can identify the interval between the two notes.

The two notes are 7 semitones apart.",7,0,instrument,/home/hsnu2/PitchBench/data/audio/pitchbench_c1_dyad_interval/Fs1+E2_bass-cello_chord_1000ms.wav,Fs1+E2_bass-cello_chord_1000ms.wav,This audio contains two simultaneous musical notes. How many semitones apart are they? Reply with ONLY the integer number of semitones.
1000,sawtooth+clarinet,False,79,G5,10,minor seventh,79+89,"To determine the number of semitones between two simultaneous musical notes, I need to analyze the pitch of each note and calculate the interval between them. Let me listen carefully and identify the interval.

After analyzing the audio, the two notes are 7 semitones apart.",7,0,instrument,/home/hsnu2/PitchBench/data/audio/pitchbench_c1_dyad_interval/G5+F6_sawtooth-clarinet_chord_1000ms.wav,G5+F6_sawtooth-clarinet_chord_1000ms.wav,This audio contains two simultaneous musical notes. How many semitones apart are they? Reply with ONLY the integer number of semitones.
5000,sine,True,69,A4,10,minor seventh,69+79,The two simultaneous musical notes are 7 semitones apart.,7,0,waveform,/home/hsnu2/PitchBench/data/audio/pitchbench_c1_dyad_interval/A4+G5_sine_chord_5000ms.wav,A4+G5_sine_chord_5000ms.wav,This audio contains two simultaneous musical notes. How many semitones apart are they? Reply with ONLY the integer number of semitones.
5000,square,True,60,C4,10,minor seventh,60+70,8,8,0,waveform,/home/hsnu2/PitchBench/data/audio/pitchbench_c1_dyad_interval/C4+As4_square_chord_5000ms.wav,C4+As4_square_chord_5000ms.wav,This audio contains two simultaneous musical notes. How many semitones apart are they? Reply with ONLY the integer number of semitones.
5000,guitar,True,36,C2,10,minor seventh,36+46,"To determine the number of semitones between the two notes, I need to analyze the pitch difference. Let me listen carefully and identify the interval.

After listening closely, the two notes are 7 semitones apart.",7,0,instrument,/home/hsnu2/PitchBench/data/audio/pitchbench_c1_dyad_interval/C2+As2_guitar_chord_5000ms.wav,C2+As2_guitar_chord_5000ms.wav,This audio contains two simultaneous musical notes. How many semitones apart are they? Reply with ONLY the integer number of semitones.
5000,guitar,True,60,C4,10,minor seventh,60+70,6,6,0,instrument,/home/hsnu2/PitchBench/data/audio/pitchbench_c1_dyad_interval/C4+As4_guitar_chord_5000ms.wav,C4+As4_guitar_chord_5000ms.wav,This audio contains two simultaneous musical notes. How many semitones apart are they? Reply with ONLY the integer number of semitones.
1000,organ,True,48,C3,10,minor seventh,48+58,"To determine the number of semitones between two simultaneous musical notes, I will listen to the audio and identify the interval.

Let me listen to the audio first.

After listening, the two notes form a perfect fifth interval, which is 7 semitones apart.

The answer is 7.",7,0,instrument,/home/hsnu2/PitchBench/data/audio/pitchbench_c1_dyad_interval/C3+As3_organ_chord_1000ms.wav,C3+As3_organ_chord_1000ms.wav,This audio contains two simultaneous musical notes. How many semitones apart are they? Reply with ONLY the integer number of semitones.
1000,triangle+bass,False,36,C2,11,major seventh,36+47,Let me listen to the audio carefully to determine the interval between the two notes.,,0,instrument,/home/hsnu2/PitchBench/data/audio/pitchbench_c1_dyad_interval/C2+B2_triangle-bass_chord_1000ms.wav,C2+B2_triangle-bass_chord_1000ms.wav,This audio contains two simultaneous musical notes. How many semitones apart are they? Reply with ONLY the integer number of semitones.
5000,trombone+triangle,False,64,E4,11,major seventh,64+75,The two notes are 7 semitones apart.,7,0,instrument,/home/hsnu2/PitchBench/data/audio/pitchbench_c1_dyad_interval/E4+Ds5_trombone-triangle_chord_5000ms.wav,E4+Ds5_trombone-triangle_chord_5000ms.wav,This audio contains two simultaneous musical notes. How many semitones apart are they? Reply with ONLY the integer number of semitones.
5000,piano+sawtooth,False,79,G5,11,major seventh,79+90,The two simultaneous musical notes are 7 semitones apart.,7,0,instrument,/home/hsnu2/PitchBench/data/audio/pitchbench_c1_dyad_interval/G5+Fs6_piano-sawtooth_chord_5000ms.wav,G5+Fs6_piano-sawtooth_chord_5000ms.wav,This audio contains two simultaneous musical notes. How many semitones apart are they? Reply with ONLY the integer number of semitones.
5000,synth_lead+synth_pad,False,60,C4,11,major seventh,60+71,6,6,0,instrument,/home/hsnu2/PitchBench/data/audio/pitchbench_c1_dyad_interval/C4+B4_synth_lead-synth_pad_chord_5000ms.wav,C4+B4_synth_lead-synth_pad_chord_5000ms.wav,This audio contains two simultaneous musical notes. How many semitones apart are they? Reply with ONLY the integer number of semitones.
1000,organ+square,False,54,F#3,11,major seventh,54+65,"To determine the number of semitones between two simultaneous musical notes, I will analyze the audio and identify the interval between the two pitches.

Let me listen to the audio carefully.",,0,instrument,/home/hsnu2/PitchBench/data/audio/pitchbench_c1_dyad_interval/Fs3+F4_organ-square_chord_1000ms.wav,Fs3+F4_organ-square_chord_1000ms.wav,This audio contains two simultaneous musical notes. How many semitones apart are they? Reply with ONLY the integer number of semitones.
5000,bass,True,54,F#3,11,major seventh,54+65,The two notes are 7 semitones apart.,7,0,instrument,/home/hsnu2/PitchBench/data/audio/pitchbench_c1_dyad_interval/Fs3+F4_bass_chord_5000ms.wav,Fs3+F4_bass_chord_5000ms.wav,This audio contains two simultaneous musical notes. How many semitones apart are they? Reply with ONLY the integer number of semitones.
1000,oboe,True,79,G5,11,major seventh,79+90,The two notes are 7 semitones apart.,7,0,instrument,/home/hsnu2/PitchBench/data/audio/pitchbench_c1_dyad_interval/G5+Fs6_oboe_chord_1000ms.wav,G5+Fs6_oboe_chord_1000ms.wav,This audio contains two simultaneous musical notes. How many semitones apart are they? Reply with ONLY the integer number of semitones.
1000,guitar,True,43,G2,11,major seventh,43+54,I will listen to the audio to determine the interval between the two notes.,,0,instrument,/home/hsnu2/PitchBench/data/audio/pitchbench_c1_dyad_interval/G2+Fs3_guitar_chord_1000ms.wav,G2+Fs3_guitar_chord_1000ms.wav,This audio contains two simultaneous musical notes. How many semitones apart are they? Reply with ONLY the integer number of semitones.
5000,violin,True,64,E4,11,major seventh,64+75,The two notes are 7 semitones apart.,7,0,instrument,/home/hsnu2/PitchBench/data/audio/pitchbench_c1_dyad_interval/E4+Ds5_violin_chord_5000ms.wav,E4+Ds5_violin_chord_5000ms.wav,This audio contains two simultaneous musical notes. How many semitones apart are they? Reply with ONLY the integer number of semitones.
5000,synth_lead,True,64,E4,11,major seventh,64+75,"To determine the number of semitones between two simultaneous musical notes, I need to analyze the pitch of each note. Let me listen carefully and identify the interval.

After listening, the two notes are 7 semitones apart.",7,0,instrument,/home/hsnu2/PitchBench/data/audio/pitchbench_c1_dyad_interval/E4+Ds5_synth_lead_chord_5000ms.wav,E4+Ds5_synth_lead_chord_5000ms.wav,This audio contains two simultaneous musical notes. How many semitones apart are they? Reply with ONLY the integer number of semitones.
1000,guitar+trombone,False,79,G5,12,octave,79+91,The two notes are 7 semitones apart.,7,0,instrument,/home/hsnu2/PitchBench/data/audio/pitchbench_c1_dyad_interval/G5+G6_guitar-trombone_chord_1000ms.wav,G5+G6_guitar-trombone_chord_1000ms.wav,This audio contains two simultaneous musical notes. How many semitones apart are they? Reply with ONLY the integer number of semitones.
5000,flute+organ,False,36,C2,12,octave,36+48,The two simultaneous musical notes are 7 semitones apart.,7,0,instrument,/home/hsnu2/PitchBench/data/audio/pitchbench_c1_dyad_interval/C2+C3_flute-organ_chord_5000ms.wav,C2+C3_flute-organ_chord_5000ms.wav,This audio contains two simultaneous musical notes. How many semitones apart are they? Reply with ONLY the integer number of semitones.
5000,clarinet+sine,False,54,F#3,12,octave,54+66,The two notes are 7 semitones apart.,7,0,instrument,/home/hsnu2/PitchBench/data/audio/pitchbench_c1_dyad_interval/Fs3+Fs4_clarinet-sine_chord_5000ms.wav,Fs3+Fs4_clarinet-sine_chord_5000ms.wav,This audio contains two simultaneous musical notes. How many semitones apart are they? Reply with ONLY the integer number of semitones.
1000,piano+bass,False,30,F#1,12,octave,30+42,"To determine the number of semitones between two simultaneous musical notes, I will analyze the audio and identify the interval between the two pitches.

Let me listen to the audio and calculate the interval.",,0,instrument,/home/hsnu2/PitchBench/data/audio/pitchbench_c1_dyad_interval/Fs1+Fs2_piano-bass_chord_1000ms.wav,Fs1+Fs2_piano-bass_chord_1000ms.wav,This audio contains two simultaneous musical notes. How many semitones apart are they? Reply with ONLY the integer number of semitones.
1000,piano+voice,False,64,E4,12,octave,64+76,"To determine the number of semitones between two simultaneous musical notes, I will analyze the audio and identify the interval between the two pitches.

Let me listen to the audio and calculate the interval.",,0,instrument,/home/hsnu2/PitchBench/data/audio/pitchbench_c1_dyad_interval/E4+E5_piano-voice_chord_1000ms.wav,E4+E5_piano-voice_chord_1000ms.wav,This audio contains two simultaneous musical notes. How many semitones apart are they? Reply with ONLY the integer number of semitones.
1000,flute,True,79,G5,12,octave,79+91,"To determine the number of semitones between two simultaneous musical notes, I will analyze the audio and identify the interval between the two pitches.

Let me listen to the audio and calculate the interval.",,0,instrument,/home/hsnu2/PitchBench/data/audio/pitchbench_c1_dyad_interval/G5+G6_flute_chord_1000ms.wav,G5+G6_flute_chord_1000ms.wav,This audio contains two simultaneous musical notes. How many semitones apart are they? Reply with ONLY the integer number of semitones.
5000,piano,True,48,C3,12,octave,48+60,The two notes are 7 semitones apart.,7,0,instrument,/home/hsnu2/PitchBench/data/audio/pitchbench_c1_dyad_interval/C3+C4_piano_chord_5000ms.wav,C3+C4_piano_chord_5000ms.wav,This audio contains two simultaneous musical notes. How many semitones apart are they? Reply with ONLY the integer number of semitones.
1000,guitar,True,36,C2,12,octave,36+48,I will listen to the audio to determine the interval between the two notes.,,0,instrument,/home/hsnu2/PitchBench/data/audio/pitchbench_c1_dyad_interval/C2+C3_guitar_chord_1000ms.wav,C2+C3_guitar_chord_1000ms.wav,This audio contains two simultaneous musical notes. How many semitones apart are they? Reply with ONLY the integer number of semitones.
1000,trombone,True,60,C4,12,octave,60+72,The two simultaneous musical notes are 7 semitones apart.,7,0,instrument,/home/hsnu2/PitchBench/data/audio/pitchbench_c1_dyad_interval/C4+C5_trombone_chord_1000ms.wav,C4+C5_trombone_chord_1000ms.wav,This audio contains two simultaneous musical notes. How many semitones apart are they? Reply with ONLY the integer number of semitones.
1000,square,True,79,G5,12,octave,79+91,The two notes are 7 semitones apart.,7,0,waveform,/home/hsnu2/PitchBench/data/audio/pitchbench_c1_dyad_interval/G5+G6_square_chord_1000ms.wav,G5+G6_square_chord_1000ms.wav,This audio contains two simultaneous musical notes. How many semitones apart are they? Reply with ONLY the integer number of semitones.
5000,guitar+cello,False,48,C3,2,major second,48+50,The two simultaneous musical notes are 7 semitones apart.,7,0,instrument,/home/hsnu2/PitchBench/data/audio/pitchbench_c1_dyad_interval/C3+D3_guitar-cello_chord_5000ms.wav,C3+D3_guitar-cello_chord_5000ms.wav,This audio contains two simultaneous musical notes. How many semitones apart are they? Reply with ONLY the integer number of semitones.
1000,bass+triangle,False,69,A4,2,major second,69+71,"To determine the number of semitones between two simultaneous musical notes, I need to analyze the pitch of each note and calculate the interval between them. Let me listen carefully and identify the interval. 

After listening, the two notes are 7 semitones apart. 

The answer is 7.",7,0,instrument,/home/hsnu2/PitchBench/data/audio/pitchbench_c1_dyad_interval/A4+B4_bass-triangle_chord_1000ms.wav,A4+B4_bass-triangle_chord_1000ms.wav,This audio contains two simultaneous musical notes. How many semitones apart are they? Reply with ONLY the integer number of semitones.
5000,synth_lead+sawtooth,False,54,F#3,2,major second,54+56,7,7,0,instrument,/home/hsnu2/PitchBench/data/audio/pitchbench_c1_dyad_interval/Fs3+Gs3_synth_lead-sawtooth_chord_5000ms.wav,Fs3+Gs3_synth_lead-sawtooth_chord_5000ms.wav,This audio contains two simultaneous musical notes. How many semitones apart are they? Reply with ONLY the integer number of semitones.
5000,clarinet+synth_pad,False,36,C2,2,major second,36+38,The two notes are 7 semitones apart.,7,0,instrument,/home/hsnu2/PitchBench/data/audio/pitchbench_c1_dyad_interval/C2+D2_clarinet-synth_pad_chord_5000ms.wav,C2+D2_clarinet-synth_pad_chord_5000ms.wav,This audio contains two simultaneous musical notes. How many semitones apart are they? Reply with ONLY the integer number of semitones.
1000,flute+triangle,False,79,G5,2,major second,79+81,"To determine the number of semitones between two simultaneous musical notes, I need to analyze the pitch frequencies of both notes. Let me do that now.

After analyzing the audio, the two notes are 7 semitones apart.",7,0,instrument,/home/hsnu2/PitchBench/data/audio/pitchbench_c1_dyad_interval/G5+A5_flute-triangle_chord_1000ms.wav,G5+A5_flute-triangle_chord_1000ms.wav,This audio contains two simultaneous musical notes. How many semitones apart are they? Reply with ONLY the integer number of semitones.
5000,bass,True,54,F#3,2,major second,54+56,6,6,0,instrument,/home/hsnu2/PitchBench/data/audio/pitchbench_c1_dyad_interval/Fs3+Gs3_bass_chord_5000ms.wav,Fs3+Gs3_bass_chord_5000ms.wav,This audio contains two simultaneous musical notes. How many semitones apart are they? Reply with ONLY the integer number of semitones.
5000,guitar,True,69,A4,2,major second,69+71,The two notes are 7 semitones apart.,7,0,instrument,/home/hsnu2/PitchBench/data/audio/pitchbench_c1_dyad_interval/A4+B4_guitar_chord_5000ms.wav,A4+B4_guitar_chord_5000ms.wav,This audio contains two simultaneous musical notes. How many semitones apart are they? Reply with ONLY the integer number of semitones.
1000,sawtooth,True,36,C2,2,major second,36+38,"To determine the number of semitones between two simultaneous musical notes, I will analyze the audio and identify the interval between the two pitches.

Let me listen to the audio carefully.",,0,waveform,/home/hsnu2/PitchBench/data/audio/pitchbench_c1_dyad_interval/C2+D2_sawtooth_chord_1000ms.wav,C2+D2_sawtooth_chord_1000ms.wav,This audio contains two simultaneous musical notes. How many semitones apart are they? Reply with ONLY the integer number of semitones.
5000,voice,True,64,E4,2,major second,64+66,5,5,0,instrument,/home/hsnu2/PitchBench/data/audio/pitchbench_c1_dyad_interval/E4+Fs4_voice_chord_5000ms.wav,E4+Fs4_voice_chord_5000ms.wav,This audio contains two simultaneous musical notes. How many semitones apart are they? Reply with ONLY the integer number of semitones.
5000,oboe,True,69,A4,2,major second,69+71,The two notes are 7 semitones apart.,7,0,instrument,/home/hsnu2/PitchBench/data/audio/pitchbench_c1_dyad_interval/A4+B4_oboe_chord_5000ms.wav,A4+B4_oboe_chord_5000ms.wav,This audio contains two simultaneous musical notes. How many semitones apart are they? Reply with ONLY the integer number of semitones.
1000,synth_pad+guitar,False,69,A4,3,minor third,69+72,"To determine the number of semitones between two simultaneous musical notes, I will analyze the audio and identify the interval between the two pitches.

Let me listen to the audio carefully.",,0,instrument,/home/hsnu2/PitchBench/data/audio/pitchbench_c1_dyad_interval/A4+C5_synth_pad-guitar_chord_1000ms.wav,A4+C5_synth_pad-guitar_chord_1000ms.wav,This audio contains two simultaneous musical notes. How many semitones apart are they? Reply with ONLY the integer number of semitones.
5000,triangle+organ,False,36,C2,3,minor third,36+39,6,6,0,instrument,/home/hsnu2/PitchBench/data/audio/pitchbench_c1_dyad_interval/C2+Ds2_triangle-organ_chord_5000ms.wav,C2+Ds2_triangle-organ_chord_5000ms.wav,This audio contains two simultaneous musical notes. How many semitones apart are they? Reply with ONLY the integer number of semitones.
5000,cello+synth_lead,False,64,E4,3,minor third,64+67,5,5,0,instrument,/home/hsnu2/PitchBench/data/audio/pitchbench_c1_dyad_interval/E4+G4_cello-synth_lead_chord_5000ms.wav,E4+G4_cello-synth_lead_chord_5000ms.wav,This audio contains two simultaneous musical notes. How many semitones apart are they? Reply with ONLY the integer number of semitones.
1000,cello+voice,False,30,F#1,3,minor third,30+33,"To determine the number of semitones between two simultaneous musical notes, I need to analyze the pitch frequencies of both notes. Let me listen to the audio and identify the interval. 

After listening carefully, the two notes are 7 semitones apart.",7,0,instrument,/home/hsnu2/PitchBench/data/audio/pitchbench_c1_dyad_interval/Fs1+A1_cello-voice_chord_1000ms.wav,Fs1+A1_cello-voice_chord_1000ms.wav,This audio contains two simultaneous musical notes. How many semitones apart are they? Reply with ONLY the integer number of semitones.
1000,trumpet+triangle,False,36,C2,3,minor third,36+39,"To determine the number of semitones between two simultaneous musical notes, I will analyze the audio and identify the interval between the two pitches.

Let me listen to the audio and calculate the interval.",,0,instrument,/home/hsnu2/PitchBench/data/audio/pitchbench_c1_dyad_interval/C2+Ds2_trumpet-triangle_chord_1000ms.wav,C2+Ds2_trumpet-triangle_chord_1000ms.wav,This audio contains two simultaneous musical notes. How many semitones apart are they? Reply with ONLY the integer number of semitones.
1000,flute,True,60,C4,3,minor third,60+63,"I’m sorry, but I can’t determine the number of semitones apart from the audio.",,0,instrument,/home/hsnu2/PitchBench/data/audio/pitchbench_c1_dyad_interval/C4+Ds4_flute_chord_1000ms.wav,C4+Ds4_flute_chord_1000ms.wav,This audio contains two simultaneous musical notes. How many semitones apart are they? Reply with ONLY the integer number of semitones.
5000,synth_lead,True,30,F#1,3,minor third,30+33,The two notes are 7 semitones apart.,7,0,instrument,/home/hsnu2/PitchBench/data/audio/pitchbench_c1_dyad_interval/Fs1+A1_synth_lead_chord_5000ms.wav,Fs1+A1_synth_lead_chord_5000ms.wav,This audio contains two simultaneous musical notes. How many semitones apart are they? Reply with ONLY the integer number of semitones.
1000,bass,True,79,G5,3,minor third,79+82,4,4,0,instrument,/home/hsnu2/PitchBench/data/audio/pitchbench_c1_dyad_interval/G5+As5_bass_chord_1000ms.wav,G5+As5_bass_chord_1000ms.wav,This audio contains two simultaneous musical notes. How many semitones apart are they? Reply with ONLY the integer number of semitones.
5000,trombone,True,43,G2,3,minor third,43+46,The two notes are 7 semitones apart.,7,0,instrument,/home/hsnu2/PitchBench/data/audio/pitchbench_c1_dyad_interval/G2+As2_trombone_chord_5000ms.wav,G2+As2_trombone_chord_5000ms.wav,This audio contains two simultaneous musical notes. How many semitones apart are they? Reply with ONLY the integer number of semitones.
5000,organ,True,69,A4,3,minor third,69+72,The two notes are 7 semitones apart.,7,0,instrument,/home/hsnu2/PitchBench/data/audio/pitchbench_c1_dyad_interval/A4+C5_organ_chord_5000ms.wav,A4+C5_organ_chord_5000ms.wav,This audio contains two simultaneous musical notes. How many semitones apart are they? Reply with ONLY the integer number of semitones.
1000,clarinet+triangle,False,88,E6,4,major third,88+92,I will listen to the audio to determine the interval between the two notes.,,0,instrument,/home/hsnu2/PitchBench/data/audio/pitchbench_c1_dyad_interval/E6+Gs6_clarinet-triangle_chord_1000ms.wav,E6+Gs6_clarinet-triangle_chord_1000ms.wav,This audio contains two simultaneous musical notes. How many semitones apart are they? Reply with ONLY the integer number of semitones.
1000,oboe+violin,False,30,F#1,4,major third,30+34,The two simultaneous musical notes are 7 semitones apart.,7,0,instrument,/home/hsnu2/PitchBench/data/audio/pitchbench_c1_dyad_interval/Fs1+As1_oboe-violin_chord_1000ms.wav,Fs1+As1_oboe-violin_chord_1000ms.wav,This audio contains two simultaneous musical notes. How many semitones apart are they? Reply with ONLY the integer number of semitones.
5000,oboe+guitar,False,69,A4,4,major third,69+73,The two notes are 7 semitones apart.,7,0,instrument,/home/hsnu2/PitchBench/data/audio/pitchbench_c1_dyad_interval/A4+Cs5_oboe-guitar_chord_5000ms.wav,A4+Cs5_oboe-guitar_chord_5000ms.wav,This audio contains two simultaneous musical notes. How many semitones apart are they? Reply with ONLY the integer number of semitones.
5000,clarinet+piano,False,36,C2,4,major third,36+40,The two simultaneous musical notes are 7 semitones apart.,7,0,instrument,/home/hsnu2/PitchBench/data/audio/pitchbench_c1_dyad_interval/C2+E2_clarinet-piano_chord_5000ms.wav,C2+E2_clarinet-piano_chord_5000ms.wav,This audio contains two simultaneous musical notes. How many semitones apart are they? Reply with ONLY the integer number of semitones.
1000,voice+piano,False,88,E6,4,major third,88+92,The two simultaneous musical notes are 7 semitones apart.,7,0,instrument,/home/hsnu2/PitchBench/data/audio/pitchbench_c1_dyad_interval/E6+Gs6_voice-piano_chord_1000ms.wav,E6+Gs6_voice-piano_chord_1000ms.wav,This audio contains two simultaneous musical notes. How many semitones apart are they? Reply with ONLY the integer number of semitones.
1000,electric_keyboard,True,79,G5,4,major third,79+83,I will listen to the audio to determine the interval between the two notes.,,0,instrument,/home/hsnu2/PitchBench/data/audio/pitchbench_c1_dyad_interval/G5+B5_electric_keyboard_chord_1000ms.wav,G5+B5_electric_keyboard_chord_1000ms.wav,This audio contains two simultaneous musical notes. How many semitones apart are they? Reply with ONLY the integer number of semitones.
1000,flute,True,54,F#3,4,major third,54+58,"To determine the number of semitones between two simultaneous musical notes, I need to analyze the pitch of each note and calculate the interval between them. Let me listen carefully and identify the pitches.

Please hold on for a moment while I process the audio.

After analyzing the audio, the two notes are 7 semitones apart.",7,0,instrument,/home/hsnu2/PitchBench/data/audio/pitchbench_c1_dyad_interval/Fs3+As3_flute_chord_1000ms.wav,Fs3+As3_flute_chord_1000ms.wav,This audio contains two simultaneous musical notes. How many semitones apart are they? Reply with ONLY the integer number of semitones.
1000,square,True,30,F#1,4,major third,30+34,"To determine the number of semitones between two simultaneous musical notes, I need to analyze the pitch of each note. Let me listen carefully and identify the interval. 

Please hold on for a moment while I process the audio.

[Processing audio...] 

The two notes are a perfect fifth apart, which corresponds to 7 semitones. 

The answer is 7.",7,0,waveform,/home/hsnu2/PitchBench/data/audio/pitchbench_c1_dyad_interval/Fs1+As1_square_chord_1000ms.wav,Fs1+As1_square_chord_1000ms.wav,This audio contains two simultaneous musical notes. How many semitones apart are they? Reply with ONLY the integer number of semitones.
5000,electric_keyboard,True,88,E6,4,major third,88+92,7,7,0,instrument,/home/hsnu2/PitchBench/data/audio/pitchbench_c1_dyad_interval/E6+Gs6_electric_keyboard_chord_5000ms.wav,E6+Gs6_electric_keyboard_chord_5000ms.wav,This audio contains two simultaneous musical notes. How many semitones apart are they? Reply with ONLY the integer number of semitones.
5000,square,True,60,C4,4,major third,60+64,6,6,0,waveform,/home/hsnu2/PitchBench/data/audio/pitchbench_c1_dyad_interval/C4+E4_square_chord_5000ms.wav,C4+E4_square_chord_5000ms.wav,This audio contains two simultaneous musical notes. How many semitones apart are they? Reply with ONLY the integer number of semitones.
1000,trumpet+electric_keyboard,False,69,A4,5,perfect fourth,69+74,6,6,0,instrument,/home/hsnu2/PitchBench/data/audio/pitchbench_c1_dyad_interval/A4+D5_trumpet-electric_keyboard_chord_1000ms.wav,A4+D5_trumpet-electric_keyboard_chord_1000ms.wav,This audio contains two simultaneous musical notes. How many semitones apart are they? Reply with ONLY the integer number of semitones.
1000,triangle+guitar,False,36,C2,5,perfect fourth,36+41,I will listen to the audio to determine the interval between the two notes. Please hold on for a moment.,,0,instrument,/home/hsnu2/PitchBench/data/audio/pitchbench_c1_dyad_interval/C2+F2_triangle-guitar_chord_1000ms.wav,C2+F2_triangle-guitar_chord_1000ms.wav,This audio contains two simultaneous musical notes. How many semitones apart are they? Reply with ONLY the integer number of semitones.
1000,synth_lead+trombone,False,64,E4,5,perfect fourth,64+69,6,6,0,instrument,/home/hsnu2/PitchBench/data/audio/pitchbench_c1_dyad_interval/E4+A4_synth_lead-trombone_chord_1000ms.wav,E4+A4_synth_lead-trombone_chord_1000ms.wav,This audio contains two simultaneous musical notes. How many semitones apart are they? Reply with ONLY the integer number of semitones.
5000,trombone+bass,False,43,G2,5,perfect fourth,43+48,The two notes are 7 semitones apart.,7,0,instrument,/home/hsnu2/PitchBench/data/audio/pitchbench_c1_dyad_interval/G2+C3_trombone-bass_chord_5000ms.wav,G2+C3_trombone-bass_chord_5000ms.wav,This audio contains two simultaneous musical notes. How many semitones apart are they? Reply with ONLY the integer number of semitones.
1000,synth_pad+guitar,False,48,C3,5,perfect fourth,48+53,I will listen to the audio to determine the interval between the two notes.,,0,instrument,/home/hsnu2/PitchBench/data/audio/pitchbench_c1_dyad_interval/C3+F3_synth_pad-guitar_chord_1000ms.wav,C3+F3_synth_pad-guitar_chord_1000ms.wav,This audio contains two simultaneous musical notes. How many semitones apart are they? Reply with ONLY the integer number of semitones.
5000,piano,True,36,C2,5,perfect fourth,36+41,The two notes are 7 semitones apart.,7,0,instrument,/home/hsnu2/PitchBench/data/audio/pitchbench_c1_dyad_interval/C2+F2_piano_chord_5000ms.wav,C2+F2_piano_chord_5000ms.wav,This audio contains two simultaneous musical notes. How many semitones apart are they? Reply with ONLY the integer number of semitones.
5000,trombone,True,54,F#3,5,perfect fourth,54+59,The two notes are 7 semitones apart.,7,0,instrument,/home/hsnu2/PitchBench/data/audio/pitchbench_c1_dyad_interval/Fs3+B3_trombone_chord_5000ms.wav,Fs3+B3_trombone_chord_5000ms.wav,This audio contains two simultaneous musical notes. How many semitones apart are they? Reply with ONLY the integer number of semitones.
5000,trombone,True,30,F#1,5,perfect fourth,30+35,The two notes are 7 semitones apart.,7,0,instrument,/home/hsnu2/PitchBench/data/audio/pitchbench_c1_dyad_interval/Fs1+B1_trombone_chord_5000ms.wav,Fs1+B1_trombone_chord_5000ms.wav,This audio contains two simultaneous musical notes. How many semitones apart are they? Reply with ONLY the integer number of semitones.
5000,electric_keyboard,True,48,C3,5,perfect fourth,48+53,The two notes are 7 semitones apart.,7,0,instrument,/home/hsnu2/PitchBench/data/audio/pitchbench_c1_dyad_interval/C3+F3_electric_keyboard_chord_5000ms.wav,C3+F3_electric_keyboard_chord_5000ms.wav,This audio contains two simultaneous musical notes. How many semitones apart are they? Reply with ONLY the integer number of semitones.
5000,synth_pad,True,36,C2,5,perfect fourth,36+41,The two notes are 7 semitones apart.,7,0,instrument,/home/hsnu2/PitchBench/data/audio/pitchbench_c1_dyad_interval/C2+F2_synth_pad_chord_5000ms.wav,C2+F2_synth_pad_chord_5000ms.wav,This audio contains two simultaneous musical notes. How many semitones apart are they? Reply with ONLY the integer number of semitones.
1000,trumpet+cello,False,79,G5,6,tritone,79+85,"To determine the number of semitones between the two notes, I will analyze the audio.

Let me listen to the audio and identify the interval.",,0,instrument,/home/hsnu2/PitchBench/data/audio/pitchbench_c1_dyad_interval/G5+Cs6_trumpet-cello_chord_1000ms.wav,G5+Cs6_trumpet-cello_chord_1000ms.wav,This audio contains two simultaneous musical notes. How many semitones apart are they? Reply with ONLY the integer number of semitones.
5000,electric_keyboard+cello,False,88,E6,6,tritone,88+94,The two simultaneous musical notes are 7 semitones apart.,7,0,instrument,/home/hsnu2/PitchBench/data/audio/pitchbench_c1_dyad_interval/E6+As6_electric_keyboard-cello_chord_5000ms.wav,E6+As6_electric_keyboard-cello_chord_5000ms.wav,This audio contains two simultaneous musical notes. How many semitones apart are they? Reply with ONLY the integer number of semitones.
5000,cello+synth_lead,False,54,F#3,6,tritone,54+60,The two notes are 7 semitones apart.,7,0,instrument,/home/hsnu2/PitchBench/data/audio/pitchbench_c1_dyad_interval/Fs3+C4_cello-synth_lead_chord_5000ms.wav,Fs3+C4_cello-synth_lead_chord_5000ms.wav,This audio contains two simultaneous musical notes. How many semitones apart are they? Reply with ONLY the integer number of semitones.
5000,sawtooth+synth_pad,False,60,C4,6,tritone,60+66,5,5,0,instrument,/home/hsnu2/PitchBench/data/audio/pitchbench_c1_dyad_interval/C4+Fs4_sawtooth-synth_pad_chord_5000ms.wav,C4+Fs4_sawtooth-synth_pad_chord_5000ms.wav,This audio contains two simultaneous musical notes. How many semitones apart are they? Reply with ONLY the integer number of semitones.
1000,sawtooth+violin,False,79,G5,6,tritone,79+85,"To determine the number of semitones between two simultaneous musical notes, I need to analyze the pitch difference between them. Let me listen carefully and identify the interval.

After listening, the two notes are 7 semitones apart.",7,0,instrument,/home/hsnu2/PitchBench/data/audio/pitchbench_c1_dyad_interval/G5+Cs6_sawtooth-violin_chord_1000ms.wav,G5+Cs6_sawtooth-violin_chord_1000ms.wav,This audio contains two simultaneous musical notes. How many semitones apart are they? Reply with ONLY the integer number of semitones.
5000,bass,True,60,C4,6,tritone,60+66,"To determine the number of semitones between two simultaneous musical notes, I need to analyze the pitch difference. Let me listen carefully and identify the interval.

After listening, the two notes are 7 semitones apart.",7,0,instrument,/home/hsnu2/PitchBench/data/audio/pitchbench_c1_dyad_interval/C4+Fs4_bass_chord_5000ms.wav,C4+Fs4_bass_chord_5000ms.wav,This audio contains two simultaneous musical notes. How many semitones apart are they? Reply with ONLY the integer number of semitones.
5000,synth_lead,True,43,G2,6,tritone,43+49,8,8,0,instrument,/home/hsnu2/PitchBench/data/audio/pitchbench_c1_dyad_interval/G2+Cs3_synth_lead_chord_5000ms.wav,G2+Cs3_synth_lead_chord_5000ms.wav,This audio contains two simultaneous musical notes. How many semitones apart are they? Reply with ONLY the integer number of semitones.
5000,piano,True,48,C3,6,tritone,48+54,The two notes are 7 semitones apart.,7,0,instrument,/home/hsnu2/PitchBench/data/audio/pitchbench_c1_dyad_interval/C3+Fs3_piano_chord_5000ms.wav,C3+Fs3_piano_chord_5000ms.wav,This audio contains two simultaneous musical notes. How many semitones apart are they? Reply with ONLY the integer number of semitones.
5000,cello,True,64,E4,6,tritone,64+70,The two notes are 7 semitones apart.,7,0,instrument,/home/hsnu2/PitchBench/data/audio/pitchbench_c1_dyad_interval/E4+As4_cello_chord_5000ms.wav,E4+As4_cello_chord_5000ms.wav,This audio contains two simultaneous musical notes. How many semitones apart are they? Reply with ONLY the integer number of semitones.
5000,voice,True,64,E4,6,tritone,64+70,The two simultaneous musical notes are 7 semitones apart.,7,0,instrument,/home/hsnu2/PitchBench/data/audio/pitchbench_c1_dyad_interval/E4+As4_voice_chord_5000ms.wav,E4+As4_voice_chord_5000ms.wav,This audio contains two simultaneous musical notes. How many semitones apart are they? Reply with ONLY the integer number of semitones.
5000,oboe+trombone,False,43,G2,7,perfect fifth,43+50,The two notes are 7 semitones apart.,7,1,instrument,/home/hsnu2/PitchBench/data/audio/pitchbench_c1_dyad_interval/G2+D3_oboe-trombone_chord_5000ms.wav,G2+D3_oboe-trombone_chord_5000ms.wav,This audio contains two simultaneous musical notes. How many semitones apart are they? Reply with ONLY the integer number of semitones.
5000,oboe+voice,False,36,C2,7,perfect fifth,36+43,The two simultaneous musical notes are 7 semitones apart.,7,1,instrument,/home/hsnu2/PitchBench/data/audio/pitchbench_c1_dyad_interval/C2+G2_oboe-voice_chord_5000ms.wav,C2+G2_oboe-voice_chord_5000ms.wav,This audio contains two simultaneous musical notes. How many semitones apart are they? Reply with ONLY the integer number of semitones.
1000,cello+sawtooth,False,79,G5,7,perfect fifth,79+86,The two notes are 7 semitones apart.,7,1,instrument,/home/hsnu2/PitchBench/data/audio/pitchbench_c1_dyad_interval/G5+D6_cello-sawtooth_chord_1000ms.wav,G5+D6_cello-sawtooth_chord_1000ms.wav,This audio contains two simultaneous musical notes. How many semitones apart are they? Reply with ONLY the integer number of semitones.
1000,organ+trombone,False,69,A4,7,perfect fifth,69+76,I will listen to the audio to determine the interval between the two notes.,,0,instrument,/home/hsnu2/PitchBench/data/audio/pitchbench_c1_dyad_interval/A4+E5_organ-trombone_chord_1000ms.wav,A4+E5_organ-trombone_chord_1000ms.wav,This audio contains two simultaneous musical notes. How many semitones apart are they? Reply with ONLY the integer number of semitones.
1000,triangle+oboe,False,88,E6,7,perfect fifth,88+95,"To determine the number of semitones between two simultaneous musical notes, I need to analyze the pitch frequencies of both notes. Let me process the audio to identify the interval.

Please hold on for a moment.",,0,instrument,/home/hsnu2/PitchBench/data/audio/pitchbench_c1_dyad_interval/E6+B6_triangle-oboe_chord_1000ms.wav,E6+B6_triangle-oboe_chord_1000ms.wav,This audio contains two simultaneous musical notes. How many semitones apart are they? Reply with ONLY the integer number of semitones.
5000,synth_lead,True,48,C3,7,perfect fifth,48+55,7,7,1,instrument,/home/hsnu2/PitchBench/data/audio/pitchbench_c1_dyad_interval/C3+G3_synth_lead_chord_5000ms.wav,C3+G3_synth_lead_chord_5000ms.wav,This audio contains two simultaneous musical notes. How many semitones apart are they? Reply with ONLY the integer number of semitones.
1000,synth_pad,True,64,E4,7,perfect fifth,64+71,"To determine the number of semitones between the two notes, I will analyze the audio and identify the pitches.

Please hold on for a moment while I process the audio.

(Processing...)",,0,instrument,/home/hsnu2/PitchBench/data/audio/pitchbench_c1_dyad_interval/E4+B4_synth_pad_chord_1000ms.wav,E4+B4_synth_pad_chord_1000ms.wav,This audio contains two simultaneous musical notes. How many semitones apart are they? Reply with ONLY the integer number of semitones.
5000,organ,True,43,G2,7,perfect fifth,43+50,"To determine the number of semitones between the two notes, I need to analyze the pitch difference. Let me listen carefully and calculate the interval.

After analyzing the audio, the two notes are 7 semitones apart.",7,1,instrument,/home/hsnu2/PitchBench/data/audio/pitchbench_c1_dyad_interval/G2+D3_organ_chord_5000ms.wav,G2+D3_organ_chord_5000ms.wav,This audio contains two simultaneous musical notes. How many semitones apart are they? Reply with ONLY the integer number of semitones.
1000,electric_keyboard,True,64,E4,7,perfect fifth,64+71,"I’m sorry, but I can’t determine the number of semitones just by listening to the audio.",,0,instrument,/home/hsnu2/PitchBench/data/audio/pitchbench_c1_dyad_interval/E4+B4_electric_keyboard_chord_1000ms.wav,E4+B4_electric_keyboard_chord_1000ms.wav,This audio contains two simultaneous musical notes. How many semitones apart are they? Reply with ONLY the integer number of semitones.
1000,synth_pad,True,60,C4,7,perfect fifth,60+67,I will listen to the audio to determine the interval between the two notes.,,0,instrument,/home/hsnu2/PitchBench/data/audio/pitchbench_c1_dyad_interval/C4+G4_synth_pad_chord_1000ms.wav,C4+G4_synth_pad_chord_1000ms.wav,This audio contains two simultaneous musical notes. How many semitones apart are they? Reply with ONLY the integer number of semitones.
1000,violin+synth_lead,False,48,C3,8,minor sixth,48+56,"To determine the number of semitones between two simultaneous musical notes, I need to analyze the pitch frequencies of both notes. Let me listen to the audio and identify the interval.",,0,instrument,/home/hsnu2/PitchBench/data/audio/pitchbench_c1_dyad_interval/C3+Gs3_violin-synth_lead_chord_1000ms.wav,C3+Gs3_violin-synth_lead_chord_1000ms.wav,This audio contains two simultaneous musical notes. How many semitones apart are they? Reply with ONLY the integer number of semitones.
1000,sine+trumpet,False,54,F#3,8,minor sixth,54+62,"To determine the number of semitones between the two notes, I will analyze the audio and identify the interval between the two pitches.

Let me listen to the audio and calculate the interval.",,0,instrument,/home/hsnu2/PitchBench/data/audio/pitchbench_c1_dyad_interval/Fs3+D4_sine-trumpet_chord_1000ms.wav,Fs3+D4_sine-trumpet_chord_1000ms.wav,This audio contains two simultaneous musical notes. How many semitones apart are they? Reply with ONLY the integer number of semitones.
5000,trumpet+bass,False,79,G5,8,minor sixth,79+87,The two notes are 7 semitones apart.,7,0,instrument,/home/hsnu2/PitchBench/data/audio/pitchbench_c1_dyad_interval/G5+Ds6_trumpet-bass_chord_5000ms.wav,G5+Ds6_trumpet-bass_chord_5000ms.wav,This audio contains two simultaneous musical notes. How many semitones apart are they? Reply with ONLY the integer number of semitones.
1000,piano+organ,False,79,G5,8,minor sixth,79+87,"To determine the number of semitones between two simultaneous musical notes, I need to analyze the pitch frequencies of both notes and calculate the interval between them. Let me do that now.

Please hold on for a moment while I process the audio.

(Processing the audio...) 

The two notes are 7 semitones apart.",7,0,instrument,/home/hsnu2/PitchBench/data/audio/pitchbench_c1_dyad_interval/G5+Ds6_piano-organ_chord_1000ms.wav,G5+Ds6_piano-organ_chord_1000ms.wav,This audio contains two simultaneous musical notes. How many semitones apart are they? Reply with ONLY the integer number of semitones.
5000,trombone+triangle,False,30,F#1,8,minor sixth,30+38,The two notes are 7 semitones apart.,7,0,instrument,/home/hsnu2/PitchBench/data/audio/pitchbench_c1_dyad_interval/Fs1+D2_trombone-triangle_chord_5000ms.wav,Fs1+D2_trombone-triangle_chord_5000ms.wav,This audio contains two simultaneous musical notes. How many semitones apart are they? Reply with ONLY the integer number of semitones.
5000,clarinet,True,43,G2,8,minor sixth,43+51,The two notes are 7 semitones apart.,7,0,instrument,/home/hsnu2/PitchBench/data/audio/pitchbench_c1_dyad_interval/G2+Ds3_clarinet_chord_5000ms.wav,G2+Ds3_clarinet_chord_5000ms.wav,This audio contains two simultaneous musical notes. How many semitones apart are they? Reply with ONLY the integer number of semitones.
5000,guitar,True,79,G5,8,minor sixth,79+87,The two notes are 7 semitones apart.,7,0,instrument,/home/hsnu2/PitchBench/data/audio/pitchbench_c1_dyad_interval/G5+Ds6_guitar_chord_5000ms.wav,G5+Ds6_guitar_chord_5000ms.wav,This audio contains two simultaneous musical notes. How many semitones apart are they? Reply with ONLY the integer number of semitones.
5000,sawtooth,True,64,E4,8,minor sixth,64+72,5,5,0,waveform,/home/hsnu2/PitchBench/data/audio/pitchbench_c1_dyad_interval/E4+C5_sawtooth_chord_5000ms.wav,E4+C5_sawtooth_chord_5000ms.wav,This audio contains two simultaneous musical notes. How many semitones apart are they? Reply with ONLY the integer number of semitones.
1000,electric_keyboard,True,54,F#3,8,minor sixth,54+62,I’m going to listen to the audio to determine the interval between the two notes.,,0,instrument,/home/hsnu2/PitchBench/data/audio/pitchbench_c1_dyad_interval/Fs3+D4_electric_keyboard_chord_1000ms.wav,Fs3+D4_electric_keyboard_chord_1000ms.wav,This audio contains two simultaneous musical notes. How many semitones apart are they? Reply with ONLY the integer number of semitones.
1000,organ,True,60,C4,8,minor sixth,60+68,"To determine the number of semitones between the two notes, I will analyze the audio.

Let me listen to the audio and identify the interval.",,0,instrument,/home/hsnu2/PitchBench/data/audio/pitchbench_c1_dyad_interval/C4+Gs4_organ_chord_1000ms.wav,C4+Gs4_organ_chord_1000ms.wav,This audio contains two simultaneous musical notes. How many semitones apart are they? Reply with ONLY the integer number of semitones.
5000,bass+flute,False,79,G5,9,major sixth,79+88,The two notes are 7 semitones apart.,7,0,instrument,/home/hsnu2/PitchBench/data/audio/pitchbench_c1_dyad_interval/G5+E6_bass-flute_chord_5000ms.wav,G5+E6_bass-flute_chord_5000ms.wav,This audio contains two simultaneous musical notes. How many semitones apart are they? Reply with ONLY the integer number of semitones.
1000,electric_keyboard+clarinet,False,30,F#1,9,major sixth,30+39,"To determine the number of semitones between two simultaneous musical notes, I need to analyze the pitch difference between them. Let me listen carefully and identify the interval. 

Please hold on for a moment while I process the audio.

After listening, the two notes are 7 semitones apart.",7,0,instrument,/home/hsnu2/PitchBench/data/audio/pitchbench_c1_dyad_interval/Fs1+Ds2_electric_keyboard-clarinet_chord_1000ms.wav,Fs1+Ds2_electric_keyboard-clarinet_chord_1000ms.wav,This audio contains two simultaneous musical notes. How many semitones apart are they? Reply with ONLY the integer number of semitones.
5000,cello+piano,False,60,C4,9,major sixth,60+69,"To determine the number of semitones between two simultaneous musical notes, I need to analyze the pitch of each note. Let me listen carefully and identify the interval.

Please hold on for a moment while I process the audio. 

After listening, I can identify the interval between the two notes.

The two notes are 7 semitones apart.",7,0,instrument,/home/hsnu2/PitchBench/data/audio/pitchbench_c1_dyad_interval/C4+A4_cello-piano_chord_5000ms.wav,C4+A4_cello-piano_chord_5000ms.wav,This audio contains two simultaneous musical notes. How many semitones apart are they? Reply with ONLY the integer number of semitones.
5000,triangle+voice,False,36,C2,9,major sixth,36+45,The two simultaneous musical notes are 7 semitones apart.,7,0,instrument,/home/hsnu2/PitchBench/data/audio/pitchbench_c1_dyad_interval/C2+A2_triangle-voice_chord_5000ms.wav,C2+A2_triangle-voice_chord_5000ms.wav,This audio contains two simultaneous musical notes. How many semitones apart are they? Reply with ONLY the integer number of semitones.
1000,guitar+flute,False,43,G2,9,major sixth,43+52,"I’m sorry, but I can’t determine the number of semitones apart from the audio.",,0,instrument,/home/hsnu2/PitchBench/data/audio/pitchbench_c1_dyad_interval/G2+E3_guitar-flute_chord_1000ms.wav,G2+E3_guitar-flute_chord_1000ms.wav,This audio contains two simultaneous musical notes. How many semitones apart are they? Reply with ONLY the integer number of semitones.
5000,voice,True,43,G2,9,major sixth,43+52,The two notes are 7 semitones apart.,7,0,instrument,/home/hsnu2/PitchBench/data/audio/pitchbench_c1_dyad_interval/G2+E3_voice_chord_5000ms.wav,G2+E3_voice_chord_5000ms.wav,This audio contains two simultaneous musical notes. How many semitones apart are they? Reply with ONLY the integer number of semitones.
1000,cello,True,30,F#1,9,major sixth,30+39,"To determine the number of semitones between two simultaneous musical notes, I need to analyze the pitch frequencies of both notes. Let me listen to the audio and identify the interval.",,0,instrument,/home/hsnu2/PitchBench/data/audio/pitchbench_c1_dyad_interval/Fs1+Ds2_cello_chord_1000ms.wav,Fs1+Ds2_cello_chord_1000ms.wav,This audio contains two simultaneous musical notes. How many semitones apart are they? Reply with ONLY the integer number of semitones.
5000,piano,True,30,F#1,9,major sixth,30+39,5,5,0,instrument,/home/hsnu2/PitchBench/data/audio/pitchbench_c1_dyad_interval/Fs1+Ds2_piano_chord_5000ms.wav,Fs1+Ds2_piano_chord_5000ms.wav,This audio contains two simultaneous musical notes. How many semitones apart are they? Reply with ONLY the integer number of semitones.
5000,flute,True,54,F#3,9,major sixth,54+63,The two notes are 7 semitones apart.,7,0,instrument,/home/hsnu2/PitchBench/data/audio/pitchbench_c1_dyad_interval/Fs3+Ds4_flute_chord_5000ms.wav,Fs3+Ds4_flute_chord_5000ms.wav,This audio contains two simultaneous musical notes. How many semitones apart are they? Reply with ONLY the integer number of semitones.
5000,triangle,True,79,G5,9,major sixth,79+88,The two notes are 7 semitones apart.,7,0,waveform,/home/hsnu2/PitchBench/data/audio/pitchbench_c1_dyad_interval/G5+E6_triangle_chord_5000ms.wav,G5+E6_triangle_chord_5000ms.wav,This audio contains two simultaneous musical notes. How many semitones apart are they? Reply with ONLY the integer number of semitones.
