source,n_notes,trial,midi_sequence_gt,spn_sequence_gt,doremi_sequence_gt,hz_sequence_gt,midi_pred,midi_per_pos,midi_n_pos_match,midi_sequence_correct,spn_pred,spn_per_pos,spn_n_pos_match,spn_sequence_correct,doremi_pred,doremi_per_pos,doremi_n_pos_match,doremi_sequence_correct,hz_pred,hz_per_pos,hz_n_pos_match,hz_sequence_correct,any_sequence_correct,raw_midi,raw_spn,raw_doremi,raw_hz,source_type,audio_url,audio_file,prompt_midi,prompt_spn,prompt_doremi,prompt_hz
electric_keyboard,10,4,"[74, 47, 73, 66, 50, 62, 72, 85, 63, 52]","['D5', 'B2', 'C#5', 'F#4', 'D3', 'D4', 'C5', 'C#6', 'D#4', 'E3']","['re', 'si', 'do#', 'fa#', 're', 're', 'do', 'do#', 're#', 'mi']","[587.3295, 123.4708, 554.3653, 369.9944, 146.8324, 293.6648, 523.2511, 1108.7305, 311.127, 164.8138]","[60, 62, 64, 65, 67, 69, 71, 72, 74, 76]","[False, False, False, False, False, False, False, False, False, False]",0,0,"['E4', 'G4', 'A4', 'G4', 'E4', 'D4', 'C4', 'D4', 'E4', 'G4']","[False, False, False, False, False, True, False, False, False, False]",1,0,"[7, 9, 11, 0, 2, 4, 5, 7, 9, 11]","[False, False, False, False, True, False, False, False, False, False]",1,0,"[440.0, 392.0, 349.0, 440.0, 392.0, 349.0, 440.0, 392.0, 349.0, 440.0]","[False, False, False, False, False, False, False, False, False, False]",0,0,0,60 62 64 65 67 69 71 72 74 76,E4 G4 A4 G4 E4 D4 C4 D4 E4 G4,sol la si do re mi fa sol la si,440 392 349 440 392 349 440 392 349 440,instrument,data/audio/pitchbench_d7_seq_pitch_id/D5-B2-Cs5-Fs4-D3-D4-C5-Cs6-Ds4-E3_electric_keyboard_seq_5000ms_250msgap.wav,D5-B2-Cs5-Fs4-D3-D4-C5-Cs6-Ds4-E3_electric_keyboard_seq_5000ms_250msgap.wav,"You will hear 10 musical notes played one after another, each separated by a brief silence. Identify all 10 MIDI note numbers in order from first to last. Reply with ONLY the integers separated by spaces (e.g. 60 64 68). Nothing else. Output only the answer.","You will hear 10 musical notes played one after another, each separated by a brief silence. Identify all 10 notes in order from first to last. Reply with ONLY the note names expressed in Scientific Pitch Notation, separated by spaces (e.g. C4 E4 G#4). Nothing else. Output only the answer.","You will hear 10 musical notes played one after another, each separated by a brief silence. Identify all 10 solfège syllable and accidentals (if needed) in order from first to last (fixed-do: do=C re=D mi=E fa=F sol=G la=A si=B; include sharps e.g. do# re#). Reply with ONLY the syllable and accidentals (if needed) separated by spaces (e.g. do mi sol#). Nothing else. Output only the answer.","You will hear 10 musical notes played one after another, each separated by a brief silence. Identify the main pitch frequency, the one that characterizes the note, in Hertz of all 10 notes in order from first to last. Reply with ONLY the frequencies in Hz separated by spaces (e.g. 261.6 329.6 392.0). Nothing else. Output only the answer."
organ,10,0,"[54, 58, 64, 46, 79, 81, 53, 39, 70, 69]","['F#3', 'A#3', 'E4', 'A#2', 'G5', 'A5', 'F3', 'D#2', 'A#4', 'A4']","['fa#', 'la#', 'mi', 'la#', 'sol', 'la', 'fa', 're#', 'la#', 'la']","[184.9972, 233.0819, 329.6276, 116.5409, 783.9909, 880.0, 174.6141, 77.7817, 466.1638, 440.0]","[72, 74, 76, 77, 79, 81, 83, 84, 86, 88]","[False, False, False, False, True, True, False, False, False, False]",2,0,"['E4', 'F4', 'G4', 'A4', 'B4', 'C5', 'D5', 'E5', 'F5', 'G5']","[False, False, False, False, False, False, False, False, False, False]",0,0,"[7, 9, 11, 0, 2, 4, 5, 7, 9, 11]","[False, False, False, False, False, False, True, False, False, False]",1,0,"[440.0, 493.9, 523.3, 587.3, 659.3, 698.5, 783.99, 880.0, 987.77, 1046.5]","[False, False, False, False, False, False, False, False, False, False]",0,0,0,72 74 76 77 79 81 83 84 86 88,E4 F4 G4 A4 B4 C5 D5 E5 F5 G5,sol la si do re mi fa sol la si,440 493.9 523.3 587.3 659.3 698.5 783.99 880 987.77 1046.5,instrument,data/audio/pitchbench_d7_seq_pitch_id/Fs3-As3-E4-As2-G5-A5-F3-Ds2-As4-A4_organ_seq_5000ms_250msgap.wav,Fs3-As3-E4-As2-G5-A5-F3-Ds2-As4-A4_organ_seq_5000ms_250msgap.wav,"You will hear 10 musical notes played one after another, each separated by a brief silence. Identify all 10 MIDI note numbers in order from first to last. Reply with ONLY the integers separated by spaces (e.g. 60 64 68). Nothing else. Output only the answer.","You will hear 10 musical notes played one after another, each separated by a brief silence. Identify all 10 notes in order from first to last. Reply with ONLY the note names expressed in Scientific Pitch Notation, separated by spaces (e.g. C4 E4 G#4). Nothing else. Output only the answer.","You will hear 10 musical notes played one after another, each separated by a brief silence. Identify all 10 solfège syllable and accidentals (if needed) in order from first to last (fixed-do: do=C re=D mi=E fa=F sol=G la=A si=B; include sharps e.g. do# re#). Reply with ONLY the syllable and accidentals (if needed) separated by spaces (e.g. do mi sol#). Nothing else. Output only the answer.","You will hear 10 musical notes played one after another, each separated by a brief silence. Identify the main pitch frequency, the one that characterizes the note, in Hertz of all 10 notes in order from first to last. Reply with ONLY the frequencies in Hz separated by spaces (e.g. 261.6 329.6 392.0). Nothing else. Output only the answer."
triangle,10,0,"[54, 58, 64, 46, 79, 81, 53, 39, 70, 69]","['F#3', 'A#3', 'E4', 'A#2', 'G5', 'A5', 'F3', 'D#2', 'A#4', 'A4']","['fa#', 'la#', 'mi', 'la#', 'sol', 'la', 'fa', 're#', 'la#', 'la']","[184.9972, 233.0819, 329.6276, 116.5409, 783.9909, 880.0, 174.6141, 77.7817, 466.1638, 440.0]","[72, 74, 76, 77, 79, 81, 83, 84, 86, 88]","[False, False, False, False, True, True, False, False, False, False]",2,0,"['C4', 'D4', 'E4', 'F4', 'G4', 'A4', 'B4', 'C5', 'D5', 'E5']","[False, False, True, False, False, False, False, False, False, False]",1,0,"[5, 5, 5, 5, 5, 5, 5, 5, 5, 5]","[False, False, False, False, False, False, True, False, False, False]",1,0,"[440.0, 494.0, 523.0, 587.0, 659.0, 698.0, 784.0, 880.0, 988.0, 1047.0]","[False, False, False, False, False, False, False, False, False, False]",0,0,0,72 74 76 77 79 81 83 84 86 88,C4 D4 E4 F4 G4 A4 B4 C5 D5 E5,fa fa fa fa fa fa fa fa fa fa,440 494 523 587 659 698 784 880 988 1047,waveform,data/audio/pitchbench_d7_seq_pitch_id/Fs3-As3-E4-As2-G5-A5-F3-Ds2-As4-A4_triangle_seq_5000ms_250msgap.wav,Fs3-As3-E4-As2-G5-A5-F3-Ds2-As4-A4_triangle_seq_5000ms_250msgap.wav,"You will hear 10 musical notes played one after another, each separated by a brief silence. Identify all 10 MIDI note numbers in order from first to last. Reply with ONLY the integers separated by spaces (e.g. 60 64 68). Nothing else. Output only the answer.","You will hear 10 musical notes played one after another, each separated by a brief silence. Identify all 10 notes in order from first to last. Reply with ONLY the note names expressed in Scientific Pitch Notation, separated by spaces (e.g. C4 E4 G#4). Nothing else. Output only the answer.","You will hear 10 musical notes played one after another, each separated by a brief silence. Identify all 10 solfège syllable and accidentals (if needed) in order from first to last (fixed-do: do=C re=D mi=E fa=F sol=G la=A si=B; include sharps e.g. do# re#). Reply with ONLY the syllable and accidentals (if needed) separated by spaces (e.g. do mi sol#). Nothing else. Output only the answer.","You will hear 10 musical notes played one after another, each separated by a brief silence. Identify the main pitch frequency, the one that characterizes the note, in Hertz of all 10 notes in order from first to last. Reply with ONLY the frequencies in Hz separated by spaces (e.g. 261.6 329.6 392.0). Nothing else. Output only the answer."
voice,10,4,"[74, 47, 73, 66, 50, 62, 72, 85, 63, 52]","['D5', 'B2', 'C#5', 'F#4', 'D3', 'D4', 'C5', 'C#6', 'D#4', 'E3']","['re', 'si', 'do#', 'fa#', 're', 're', 'do', 'do#', 're#', 'mi']","[587.3295, 123.4708, 554.3653, 369.9944, 146.8324, 293.6648, 523.2511, 1108.7305, 311.127, 164.8138]","[60, 64, 67, 72, 76, 79, 84, 88, 91, 96]","[False, False, False, False, False, False, False, False, False, False]",0,0,"['C4', 'C4', 'C4', 'C4', 'C4', 'C4', 'C4', 'C4', 'C4', 'C4']","[False, False, False, False, False, False, False, False, False, False]",0,0,"[0, 0, 0, 0, 0, 0, 0, 0, 0, 0]","[False, False, False, False, False, False, True, False, False, False]",1,0,"[220.0, 220.0, 220.0, 220.0, 220.0, 220.0, 220.0, 220.0, 220.0, 220.0]","[False, False, False, False, False, False, False, False, False, False]",0,0,0,60 64 67 72 76 79 84 88 91 96,C4 C4 C4 C4 C4 C4 C4 C4 C4 C4,do do do do do do do do do do,220 220 220 220 220 220 220 220 220 220,instrument,data/audio/pitchbench_d7_seq_pitch_id/D5-B2-Cs5-Fs4-D3-D4-C5-Cs6-Ds4-E3_voice_seq_5000ms_250msgap.wav,D5-B2-Cs5-Fs4-D3-D4-C5-Cs6-Ds4-E3_voice_seq_5000ms_250msgap.wav,"You will hear 10 musical notes played one after another, each separated by a brief silence. Identify all 10 MIDI note numbers in order from first to last. Reply with ONLY the integers separated by spaces (e.g. 60 64 68). Nothing else. Output only the answer.","You will hear 10 musical notes played one after another, each separated by a brief silence. Identify all 10 notes in order from first to last. Reply with ONLY the note names expressed in Scientific Pitch Notation, separated by spaces (e.g. C4 E4 G#4). Nothing else. Output only the answer.","You will hear 10 musical notes played one after another, each separated by a brief silence. Identify all 10 solfège syllable and accidentals (if needed) in order from first to last (fixed-do: do=C re=D mi=E fa=F sol=G la=A si=B; include sharps e.g. do# re#). Reply with ONLY the syllable and accidentals (if needed) separated by spaces (e.g. do mi sol#). Nothing else. Output only the answer.","You will hear 10 musical notes played one after another, each separated by a brief silence. Identify the main pitch frequency, the one that characterizes the note, in Hertz of all 10 notes in order from first to last. Reply with ONLY the frequencies in Hz separated by spaces (e.g. 261.6 329.6 392.0). Nothing else. Output only the answer."
synth_lead,10,1,"[36, 40, 29, 67, 54, 38, 78, 65, 39, 41]","['C2', 'E2', 'F1', 'G4', 'F#3', 'D2', 'F#5', 'F4', 'D#2', 'F2']","['do', 'mi', 'fa', 'sol', 'fa#', 're', 'fa#', 'fa', 're#', 'fa']","[65.4064, 82.4069, 43.6535, 391.9954, 184.9972, 73.4162, 739.9888, 349.2282, 77.7817, 87.3071]","[60, 62, 64, 65, 67, 69, 71, 72, 74, 76]","[False, False, False, False, False, False, False, False, False, False]",0,0,"['E4', 'G4', 'F4', 'A4', 'G4', 'B4', 'A4', 'C5', 'B4', 'D5']","[False, False, False, False, False, False, False, False, False, False]",0,0,"[7, 9, 11, 0, 2, 4, 5, 7, 9, 11]","[False, False, False, False, False, False, False, False, False, False]",0,0,"[220.0, 246.9, 261.6, 293.7, 329.6, 349.2, 392.0, 440.0, 493.9, 523.3]","[False, False, False, False, False, False, False, False, False, False]",0,0,0,60 62 64 65 67 69 71 72 74 76,E4 G4 F4 A4 G4 B4 A4 C5 B4 D5,sol la si do re mi fa sol la si,220 246.9 261.6 293.7 329.6 349.2 392.0 440.0 493.9 523.3,instrument,data/audio/pitchbench_d7_seq_pitch_id/C2-E2-F1-G4-Fs3-D2-Fs5-F4-Ds2-F2_synth_lead_seq_5000ms_250msgap.wav,C2-E2-F1-G4-Fs3-D2-Fs5-F4-Ds2-F2_synth_lead_seq_5000ms_250msgap.wav,"You will hear 10 musical notes played one after another, each separated by a brief silence. Identify all 10 MIDI note numbers in order from first to last. Reply with ONLY the integers separated by spaces (e.g. 60 64 68). Nothing else. Output only the answer.","You will hear 10 musical notes played one after another, each separated by a brief silence. Identify all 10 notes in order from first to last. Reply with ONLY the note names expressed in Scientific Pitch Notation, separated by spaces (e.g. C4 E4 G#4). Nothing else. Output only the answer.","You will hear 10 musical notes played one after another, each separated by a brief silence. Identify all 10 solfège syllable and accidentals (if needed) in order from first to last (fixed-do: do=C re=D mi=E fa=F sol=G la=A si=B; include sharps e.g. do# re#). Reply with ONLY the syllable and accidentals (if needed) separated by spaces (e.g. do mi sol#). Nothing else. Output only the answer.","You will hear 10 musical notes played one after another, each separated by a brief silence. Identify the main pitch frequency, the one that characterizes the note, in Hertz of all 10 notes in order from first to last. Reply with ONLY the frequencies in Hz separated by spaces (e.g. 261.6 329.6 392.0). Nothing else. Output only the answer."
violin,3,1,"[78, 40, 74]","['F#5', 'E2', 'D5']","['fa#', 'mi', 're']","[739.9888, 82.4069, 587.3295]","[72, 48, 72]","[False, False, False]",0,0,"['E5', 'C2', 'E5']","[False, False, False]",0,0,"[7, 5, 7]","[False, False, False]",0,0,"[440.0, 196.0, 440.0]","[False, False, False]",0,0,0,72 48 72,E5 C2 E5,sol fa sol,440 196 440,instrument,data/audio/pitchbench_d7_seq_pitch_id/Fs5-E2-D5_violin_seq_5000ms_250msgap.wav,Fs5-E2-D5_violin_seq_5000ms_250msgap.wav,"You will hear 3 musical notes played one after another, each separated by a brief silence. Identify all 3 MIDI note numbers in order from first to last. Reply with ONLY the integers separated by spaces (e.g. 60 64 68). Nothing else. Output only the answer.","You will hear 3 musical notes played one after another, each separated by a brief silence. Identify all 3 notes in order from first to last. Reply with ONLY the note names expressed in Scientific Pitch Notation, separated by spaces (e.g. C4 E4 G#4). Nothing else. Output only the answer.","You will hear 3 musical notes played one after another, each separated by a brief silence. Identify all 3 solfège syllable and accidentals (if needed) in order from first to last (fixed-do: do=C re=D mi=E fa=F sol=G la=A si=B; include sharps e.g. do# re#). Reply with ONLY the syllable and accidentals (if needed) separated by spaces (e.g. do mi sol#). Nothing else. Output only the answer.","You will hear 3 musical notes played one after another, each separated by a brief silence. Identify the main pitch frequency, the one that characterizes the note, in Hertz of all 3 notes in order from first to last. Reply with ONLY the frequencies in Hz separated by spaces (e.g. 261.6 329.6 392.0). Nothing else. Output only the answer."
trombone,3,1,"[78, 40, 74]","['F#5', 'E2', 'D5']","['fa#', 'mi', 're']","[739.9888, 82.4069, 587.3295]","[72, 43, 76]","[False, False, False]",0,0,"['F#4', 'D3', 'F#4']","[False, False, False]",0,0,"[7, 5, 4]","[False, False, False]",0,0,"[247.0, 196.0, 330.0]","[False, False, False]",0,0,0,72 43 76,F#4 D3 F#4,sol fa mi,247 196 330,instrument,data/audio/pitchbench_d7_seq_pitch_id/Fs5-E2-D5_trombone_seq_5000ms_250msgap.wav,Fs5-E2-D5_trombone_seq_5000ms_250msgap.wav,"You will hear 3 musical notes played one after another, each separated by a brief silence. Identify all 3 MIDI note numbers in order from first to last. Reply with ONLY the integers separated by spaces (e.g. 60 64 68). Nothing else. Output only the answer.","You will hear 3 musical notes played one after another, each separated by a brief silence. Identify all 3 notes in order from first to last. Reply with ONLY the note names expressed in Scientific Pitch Notation, separated by spaces (e.g. C4 E4 G#4). Nothing else. Output only the answer.","You will hear 3 musical notes played one after another, each separated by a brief silence. Identify all 3 solfège syllable and accidentals (if needed) in order from first to last (fixed-do: do=C re=D mi=E fa=F sol=G la=A si=B; include sharps e.g. do# re#). Reply with ONLY the syllable and accidentals (if needed) separated by spaces (e.g. do mi sol#). Nothing else. Output only the answer.","You will hear 3 musical notes played one after another, each separated by a brief silence. Identify the main pitch frequency, the one that characterizes the note, in Hertz of all 3 notes in order from first to last. Reply with ONLY the frequencies in Hz separated by spaces (e.g. 261.6 329.6 392.0). Nothing else. Output only the answer."
synth_pad,3,0,"[38, 58, 89]","['D2', 'A#3', 'F6']","['re', 'la#', 'fa']","[73.4162, 233.0819, 1396.9129]","[67, 64, 60]","[False, False, False]",0,0,"['G3', 'C4', 'F4']","[False, False, False]",0,0,"[7, 9, 11]","[False, False, False]",0,0,"[440.0, 349.0, 523.0]","[False, False, False]",0,0,0,67 64 60,G3 C4 F4,sol la si,440 349 523,instrument,data/audio/pitchbench_d7_seq_pitch_id/D2-As3-F6_synth_pad_seq_5000ms_250msgap.wav,D2-As3-F6_synth_pad_seq_5000ms_250msgap.wav,"You will hear 3 musical notes played one after another, each separated by a brief silence. Identify all 3 MIDI note numbers in order from first to last. Reply with ONLY the integers separated by spaces (e.g. 60 64 68). Nothing else. Output only the answer.","You will hear 3 musical notes played one after another, each separated by a brief silence. Identify all 3 notes in order from first to last. Reply with ONLY the note names expressed in Scientific Pitch Notation, separated by spaces (e.g. C4 E4 G#4). Nothing else. Output only the answer.","You will hear 3 musical notes played one after another, each separated by a brief silence. Identify all 3 solfège syllable and accidentals (if needed) in order from first to last (fixed-do: do=C re=D mi=E fa=F sol=G la=A si=B; include sharps e.g. do# re#). Reply with ONLY the syllable and accidentals (if needed) separated by spaces (e.g. do mi sol#). Nothing else. Output only the answer.","You will hear 3 musical notes played one after another, each separated by a brief silence. Identify the main pitch frequency, the one that characterizes the note, in Hertz of all 3 notes in order from first to last. Reply with ONLY the frequencies in Hz separated by spaces (e.g. 261.6 329.6 392.0). Nothing else. Output only the answer."
voice,3,4,"[36, 63, 34]","['C2', 'D#4', 'A#1']","['do', 're#', 'la#']","[65.4064, 311.127, 58.2705]","[60, 64, 67]","[False, False, False]",0,0,"['G3', 'A3', 'G3']","[False, False, False]",0,0,"[9, 0, 9]","[False, False, False]",0,0,"[196.0, 220.0, 246.9]","[False, False, False]",0,0,0,60 64 67,G3 A3 G3,la do la,196.0 220.0 246.9,instrument,data/audio/pitchbench_d7_seq_pitch_id/C2-Ds4-As1_voice_seq_5000ms_250msgap.wav,C2-Ds4-As1_voice_seq_5000ms_250msgap.wav,"You will hear 3 musical notes played one after another, each separated by a brief silence. Identify all 3 MIDI note numbers in order from first to last. Reply with ONLY the integers separated by spaces (e.g. 60 64 68). Nothing else. Output only the answer.","You will hear 3 musical notes played one after another, each separated by a brief silence. Identify all 3 notes in order from first to last. Reply with ONLY the note names expressed in Scientific Pitch Notation, separated by spaces (e.g. C4 E4 G#4). Nothing else. Output only the answer.","You will hear 3 musical notes played one after another, each separated by a brief silence. Identify all 3 solfège syllable and accidentals (if needed) in order from first to last (fixed-do: do=C re=D mi=E fa=F sol=G la=A si=B; include sharps e.g. do# re#). Reply with ONLY the syllable and accidentals (if needed) separated by spaces (e.g. do mi sol#). Nothing else. Output only the answer.","You will hear 3 musical notes played one after another, each separated by a brief silence. Identify the main pitch frequency, the one that characterizes the note, in Hertz of all 3 notes in order from first to last. Reply with ONLY the frequencies in Hz separated by spaces (e.g. 261.6 329.6 392.0). Nothing else. Output only the answer."
cello,3,0,"[38, 58, 89]","['D2', 'A#3', 'F6']","['re', 'la#', 'fa']","[73.4162, 233.0819, 1396.9129]","[48, 52, 60]","[False, False, False]",0,0,"['G2', 'B2', 'F#3']","[False, False, False]",0,0,"[5, 9, 11]","[False, False, False]",0,0,"[196.0, 246.9, 329.6]","[False, False, False]",0,0,0,48 52 60,G2 B2 F#3,fa la si,196.0 246.9 329.6,instrument,data/audio/pitchbench_d7_seq_pitch_id/D2-As3-F6_cello_seq_5000ms_250msgap.wav,D2-As3-F6_cello_seq_5000ms_250msgap.wav,"You will hear 3 musical notes played one after another, each separated by a brief silence. Identify all 3 MIDI note numbers in order from first to last. Reply with ONLY the integers separated by spaces (e.g. 60 64 68). Nothing else. Output only the answer.","You will hear 3 musical notes played one after another, each separated by a brief silence. Identify all 3 notes in order from first to last. Reply with ONLY the note names expressed in Scientific Pitch Notation, separated by spaces (e.g. C4 E4 G#4). Nothing else. Output only the answer.","You will hear 3 musical notes played one after another, each separated by a brief silence. Identify all 3 solfège syllable and accidentals (if needed) in order from first to last (fixed-do: do=C re=D mi=E fa=F sol=G la=A si=B; include sharps e.g. do# re#). Reply with ONLY the syllable and accidentals (if needed) separated by spaces (e.g. do mi sol#). Nothing else. Output only the answer.","You will hear 3 musical notes played one after another, each separated by a brief silence. Identify the main pitch frequency, the one that characterizes the note, in Hertz of all 3 notes in order from first to last. Reply with ONLY the frequencies in Hz separated by spaces (e.g. 261.6 329.6 392.0). Nothing else. Output only the answer."
clarinet,5,4,"[52, 69, 55, 82, 42]","['E3', 'A4', 'G3', 'A#5', 'F#2']","['mi', 'la', 'sol', 'la#', 'fa#']","[164.8138, 440.0, 195.9977, 932.3275, 92.4986]","[60, 62, 64, 65, 67]","[False, False, False, False, False]",0,0,"['E4', 'F4', 'G4', 'A4', 'B4']","[False, False, False, False, False]",0,0,"[7, 9, 11, 0, 2]","[False, True, False, False, False]",1,0,"[196.0, 246.9, 220.0, 293.7, 261.6]","[False, False, False, False, False]",0,0,0,60 62 64 65 67,E4 F4 G4 A4 B4,sol la si do re,196.0 246.9 220.0 293.7 261.6,instrument,data/audio/pitchbench_d7_seq_pitch_id/E3-A4-G3-As5-Fs2_clarinet_seq_5000ms_250msgap.wav,E3-A4-G3-As5-Fs2_clarinet_seq_5000ms_250msgap.wav,"You will hear 5 musical notes played one after another, each separated by a brief silence. Identify all 5 MIDI note numbers in order from first to last. Reply with ONLY the integers separated by spaces (e.g. 60 64 68). Nothing else. Output only the answer.","You will hear 5 musical notes played one after another, each separated by a brief silence. Identify all 5 notes in order from first to last. Reply with ONLY the note names expressed in Scientific Pitch Notation, separated by spaces (e.g. C4 E4 G#4). Nothing else. Output only the answer.","You will hear 5 musical notes played one after another, each separated by a brief silence. Identify all 5 solfège syllable and accidentals (if needed) in order from first to last (fixed-do: do=C re=D mi=E fa=F sol=G la=A si=B; include sharps e.g. do# re#). Reply with ONLY the syllable and accidentals (if needed) separated by spaces (e.g. do mi sol#). Nothing else. Output only the answer.","You will hear 5 musical notes played one after another, each separated by a brief silence. Identify the main pitch frequency, the one that characterizes the note, in Hertz of all 5 notes in order from first to last. Reply with ONLY the frequencies in Hz separated by spaces (e.g. 261.6 329.6 392.0). Nothing else. Output only the answer."
voice,5,4,"[52, 69, 55, 82, 42]","['E3', 'A4', 'G3', 'A#5', 'F#2']","['mi', 'la', 'sol', 'la#', 'fa#']","[164.8138, 440.0, 195.9977, 932.3275, 92.4986]","[48, 48, 48, 52, 48]","[False, False, False, False, False]",0,0,"['C3', 'C3', 'C3', 'F5', 'C3']","[False, False, False, False, False]",0,0,"[7, 7, 7, 5, 7]","[False, False, True, False, False]",1,0,"[220.0, 220.0, 220.0, 440.0, 220.0]","[False, False, False, False, False]",0,0,0,48 48 48 52 48,C3 C3 C3 F5 C3,sol sol sol fa sol,220 220 220 440 220,instrument,data/audio/pitchbench_d7_seq_pitch_id/E3-A4-G3-As5-Fs2_voice_seq_5000ms_250msgap.wav,E3-A4-G3-As5-Fs2_voice_seq_5000ms_250msgap.wav,"You will hear 5 musical notes played one after another, each separated by a brief silence. Identify all 5 MIDI note numbers in order from first to last. Reply with ONLY the integers separated by spaces (e.g. 60 64 68). Nothing else. Output only the answer.","You will hear 5 musical notes played one after another, each separated by a brief silence. Identify all 5 notes in order from first to last. Reply with ONLY the note names expressed in Scientific Pitch Notation, separated by spaces (e.g. C4 E4 G#4). Nothing else. Output only the answer.","You will hear 5 musical notes played one after another, each separated by a brief silence. Identify all 5 solfège syllable and accidentals (if needed) in order from first to last (fixed-do: do=C re=D mi=E fa=F sol=G la=A si=B; include sharps e.g. do# re#). Reply with ONLY the syllable and accidentals (if needed) separated by spaces (e.g. do mi sol#). Nothing else. Output only the answer.","You will hear 5 musical notes played one after another, each separated by a brief silence. Identify the main pitch frequency, the one that characterizes the note, in Hertz of all 5 notes in order from first to last. Reply with ONLY the frequencies in Hz separated by spaces (e.g. 261.6 329.6 392.0). Nothing else. Output only the answer."
violin,5,3,"[40, 38, 41, 86, 51]","['E2', 'D2', 'F2', 'D6', 'D#3']","['mi', 're', 'fa', 're', 're#']","[82.4069, 73.4162, 87.3071, 1174.6591, 155.5635]","[48, 48, 48, 48, 52]","[False, False, False, False, False]",0,0,"['C2', 'C2', 'C2', 'E5', 'C2']","[False, False, False, False, False]",0,0,"[7, 7, 7, 7, 7]","[False, False, False, False, False]",0,0,"[196.0, 196.0, 196.0, 311.1, 196.0]","[False, False, False, False, False]",0,0,0,48 48 48 48 52,C2 C2 C2 E5 C2,sol sol sol sol sol,196.0 196.0 196.0 311.1 196.0,instrument,data/audio/pitchbench_d7_seq_pitch_id/E2-D2-F2-D6-Ds3_violin_seq_5000ms_250msgap.wav,E2-D2-F2-D6-Ds3_violin_seq_5000ms_250msgap.wav,"You will hear 5 musical notes played one after another, each separated by a brief silence. Identify all 5 MIDI note numbers in order from first to last. Reply with ONLY the integers separated by spaces (e.g. 60 64 68). Nothing else. Output only the answer.","You will hear 5 musical notes played one after another, each separated by a brief silence. Identify all 5 notes in order from first to last. Reply with ONLY the note names expressed in Scientific Pitch Notation, separated by spaces (e.g. C4 E4 G#4). Nothing else. Output only the answer.","You will hear 5 musical notes played one after another, each separated by a brief silence. Identify all 5 solfège syllable and accidentals (if needed) in order from first to last (fixed-do: do=C re=D mi=E fa=F sol=G la=A si=B; include sharps e.g. do# re#). Reply with ONLY the syllable and accidentals (if needed) separated by spaces (e.g. do mi sol#). Nothing else. Output only the answer.","You will hear 5 musical notes played one after another, each separated by a brief silence. Identify the main pitch frequency, the one that characterizes the note, in Hertz of all 5 notes in order from first to last. Reply with ONLY the frequencies in Hz separated by spaces (e.g. 261.6 329.6 392.0). Nothing else. Output only the answer."
oboe,5,0,"[76, 58, 45, 32, 71]","['E5', 'A#3', 'A2', 'G#1', 'B4']","['mi', 'la#', 'la', 'sol#', 'si']","[659.2551, 233.0819, 110.0, 51.9131, 493.8833]","[60, 62, 64, 65, 57]","[False, False, False, False, False]",0,0,"['F4', 'G4', 'A4', 'D2', 'F4']","[False, False, False, False, False]",0,0,"[7, 5, 4, 2, 0]","[False, False, False, False, False]",0,0,"[261.6, 293.7, 349.2, 196.0, 261.6]","[False, False, False, False, False]",0,0,0,60 62 64 65 57,F4 G4 A4 D2 F4,sol fa mi re do,261.6 293.7 349.2 196.0 261.6,instrument,data/audio/pitchbench_d7_seq_pitch_id/E5-As3-A2-Gs1-B4_oboe_seq_5000ms_250msgap.wav,E5-As3-A2-Gs1-B4_oboe_seq_5000ms_250msgap.wav,"You will hear 5 musical notes played one after another, each separated by a brief silence. Identify all 5 MIDI note numbers in order from first to last. Reply with ONLY the integers separated by spaces (e.g. 60 64 68). Nothing else. Output only the answer.","You will hear 5 musical notes played one after another, each separated by a brief silence. Identify all 5 notes in order from first to last. Reply with ONLY the note names expressed in Scientific Pitch Notation, separated by spaces (e.g. C4 E4 G#4). Nothing else. Output only the answer.","You will hear 5 musical notes played one after another, each separated by a brief silence. Identify all 5 solfège syllable and accidentals (if needed) in order from first to last (fixed-do: do=C re=D mi=E fa=F sol=G la=A si=B; include sharps e.g. do# re#). Reply with ONLY the syllable and accidentals (if needed) separated by spaces (e.g. do mi sol#). Nothing else. Output only the answer.","You will hear 5 musical notes played one after another, each separated by a brief silence. Identify the main pitch frequency, the one that characterizes the note, in Hertz of all 5 notes in order from first to last. Reply with ONLY the frequencies in Hz separated by spaces (e.g. 261.6 329.6 392.0). Nothing else. Output only the answer."
voice,5,3,"[40, 38, 41, 86, 51]","['E2', 'D2', 'F2', 'D6', 'D#3']","['mi', 're', 'fa', 're', 're#']","[82.4069, 73.4162, 87.3071, 1174.6591, 155.5635]","[60, 60, 60, 60, 72]","[False, False, False, False, False]",0,0,"['C4', 'C4', 'C4', 'C4', 'G5']","[False, False, False, False, False]",0,0,"[7, 7, 7, 7, 7]","[False, False, False, False, False]",0,0,"[440.0, 440.0, 440.0, 523.0, 440.0]","[False, False, False, False, False]",0,0,0,60 60 60 60 72,C4 C4 C4 C4 G5,sol sol sol sol sol,440 440 440 523 440,instrument,data/audio/pitchbench_d7_seq_pitch_id/E2-D2-F2-D6-Ds3_voice_seq_5000ms_250msgap.wav,E2-D2-F2-D6-Ds3_voice_seq_5000ms_250msgap.wav,"You will hear 5 musical notes played one after another, each separated by a brief silence. Identify all 5 MIDI note numbers in order from first to last. Reply with ONLY the integers separated by spaces (e.g. 60 64 68). Nothing else. Output only the answer.","You will hear 5 musical notes played one after another, each separated by a brief silence. Identify all 5 notes in order from first to last. Reply with ONLY the note names expressed in Scientific Pitch Notation, separated by spaces (e.g. C4 E4 G#4). Nothing else. Output only the answer.","You will hear 5 musical notes played one after another, each separated by a brief silence. Identify all 5 solfège syllable and accidentals (if needed) in order from first to last (fixed-do: do=C re=D mi=E fa=F sol=G la=A si=B; include sharps e.g. do# re#). Reply with ONLY the syllable and accidentals (if needed) separated by spaces (e.g. do mi sol#). Nothing else. Output only the answer.","You will hear 5 musical notes played one after another, each separated by a brief silence. Identify the main pitch frequency, the one that characterizes the note, in Hertz of all 5 notes in order from first to last. Reply with ONLY the frequencies in Hz separated by spaces (e.g. 261.6 329.6 392.0). Nothing else. Output only the answer."
