duration_ms,midi,source,source_type
1000,30,triangle,waveform
1000,30,sine,waveform
1000,30,trumpet,instrument
15000,30,flute,instrument
15000,30,voice,instrument
15000,30,piano,instrument
250,30,triangle,waveform
250,30,synth_pad,instrument
250,30,square,waveform
4000,30,voice,instrument
4000,30,cello,instrument
4000,30,sawtooth,waveform
50,30,sine,waveform
50,30,square,waveform
50,30,guitar,instrument
500,30,flute,instrument
500,30,synth_lead,instrument
500,30,sine,waveform
60000,30,synth_pad,instrument
60000,30,guitar,instrument
60000,30,cello,instrument
1000,36,flute,instrument
1000,36,organ,instrument
1000,36,trumpet,instrument
15000,36,sine,waveform
15000,36,electric_keyboard,instrument
15000,36,cello,instrument
250,36,clarinet,instrument
250,36,trumpet,instrument
250,36,piano,instrument
4000,36,guitar,instrument
4000,36,clarinet,instrument
4000,36,triangle,waveform
50,36,square,waveform
50,36,violin,instrument
50,36,triangle,waveform
500,36,oboe,instrument
500,36,voice,instrument
500,36,trumpet,instrument
60000,36,sawtooth,waveform
60000,36,organ,instrument
60000,36,triangle,waveform
1000,43,violin,instrument
1000,43,square,waveform
1000,43,trombone,instrument
15000,43,oboe,instrument
15000,43,guitar,instrument
15000,43,square,waveform
250,43,sawtooth,waveform
250,43,flute,instrument
250,43,trombone,instrument
4000,43,square,waveform
4000,43,flute,instrument
4000,43,triangle,waveform
50,43,violin,instrument
50,43,trumpet,instrument
50,43,organ,instrument
500,43,oboe,instrument
500,43,electric_keyboard,instrument
500,43,voice,instrument
60000,43,oboe,instrument
60000,43,guitar,instrument
60000,43,trumpet,instrument
1000,48,square,waveform
1000,48,electric_keyboard,instrument
1000,48,flute,instrument
15000,48,electric_keyboard,instrument
15000,48,organ,instrument
15000,48,violin,instrument
250,48,trumpet,instrument
250,48,synth_pad,instrument
250,48,flute,instrument
4000,48,clarinet,instrument
4000,48,sawtooth,waveform
4000,48,flute,instrument
50,48,sawtooth,waveform
50,48,clarinet,instrument
50,48,violin,instrument
500,48,trumpet,instrument
500,48,square,waveform
500,48,guitar,instrument
60000,48,voice,instrument
60000,48,clarinet,instrument
60000,48,guitar,instrument
1000,54,bass,instrument
1000,54,violin,instrument
1000,54,organ,instrument
15000,54,piano,instrument
15000,54,trumpet,instrument
15000,54,voice,instrument
250,54,flute,instrument
250,54,synth_pad,instrument
250,54,trumpet,instrument
4000,54,voice,instrument
4000,54,cello,instrument
4000,54,violin,instrument
50,54,oboe,instrument
50,54,flute,instrument
50,54,piano,instrument
500,54,synth_lead,instrument
500,54,bass,instrument
500,54,square,waveform
60000,54,sawtooth,waveform
60000,54,triangle,waveform
60000,54,piano,instrument
1000,60,electric_keyboard,instrument
1000,60,cello,instrument
1000,60,square,waveform
15000,60,violin,instrument
15000,60,voice,instrument
15000,60,organ,instrument
250,60,synth_lead,instrument
250,60,trumpet,instrument
250,60,sine,waveform
4000,60,triangle,waveform
4000,60,synth_pad,instrument
4000,60,trumpet,instrument
50,60,clarinet,instrument
50,60,triangle,waveform
50,60,trombone,instrument
500,60,cello,instrument
500,60,electric_keyboard,instrument
500,60,organ,instrument
60000,60,sine,waveform
60000,60,trumpet,instrument
60000,60,synth_lead,instrument
1000,64,electric_keyboard,instrument
1000,64,synth_lead,instrument
1000,64,triangle,waveform
15000,64,trombone,instrument
15000,64,synth_lead,instrument
15000,64,guitar,instrument
250,64,piano,instrument
250,64,oboe,instrument
250,64,electric_keyboard,instrument
4000,64,synth_pad,instrument
4000,64,synth_lead,instrument
4000,64,sine,waveform
50,64,clarinet,instrument
50,64,bass,instrument
50,64,sine,waveform
500,64,triangle,waveform
500,64,oboe,instrument
500,64,trombone,instrument
60000,64,flute,instrument
60000,64,sawtooth,waveform
60000,64,voice,instrument
1000,69,voice,instrument
1000,69,square,waveform
1000,69,synth_pad,instrument
15000,69,bass,instrument
15000,69,square,waveform
15000,69,piano,instrument
250,69,piano,instrument
250,69,bass,instrument
250,69,electric_keyboard,instrument
4000,69,trumpet,instrument
4000,69,synth_lead,instrument
4000,69,cello,instrument
50,69,guitar,instrument
50,69,synth_pad,instrument
50,69,voice,instrument
500,69,trombone,instrument
500,69,violin,instrument
500,69,oboe,instrument
60000,69,organ,instrument
60000,69,synth_lead,instrument
60000,69,voice,instrument
1000,79,triangle,waveform
1000,79,flute,instrument
1000,79,synth_pad,instrument
15000,79,square,waveform
15000,79,clarinet,instrument
15000,79,sine,waveform
250,79,voice,instrument
250,79,synth_pad,instrument
250,79,flute,instrument
4000,79,voice,instrument
4000,79,flute,instrument
4000,79,sine,waveform
50,79,square,waveform
50,79,sawtooth,waveform
50,79,flute,instrument
500,79,square,waveform
500,79,sawtooth,waveform
500,79,clarinet,instrument
60000,79,square,waveform
60000,79,synth_lead,instrument
60000,79,flute,instrument
1000,88,trumpet,instrument
1000,88,bass,instrument
1000,88,guitar,instrument
15000,88,synth_pad,instrument
15000,88,piano,instrument
15000,88,bass,instrument
250,88,flute,instrument
250,88,bass,instrument
250,88,cello,instrument
4000,88,guitar,instrument
4000,88,triangle,waveform
4000,88,synth_pad,instrument
50,88,cello,instrument
50,88,oboe,instrument
50,88,voice,instrument
500,88,cello,instrument
500,88,organ,instrument
500,88,sawtooth,waveform
60000,88,triangle,waveform
60000,88,sawtooth,waveform
60000,88,violin,instrument
