duration_ms,source,same_instrument,chord_quality,root_midi,midi_set,note_set,n,trial,raw_response,count_pred,count_correct,off_by,source_type,audio_url,audio_file,prompt_main
5000,organ,False,random_set,68,[68],G#4,1,0,2,2,0,1,instrument,data/audio/pitchbench_c2_chord_pitch_count/Gs4_organ_chord_5000ms.wav,Gs4_organ_chord_5000ms.wav,Listen to this audio. How many distinct musical pitches are sounding at the same time? Reply with ONLY a single integer. Nothing else. Output only the answer.
1000,square,True,random_set,31,[31],G1,1,2,2,2,0,1,waveform,data/audio/pitchbench_c2_chord_pitch_count/G1_square_chord_1000ms.wav,G1_square_chord_1000ms.wav,Listen to this audio. How many distinct musical pitches are sounding at the same time? Reply with ONLY a single integer. Nothing else. Output only the answer.
5000,sine,True,random_set,68,[68],G#4,1,0,2,2,0,1,waveform,data/audio/pitchbench_c2_chord_pitch_count/Gs4_sine_chord_5000ms.wav,Gs4_sine_chord_5000ms.wav,Listen to this audio. How many distinct musical pitches are sounding at the same time? Reply with ONLY a single integer. Nothing else. Output only the answer.
5000,trombone,False,random_set,55,[55],G3,1,1,1,1,1,0,instrument,data/audio/pitchbench_c2_chord_pitch_count/G3_trombone_chord_5000ms.wav,G3_trombone_chord_5000ms.wav,Listen to this audio. How many distinct musical pitches are sounding at the same time? Reply with ONLY a single integer. Nothing else. Output only the answer.
5000,electric_keyboard,True,random_set,31,[31],G1,1,2,2,2,0,1,instrument,data/audio/pitchbench_c2_chord_pitch_count/G1_electric_keyboard_chord_5000ms.wav,G1_electric_keyboard_chord_5000ms.wav,Listen to this audio. How many distinct musical pitches are sounding at the same time? Reply with ONLY a single integer. Nothing else. Output only the answer.
1000,electric_keyboard,True,random_set,50,"[50, 65]","D3, F4",2,1,2,2,1,0,instrument,data/audio/pitchbench_c2_chord_pitch_count/D3+F4_electric_keyboard_chord_1000ms.wav,D3+F4_electric_keyboard_chord_1000ms.wav,Listen to this audio. How many distinct musical pitches are sounding at the same time? Reply with ONLY a single integer. Nothing else. Output only the answer.
5000,piano+violin,False,random_set,50,"[50, 65]","D3, F4",2,1,1,1,0,1,instrument,data/audio/pitchbench_c2_chord_pitch_count/D3+F4_piano-violin_chord_5000ms.wav,D3+F4_piano-violin_chord_5000ms.wav,Listen to this audio. How many distinct musical pitches are sounding at the same time? Reply with ONLY a single integer. Nothing else. Output only the answer.
5000,clarinet+synth_lead,False,random_set,76,"[76, 88]","E5, E6",2,2,2,2,1,0,instrument,data/audio/pitchbench_c2_chord_pitch_count/E5+E6_clarinet-synth_lead_chord_5000ms.wav,E5+E6_clarinet-synth_lead_chord_5000ms.wav,Listen to this audio. How many distinct musical pitches are sounding at the same time? Reply with ONLY a single integer. Nothing else. Output only the answer.
5000,bass,True,random_set,50,"[50, 65]","D3, F4",2,1,2,2,1,0,instrument,data/audio/pitchbench_c2_chord_pitch_count/D3+F4_bass_chord_5000ms.wav,D3+F4_bass_chord_5000ms.wav,Listen to this audio. How many distinct musical pitches are sounding at the same time? Reply with ONLY a single integer. Nothing else. Output only the answer.
1000,square,True,random_set,50,"[50, 65]","D3, F4",2,1,2,2,1,0,waveform,data/audio/pitchbench_c2_chord_pitch_count/D3+F4_square_chord_1000ms.wav,D3+F4_square_chord_1000ms.wav,Listen to this audio. How many distinct musical pitches are sounding at the same time? Reply with ONLY a single integer. Nothing else. Output only the answer.
1000,synth_pad,True,augmented,64,"[64, 68, 72]","E4, G#4, C5",3,0,2,2,0,1,instrument,data/audio/pitchbench_c2_chord_pitch_count/E4+Gs4+C5_synth_pad_chord_1000ms.wav,E4+Gs4+C5_synth_pad_chord_1000ms.wav,Listen to this audio. How many distinct musical pitches are sounding at the same time? Reply with ONLY a single integer. Nothing else. Output only the answer.
5000,voice,True,augmented,88,"[88, 92, 96]","E6, G#6, C7",3,0,2,2,0,1,instrument,data/audio/pitchbench_c2_chord_pitch_count/E6+Gs6+C7_voice_chord_5000ms.wav,E6+Gs6+C7_voice_chord_5000ms.wav,Listen to this audio. How many distinct musical pitches are sounding at the same time? Reply with ONLY a single integer. Nothing else. Output only the answer.
5000,cello,True,augmented,88,"[88, 92, 96]","E6, G#6, C7",3,0,2,2,0,1,instrument,data/audio/pitchbench_c2_chord_pitch_count/E6+Gs6+C7_cello_chord_5000ms.wav,E6+Gs6+C7_cello_chord_5000ms.wav,Listen to this audio. How many distinct musical pitches are sounding at the same time? Reply with ONLY a single integer. Nothing else. Output only the answer.
1000,square+piano+clarinet,False,augmented,54,"[54, 58, 62]","F#3, A#3, D4",3,0,2,2,0,1,instrument,data/audio/pitchbench_c2_chord_pitch_count/Fs3+As3+D4_square-piano-clarinet_chord_1000ms.wav,Fs3+As3+D4_square-piano-clarinet_chord_1000ms.wav,Listen to this audio. How many distinct musical pitches are sounding at the same time? Reply with ONLY a single integer. Nothing else. Output only the answer.
1000,bass,True,augmented,43,"[43, 47, 51]","G2, B2, D#3",3,0,2,2,0,1,instrument,data/audio/pitchbench_c2_chord_pitch_count/G2+B2+Ds3_bass_chord_1000ms.wav,G2+B2+Ds3_bass_chord_1000ms.wav,Listen to this audio. How many distinct musical pitches are sounding at the same time? Reply with ONLY a single integer. Nothing else. Output only the answer.
5000,clarinet,True,diminished,64,"[64, 67, 70]","E4, G4, A#4",3,0,2,2,0,1,instrument,data/audio/pitchbench_c2_chord_pitch_count/E4+G4+As4_clarinet_chord_5000ms.wav,E4+G4+As4_clarinet_chord_5000ms.wav,Listen to this audio. How many distinct musical pitches are sounding at the same time? Reply with ONLY a single integer. Nothing else. Output only the answer.
5000,sine,True,diminished,64,"[64, 67, 70]","E4, G4, A#4",3,0,2,2,0,1,waveform,data/audio/pitchbench_c2_chord_pitch_count/E4+G4+As4_sine_chord_5000ms.wav,E4+G4+As4_sine_chord_5000ms.wav,Listen to this audio. How many distinct musical pitches are sounding at the same time? Reply with ONLY a single integer. Nothing else. Output only the answer.
5000,sine,True,diminished,60,"[60, 63, 66]","C4, D#4, F#4",3,0,2,2,0,1,waveform,data/audio/pitchbench_c2_chord_pitch_count/C4+Ds4+Fs4_sine_chord_5000ms.wav,C4+Ds4+Fs4_sine_chord_5000ms.wav,Listen to this audio. How many distinct musical pitches are sounding at the same time? Reply with ONLY a single integer. Nothing else. Output only the answer.
1000,oboe+violin+organ,False,diminished,69,"[69, 72, 75]","A4, C5, D#5",3,0,2,2,0,1,instrument,data/audio/pitchbench_c2_chord_pitch_count/A4+C5+Ds5_oboe-violin-organ_chord_1000ms.wav,A4+C5+Ds5_oboe-violin-organ_chord_1000ms.wav,Listen to this audio. How many distinct musical pitches are sounding at the same time? Reply with ONLY a single integer. Nothing else. Output only the answer.
5000,electric_keyboard+violin+synth_pad,False,diminished,36,"[36, 39, 42]","C2, D#2, F#2",3,0,2,2,0,1,instrument,data/audio/pitchbench_c2_chord_pitch_count/C2+Ds2+Fs2_electric_keyboard-violin-synth_pad_chord_5000ms.wav,C2+Ds2+Fs2_electric_keyboard-violin-synth_pad_chord_5000ms.wav,Listen to this audio. How many distinct musical pitches are sounding at the same time? Reply with ONLY a single integer. Nothing else. Output only the answer.
5000,electric_keyboard,True,major,88,"[88, 92, 95]","E6, G#6, B6",3,0,2,2,0,1,instrument,data/audio/pitchbench_c2_chord_pitch_count/E6+Gs6+B6_electric_keyboard_chord_5000ms.wav,E6+Gs6+B6_electric_keyboard_chord_5000ms.wav,Listen to this audio. How many distinct musical pitches are sounding at the same time? Reply with ONLY a single integer. Nothing else. Output only the answer.
5000,trombone+trumpet+sawtooth,False,major,79,"[79, 83, 86]","G5, B5, D6",3,0,2,2,0,1,instrument,data/audio/pitchbench_c2_chord_pitch_count/G5+B5+D6_trombone-trumpet-sawtooth_chord_5000ms.wav,G5+B5+D6_trombone-trumpet-sawtooth_chord_5000ms.wav,Listen to this audio. How many distinct musical pitches are sounding at the same time? Reply with ONLY a single integer. Nothing else. Output only the answer.
1000,bass,True,major,79,"[79, 83, 86]","G5, B5, D6",3,0,2,2,0,1,instrument,data/audio/pitchbench_c2_chord_pitch_count/G5+B5+D6_bass_chord_1000ms.wav,G5+B5+D6_bass_chord_1000ms.wav,Listen to this audio. How many distinct musical pitches are sounding at the same time? Reply with ONLY a single integer. Nothing else. Output only the answer.
5000,trumpet+flute+triangle,False,major,48,"[48, 52, 55]","C3, E3, G3",3,0,1,1,0,2,instrument,data/audio/pitchbench_c2_chord_pitch_count/C3+E3+G3_trumpet-flute-triangle_chord_5000ms.wav,C3+E3+G3_trumpet-flute-triangle_chord_5000ms.wav,Listen to this audio. How many distinct musical pitches are sounding at the same time? Reply with ONLY a single integer. Nothing else. Output only the answer.
1000,organ,True,major,69,"[69, 73, 76]","A4, C#5, E5",3,0,2,2,0,1,instrument,data/audio/pitchbench_c2_chord_pitch_count/A4+Cs5+E5_organ_chord_1000ms.wav,A4+Cs5+E5_organ_chord_1000ms.wav,Listen to this audio. How many distinct musical pitches are sounding at the same time? Reply with ONLY a single integer. Nothing else. Output only the answer.
1000,electric_keyboard+violin+synth_pad,False,minor,36,"[36, 39, 43]","C2, D#2, G2",3,0,2,2,0,1,instrument,data/audio/pitchbench_c2_chord_pitch_count/C2+Ds2+G2_electric_keyboard-violin-synth_pad_chord_1000ms.wav,C2+Ds2+G2_electric_keyboard-violin-synth_pad_chord_1000ms.wav,Listen to this audio. How many distinct musical pitches are sounding at the same time? Reply with ONLY a single integer. Nothing else. Output only the answer.
1000,bass+voice+oboe,False,minor,64,"[64, 67, 71]","E4, G4, B4",3,0,2,2,0,1,instrument,data/audio/pitchbench_c2_chord_pitch_count/E4+G4+B4_bass-voice-oboe_chord_1000ms.wav,E4+G4+B4_bass-voice-oboe_chord_1000ms.wav,Listen to this audio. How many distinct musical pitches are sounding at the same time? Reply with ONLY a single integer. Nothing else. Output only the answer.
5000,square+sine+synth_pad,False,minor,43,"[43, 46, 50]","G2, A#2, D3",3,0,2,2,0,1,instrument,data/audio/pitchbench_c2_chord_pitch_count/G2+As2+D3_square-sine-synth_pad_chord_5000ms.wav,G2+As2+D3_square-sine-synth_pad_chord_5000ms.wav,Listen to this audio. How many distinct musical pitches are sounding at the same time? Reply with ONLY a single integer. Nothing else. Output only the answer.
5000,synth_pad,True,minor,88,"[88, 91, 95]","E6, G6, B6",3,0,2,2,0,1,instrument,data/audio/pitchbench_c2_chord_pitch_count/E6+G6+B6_synth_pad_chord_5000ms.wav,E6+G6+B6_synth_pad_chord_5000ms.wav,Listen to this audio. How many distinct musical pitches are sounding at the same time? Reply with ONLY a single integer. Nothing else. Output only the answer.
5000,cello,True,minor,88,"[88, 91, 95]","E6, G6, B6",3,0,2,2,0,1,instrument,data/audio/pitchbench_c2_chord_pitch_count/E6+G6+B6_cello_chord_5000ms.wav,E6+G6+B6_cello_chord_5000ms.wav,Listen to this audio. How many distinct musical pitches are sounding at the same time? Reply with ONLY a single integer. Nothing else. Output only the answer.
5000,guitar+violin+organ,False,random_set,35,"[35, 56, 58]","B1, G#3, A#3",3,2,2,2,0,1,instrument,data/audio/pitchbench_c2_chord_pitch_count/B1+Gs3+As3_guitar-violin-organ_chord_5000ms.wav,B1+Gs3+As3_guitar-violin-organ_chord_5000ms.wav,Listen to this audio. How many distinct musical pitches are sounding at the same time? Reply with ONLY a single integer. Nothing else. Output only the answer.
5000,piano,True,random_set,54,"[54, 59, 72]","F#3, B3, C5",3,1,1,1,0,2,instrument,data/audio/pitchbench_c2_chord_pitch_count/Fs3+B3+C5_piano_chord_5000ms.wav,Fs3+B3+C5_piano_chord_5000ms.wav,Listen to this audio. How many distinct musical pitches are sounding at the same time? Reply with ONLY a single integer. Nothing else. Output only the answer.
5000,trombone,True,random_set,31,"[31, 62, 73]","G1, D4, C#5",3,0,3,3,1,0,instrument,data/audio/pitchbench_c2_chord_pitch_count/G1+D4+Cs5_trombone_chord_5000ms.wav,G1+D4+Cs5_trombone_chord_5000ms.wav,Listen to this audio. How many distinct musical pitches are sounding at the same time? Reply with ONLY a single integer. Nothing else. Output only the answer.
5000,violin,True,random_set,31,"[31, 62, 73]","G1, D4, C#5",3,0,1,1,0,2,instrument,data/audio/pitchbench_c2_chord_pitch_count/G1+D4+Cs5_violin_chord_5000ms.wav,G1+D4+Cs5_violin_chord_5000ms.wav,Listen to this audio. How many distinct musical pitches are sounding at the same time? Reply with ONLY a single integer. Nothing else. Output only the answer.
5000,guitar+violin+organ,False,random_set,35,"[35, 56, 58]","B1, G#3, A#3",3,2,2,2,0,1,instrument,data/audio/pitchbench_c2_chord_pitch_count/B1+Gs3+As3_guitar-violin-organ_chord_5000ms.wav,B1+Gs3+As3_guitar-violin-organ_chord_5000ms.wav,Listen to this audio. How many distinct musical pitches are sounding at the same time? Reply with ONLY a single integer. Nothing else. Output only the answer.
1000,sine,True,sus2,48,"[48, 50, 55]","C3, D3, G3",3,0,2,2,0,1,waveform,data/audio/pitchbench_c2_chord_pitch_count/C3+D3+G3_sine_chord_1000ms.wav,C3+D3+G3_sine_chord_1000ms.wav,Listen to this audio. How many distinct musical pitches are sounding at the same time? Reply with ONLY a single integer. Nothing else. Output only the answer.
1000,electric_keyboard+violin+synth_pad,False,sus2,36,"[36, 38, 43]","C2, D2, G2",3,0,2,2,0,1,instrument,data/audio/pitchbench_c2_chord_pitch_count/C2+D2+G2_electric_keyboard-violin-synth_pad_chord_1000ms.wav,C2+D2+G2_electric_keyboard-violin-synth_pad_chord_1000ms.wav,Listen to this audio. How many distinct musical pitches are sounding at the same time? Reply with ONLY a single integer. Nothing else. Output only the answer.
5000,synth_pad,True,sus2,69,"[69, 71, 76]","A4, B4, E5",3,0,2,2,0,1,instrument,data/audio/pitchbench_c2_chord_pitch_count/A4+B4+E5_synth_pad_chord_5000ms.wav,A4+B4+E5_synth_pad_chord_5000ms.wav,Listen to this audio. How many distinct musical pitches are sounding at the same time? Reply with ONLY a single integer. Nothing else. Output only the answer.
5000,clarinet,True,sus2,64,"[64, 66, 71]","E4, F#4, B4",3,0,2,2,0,1,instrument,data/audio/pitchbench_c2_chord_pitch_count/E4+Fs4+B4_clarinet_chord_5000ms.wav,E4+Fs4+B4_clarinet_chord_5000ms.wav,Listen to this audio. How many distinct musical pitches are sounding at the same time? Reply with ONLY a single integer. Nothing else. Output only the answer.
5000,trumpet,True,sus2,54,"[54, 56, 61]","F#3, G#3, C#4",3,0,3,3,1,0,instrument,data/audio/pitchbench_c2_chord_pitch_count/Fs3+Gs3+Cs4_trumpet_chord_5000ms.wav,Fs3+Gs3+Cs4_trumpet_chord_5000ms.wav,Listen to this audio. How many distinct musical pitches are sounding at the same time? Reply with ONLY a single integer. Nothing else. Output only the answer.
1000,flute,True,sus4,43,"[43, 48, 50]","G2, C3, D3",3,0,2,2,0,1,instrument,data/audio/pitchbench_c2_chord_pitch_count/G2+C3+D3_flute_chord_1000ms.wav,G2+C3+D3_flute_chord_1000ms.wav,Listen to this audio. How many distinct musical pitches are sounding at the same time? Reply with ONLY a single integer. Nothing else. Output only the answer.
5000,cello+triangle+square,False,sus4,88,"[88, 93, 95]","E6, A6, B6",3,0,2,2,0,1,instrument,data/audio/pitchbench_c2_chord_pitch_count/E6+A6+B6_cello-triangle-square_chord_5000ms.wav,E6+A6+B6_cello-triangle-square_chord_5000ms.wav,Listen to this audio. How many distinct musical pitches are sounding at the same time? Reply with ONLY a single integer. Nothing else. Output only the answer.
5000,electric_keyboard,True,sus4,30,"[30, 35, 37]","F#1, B1, C#2",3,0,2,2,0,1,instrument,data/audio/pitchbench_c2_chord_pitch_count/Fs1+B1+Cs2_electric_keyboard_chord_5000ms.wav,Fs1+B1+Cs2_electric_keyboard_chord_5000ms.wav,Listen to this audio. How many distinct musical pitches are sounding at the same time? Reply with ONLY a single integer. Nothing else. Output only the answer.
5000,trumpet,True,sus4,43,"[43, 48, 50]","G2, C3, D3",3,0,1,1,0,2,instrument,data/audio/pitchbench_c2_chord_pitch_count/G2+C3+D3_trumpet_chord_5000ms.wav,G2+C3+D3_trumpet_chord_5000ms.wav,Listen to this audio. How many distinct musical pitches are sounding at the same time? Reply with ONLY a single integer. Nothing else. Output only the answer.
5000,square,True,sus4,43,"[43, 48, 50]","G2, C3, D3",3,0,3,3,1,0,waveform,data/audio/pitchbench_c2_chord_pitch_count/G2+C3+D3_square_chord_5000ms.wav,G2+C3+D3_square_chord_5000ms.wav,Listen to this audio. How many distinct musical pitches are sounding at the same time? Reply with ONLY a single integer. Nothing else. Output only the answer.
5000,square,True,dom7,43,"[43, 47, 50, 53]","G2, B2, D3, F3",4,0,2,2,0,2,waveform,data/audio/pitchbench_c2_chord_pitch_count/G2+B2+D3+F3_square_chord_5000ms.wav,G2+B2+D3+F3_square_chord_5000ms.wav,Listen to this audio. How many distinct musical pitches are sounding at the same time? Reply with ONLY a single integer. Nothing else. Output only the answer.
5000,flute+cello+synth_pad+guitar,False,dom7,60,"[60, 64, 67, 70]","C4, E4, G4, A#4",4,0,2,2,0,2,instrument,data/audio/pitchbench_c2_chord_pitch_count/C4+E4+G4+As4_flute-cello-synth_pad-guitar_chord_5000ms.wav,C4+E4+G4+As4_flute-cello-synth_pad-guitar_chord_5000ms.wav,Listen to this audio. How many distinct musical pitches are sounding at the same time? Reply with ONLY a single integer. Nothing else. Output only the answer.
5000,organ+clarinet+cello+voice,False,dom7,54,"[54, 58, 61, 64]","F#3, A#3, C#4, E4",4,0,2,2,0,2,instrument,data/audio/pitchbench_c2_chord_pitch_count/Fs3+As3+Cs4+E4_organ-clarinet-cello-voice_chord_5000ms.wav,Fs3+As3+Cs4+E4_organ-clarinet-cello-voice_chord_5000ms.wav,Listen to this audio. How many distinct musical pitches are sounding at the same time? Reply with ONLY a single integer. Nothing else. Output only the answer.
1000,sawtooth+oboe+flute+bass,False,dom7,48,"[48, 52, 55, 58]","C3, E3, G3, A#3",4,0,2,2,0,2,instrument,data/audio/pitchbench_c2_chord_pitch_count/C3+E3+G3+As3_sawtooth-oboe-flute-bass_chord_1000ms.wav,C3+E3+G3+As3_sawtooth-oboe-flute-bass_chord_1000ms.wav,Listen to this audio. How many distinct musical pitches are sounding at the same time? Reply with ONLY a single integer. Nothing else. Output only the answer.
5000,trombone,True,dom7,60,"[60, 64, 67, 70]","C4, E4, G4, A#4",4,0,3,3,0,1,instrument,data/audio/pitchbench_c2_chord_pitch_count/C4+E4+G4+As4_trombone_chord_5000ms.wav,C4+E4+G4+As4_trombone_chord_5000ms.wav,Listen to this audio. How many distinct musical pitches are sounding at the same time? Reply with ONLY a single integer. Nothing else. Output only the answer.
1000,synth_pad,True,m7b5,48,"[48, 51, 54, 58]","C3, D#3, F#3, A#3",4,0,2,2,0,2,instrument,data/audio/pitchbench_c2_chord_pitch_count/C3+Ds3+Fs3+As3_synth_pad_chord_1000ms.wav,C3+Ds3+Fs3+As3_synth_pad_chord_1000ms.wav,Listen to this audio. How many distinct musical pitches are sounding at the same time? Reply with ONLY a single integer. Nothing else. Output only the answer.
5000,flute,True,m7b5,30,"[30, 33, 36, 40]","F#1, A1, C2, E2",4,0,2,2,0,2,instrument,data/audio/pitchbench_c2_chord_pitch_count/Fs1+A1+C2+E2_flute_chord_5000ms.wav,Fs1+A1+C2+E2_flute_chord_5000ms.wav,Listen to this audio. How many distinct musical pitches are sounding at the same time? Reply with ONLY a single integer. Nothing else. Output only the answer.
1000,sawtooth,True,m7b5,54,"[54, 57, 60, 64]","F#3, A3, C4, E4",4,0,2,2,0,2,waveform,data/audio/pitchbench_c2_chord_pitch_count/Fs3+A3+C4+E4_sawtooth_chord_1000ms.wav,Fs3+A3+C4+E4_sawtooth_chord_1000ms.wav,Listen to this audio. How many distinct musical pitches are sounding at the same time? Reply with ONLY a single integer. Nothing else. Output only the answer.
1000,cello,True,m7b5,36,"[36, 39, 42, 46]","C2, D#2, F#2, A#2",4,0,2,2,0,2,instrument,data/audio/pitchbench_c2_chord_pitch_count/C2+Ds2+Fs2+As2_cello_chord_1000ms.wav,C2+Ds2+Fs2+As2_cello_chord_1000ms.wav,Listen to this audio. How many distinct musical pitches are sounding at the same time? Reply with ONLY a single integer. Nothing else. Output only the answer.
1000,organ+clarinet+cello+voice,False,m7b5,54,"[54, 57, 60, 64]","F#3, A3, C4, E4",4,0,2,2,0,2,instrument,data/audio/pitchbench_c2_chord_pitch_count/Fs3+A3+C4+E4_organ-clarinet-cello-voice_chord_1000ms.wav,Fs3+A3+C4+E4_organ-clarinet-cello-voice_chord_1000ms.wav,Listen to this audio. How many distinct musical pitches are sounding at the same time? Reply with ONLY a single integer. Nothing else. Output only the answer.
5000,sine+synth_lead+synth_pad+organ,False,maj7,30,"[30, 34, 37, 41]","F#1, A#1, C#2, F2",4,0,2,2,0,2,instrument,data/audio/pitchbench_c2_chord_pitch_count/Fs1+As1+Cs2+F2_sine-synth_lead-synth_pad-organ_chord_5000ms.wav,Fs1+As1+Cs2+F2_sine-synth_lead-synth_pad-organ_chord_5000ms.wav,Listen to this audio. How many distinct musical pitches are sounding at the same time? Reply with ONLY a single integer. Nothing else. Output only the answer.
5000,organ+clarinet+cello+voice,False,maj7,54,"[54, 58, 61, 65]","F#3, A#3, C#4, F4",4,0,3,3,0,1,instrument,data/audio/pitchbench_c2_chord_pitch_count/Fs3+As3+Cs4+F4_organ-clarinet-cello-voice_chord_5000ms.wav,Fs3+As3+Cs4+F4_organ-clarinet-cello-voice_chord_5000ms.wav,Listen to this audio. How many distinct musical pitches are sounding at the same time? Reply with ONLY a single integer. Nothing else. Output only the answer.
1000,square,True,maj7,54,"[54, 58, 61, 65]","F#3, A#3, C#4, F4",4,0,2,2,0,2,waveform,data/audio/pitchbench_c2_chord_pitch_count/Fs3+As3+Cs4+F4_square_chord_1000ms.wav,Fs3+As3+Cs4+F4_square_chord_1000ms.wav,Listen to this audio. How many distinct musical pitches are sounding at the same time? Reply with ONLY a single integer. Nothing else. Output only the answer.
5000,sawtooth+oboe+flute+bass,False,maj7,48,"[48, 52, 55, 59]","C3, E3, G3, B3",4,0,2,2,0,2,instrument,data/audio/pitchbench_c2_chord_pitch_count/C3+E3+G3+B3_sawtooth-oboe-flute-bass_chord_5000ms.wav,C3+E3+G3+B3_sawtooth-oboe-flute-bass_chord_5000ms.wav,Listen to this audio. How many distinct musical pitches are sounding at the same time? Reply with ONLY a single integer. Nothing else. Output only the answer.
1000,trumpet,True,maj7,64,"[64, 68, 71, 75]","E4, G#4, B4, D#5",4,0,2,2,0,2,instrument,data/audio/pitchbench_c2_chord_pitch_count/E4+Gs4+B4+Ds5_trumpet_chord_1000ms.wav,E4+Gs4+B4+Ds5_trumpet_chord_1000ms.wav,Listen to this audio. How many distinct musical pitches are sounding at the same time? Reply with ONLY a single integer. Nothing else. Output only the answer.
5000,synth_lead+bass+oboe+electric_keyboard,False,min7,64,"[64, 67, 71, 74]","E4, G4, B4, D5",4,0,2,2,0,2,instrument,data/audio/pitchbench_c2_chord_pitch_count/E4+G4+B4+D5_synth_lead-bass-oboe-electric_keyboard_chord_5000ms.wav,E4+G4+B4+D5_synth_lead-bass-oboe-electric_keyboard_chord_5000ms.wav,Listen to this audio. How many distinct musical pitches are sounding at the same time? Reply with ONLY a single integer. Nothing else. Output only the answer.
5000,organ+clarinet+electric_keyboard+sawtooth,False,min7,36,"[36, 39, 43, 46]","C2, D#2, G2, A#2",4,0,2,2,0,2,instrument,data/audio/pitchbench_c2_chord_pitch_count/C2+Ds2+G2+As2_organ-clarinet-electric_keyboard-sawtooth_chord_5000ms.wav,C2+Ds2+G2+As2_organ-clarinet-electric_keyboard-sawtooth_chord_5000ms.wav,Listen to this audio. How many distinct musical pitches are sounding at the same time? Reply with ONLY a single integer. Nothing else. Output only the answer.
1000,clarinet,True,min7,60,"[60, 63, 67, 70]","C4, D#4, G4, A#4",4,0,2,2,0,2,instrument,data/audio/pitchbench_c2_chord_pitch_count/C4+Ds4+G4+As4_clarinet_chord_1000ms.wav,C4+Ds4+G4+As4_clarinet_chord_1000ms.wav,Listen to this audio. How many distinct musical pitches are sounding at the same time? Reply with ONLY a single integer. Nothing else. Output only the answer.
1000,sawtooth+voice+electric_keyboard+sine,False,min7,69,"[69, 72, 76, 79]","A4, C5, E5, G5",4,0,2,2,0,2,instrument,data/audio/pitchbench_c2_chord_pitch_count/A4+C5+E5+G5_sawtooth-voice-electric_keyboard-sine_chord_1000ms.wav,A4+C5+E5+G5_sawtooth-voice-electric_keyboard-sine_chord_1000ms.wav,Listen to this audio. How many distinct musical pitches are sounding at the same time? Reply with ONLY a single integer. Nothing else. Output only the answer.
1000,electric_keyboard,True,min7,79,"[79, 82, 86, 89]","G5, A#5, D6, F6",4,0,2,2,0,2,instrument,data/audio/pitchbench_c2_chord_pitch_count/G5+As5+D6+F6_electric_keyboard_chord_1000ms.wav,G5+As5+D6+F6_electric_keyboard_chord_1000ms.wav,Listen to this audio. How many distinct musical pitches are sounding at the same time? Reply with ONLY a single integer. Nothing else. Output only the answer.
1000,bass,True,random_set,29,"[29, 40, 67, 82]","F1, E2, G4, A#5",4,0,2,2,0,2,instrument,data/audio/pitchbench_c2_chord_pitch_count/F1+E2+G4+As5_bass_chord_1000ms.wav,F1+E2+G4+As5_bass_chord_1000ms.wav,Listen to this audio. How many distinct musical pitches are sounding at the same time? Reply with ONLY a single integer. Nothing else. Output only the answer.
1000,violin+trombone+guitar+oboe,False,random_set,40,"[40, 42, 63, 76]","E2, F#2, D#4, E5",4,2,2,2,0,2,instrument,data/audio/pitchbench_c2_chord_pitch_count/E2+Fs2+Ds4+E5_violin-trombone-guitar-oboe_chord_1000ms.wav,E2+Fs2+Ds4+E5_violin-trombone-guitar-oboe_chord_1000ms.wav,Listen to this audio. How many distinct musical pitches are sounding at the same time? Reply with ONLY a single integer. Nothing else. Output only the answer.
5000,violin+trombone+guitar+oboe,False,random_set,40,"[40, 42, 63, 76]","E2, F#2, D#4, E5",4,2,2,2,0,2,instrument,data/audio/pitchbench_c2_chord_pitch_count/E2+Fs2+Ds4+E5_violin-trombone-guitar-oboe_chord_5000ms.wav,E2+Fs2+Ds4+E5_violin-trombone-guitar-oboe_chord_5000ms.wav,Listen to this audio. How many distinct musical pitches are sounding at the same time? Reply with ONLY a single integer. Nothing else. Output only the answer.
1000,flute+oboe+sawtooth+synth_lead,False,random_set,29,"[29, 40, 67, 82]","F1, E2, G4, A#5",4,0,2,2,0,2,instrument,data/audio/pitchbench_c2_chord_pitch_count/F1+E2+G4+As5_flute-oboe-sawtooth-synth_lead_chord_1000ms.wav,F1+E2+G4+As5_flute-oboe-sawtooth-synth_lead_chord_1000ms.wav,Listen to this audio. How many distinct musical pitches are sounding at the same time? Reply with ONLY a single integer. Nothing else. Output only the answer.
5000,piano,True,random_set,40,"[40, 42, 63, 76]","E2, F#2, D#4, E5",4,2,2,2,0,2,instrument,data/audio/pitchbench_c2_chord_pitch_count/E2+Fs2+Ds4+E5_piano_chord_5000ms.wav,E2+Fs2+Ds4+E5_piano_chord_5000ms.wav,Listen to this audio. How many distinct musical pitches are sounding at the same time? Reply with ONLY a single integer. Nothing else. Output only the answer.
1000,flute+sine+square+electric_keyboard+bass,False,random_set,46,"[46, 53, 78, 79, 84]","A#2, F3, F#5, G5, C6",5,2,2,2,0,3,instrument,data/audio/pitchbench_c2_chord_pitch_count/As2+F3+Fs5+G5+C6_flute-sine-square-electric_keyboard-bass_chord_1000ms.wav,As2+F3+Fs5+G5+C6_flute-sine-square-electric_keyboard-bass_chord_1000ms.wav,Listen to this audio. How many distinct musical pitches are sounding at the same time? Reply with ONLY a single integer. Nothing else. Output only the answer.
1000,guitar,True,random_set,37,"[37, 39, 48, 58, 77]","C#2, D#2, C3, A#3, F5",5,1,2,2,0,3,instrument,data/audio/pitchbench_c2_chord_pitch_count/Cs2+Ds2+C3+As3+F5_guitar_chord_1000ms.wav,Cs2+Ds2+C3+As3+F5_guitar_chord_1000ms.wav,Listen to this audio. How many distinct musical pitches are sounding at the same time? Reply with ONLY a single integer. Nothing else. Output only the answer.
5000,sawtooth,True,random_set,37,"[37, 39, 48, 58, 77]","C#2, D#2, C3, A#3, F5",5,1,2,2,0,3,waveform,data/audio/pitchbench_c2_chord_pitch_count/Cs2+Ds2+C3+As3+F5_sawtooth_chord_5000ms.wav,Cs2+Ds2+C3+As3+F5_sawtooth_chord_5000ms.wav,Listen to this audio. How many distinct musical pitches are sounding at the same time? Reply with ONLY a single integer. Nothing else. Output only the answer.
1000,voice,True,random_set,37,"[37, 39, 48, 58, 77]","C#2, D#2, C3, A#3, F5",5,1,2,2,0,3,instrument,data/audio/pitchbench_c2_chord_pitch_count/Cs2+Ds2+C3+As3+F5_voice_chord_1000ms.wav,Cs2+Ds2+C3+As3+F5_voice_chord_1000ms.wav,Listen to this audio. How many distinct musical pitches are sounding at the same time? Reply with ONLY a single integer. Nothing else. Output only the answer.
5000,flute+sine+square+electric_keyboard+bass,False,random_set,46,"[46, 53, 78, 79, 84]","A#2, F3, F#5, G5, C6",5,2,2,2,0,3,instrument,data/audio/pitchbench_c2_chord_pitch_count/As2+F3+Fs5+G5+C6_flute-sine-square-electric_keyboard-bass_chord_5000ms.wav,As2+F3+Fs5+G5+C6_flute-sine-square-electric_keyboard-bass_chord_5000ms.wav,Listen to this audio. How many distinct musical pitches are sounding at the same time? Reply with ONLY a single integer. Nothing else. Output only the answer.
1000,oboe+guitar+synth_pad+electric_keyboard+sawtooth+bass,False,random_set,37,"[37, 47, 53, 58, 60, 67]","C#2, B2, F3, A#3, C4, G4",6,2,2,2,0,4,instrument,data/audio/pitchbench_c2_chord_pitch_count/Cs2+B2+F3+As3+C4+G4_oboe-guitar-synth_pad-electric_keyboard-sawtooth-bass_chord_1000ms.wav,Cs2+B2+F3+As3+C4+G4_oboe-guitar-synth_pad-electric_keyboard-sawtooth-bass_chord_1000ms.wav,Listen to this audio. How many distinct musical pitches are sounding at the same time? Reply with ONLY a single integer. Nothing else. Output only the answer.
1000,violin+synth_pad+oboe+guitar+organ+clarinet,False,random_set,51,"[51, 55, 59, 73, 74, 82]","D#3, G3, B3, C#5, D5, A#5",6,0,2,2,0,4,instrument,data/audio/pitchbench_c2_chord_pitch_count/Ds3+G3+B3+Cs5+D5+As5_violin-synth_pad-oboe-guitar-organ-clarinet_chord_1000ms.wav,Ds3+G3+B3+Cs5+D5+As5_violin-synth_pad-oboe-guitar-organ-clarinet_chord_1000ms.wav,Listen to this audio. How many distinct musical pitches are sounding at the same time? Reply with ONLY a single integer. Nothing else. Output only the answer.
1000,violin+synth_pad+oboe+guitar+organ+clarinet,False,random_set,51,"[51, 55, 59, 73, 74, 82]","D#3, G3, B3, C#5, D5, A#5",6,0,2,2,0,4,instrument,data/audio/pitchbench_c2_chord_pitch_count/Ds3+G3+B3+Cs5+D5+As5_violin-synth_pad-oboe-guitar-organ-clarinet_chord_1000ms.wav,Ds3+G3+B3+Cs5+D5+As5_violin-synth_pad-oboe-guitar-organ-clarinet_chord_1000ms.wav,Listen to this audio. How many distinct musical pitches are sounding at the same time? Reply with ONLY a single integer. Nothing else. Output only the answer.
5000,oboe+guitar+synth_pad+electric_keyboard+sawtooth+bass,False,random_set,37,"[37, 47, 53, 58, 60, 67]","C#2, B2, F3, A#3, C4, G4",6,2,2,2,0,4,instrument,data/audio/pitchbench_c2_chord_pitch_count/Cs2+B2+F3+As3+C4+G4_oboe-guitar-synth_pad-electric_keyboard-sawtooth-bass_chord_5000ms.wav,Cs2+B2+F3+As3+C4+G4_oboe-guitar-synth_pad-electric_keyboard-sawtooth-bass_chord_5000ms.wav,Listen to this audio. How many distinct musical pitches are sounding at the same time? Reply with ONLY a single integer. Nothing else. Output only the answer.
5000,trombone,True,random_set,41,"[41, 45, 57, 63, 66, 75]","F2, A2, A3, D#4, F#4, D#5",6,1,3,3,0,3,instrument,data/audio/pitchbench_c2_chord_pitch_count/F2+A2+A3+Ds4+Fs4+Ds5_trombone_chord_5000ms.wav,F2+A2+A3+Ds4+Fs4+Ds5_trombone_chord_5000ms.wav,Listen to this audio. How many distinct musical pitches are sounding at the same time? Reply with ONLY a single integer. Nothing else. Output only the answer.
