n_notes,rhythm,pitch_pattern,duration_ms,source,source_type,n_gt,n_pred,correct,raw_response,audio_url,audio_file,prompt
3,irregular,varied_pitches,1000,triangle,waveform,6,6,0,"0:00.00, 0:01.50, 0:02.00, 0:03.50, 0:04.00, 0:05.50",data/audio/pitchbench_b5_onset_offset_each/clip_C3@1407+1000-E6@4064+1000-A4@5655+1000_triangle_total60000ms_b5.wav,clip_C3@1407+1000-E6@4064+1000-A4@5655+1000_triangle_total60000ms_b5.wav,"This audio contains a sequence of musical notes separated by silence. List the onset and offset of EVERY note in order, as comma-separated MM:SS.cc timestamps (onset, offset, onset, offset, …). Example for 2 notes: '0:01.20, 0:02.50, 0:03.10, 0:04.00'. Reply with the timestamp list only, ordered chronologically."
3,irregular,varied_pitches,5000,sine,waveform,6,6,0,"0:00.00, 0:02.00, 0:03.00, 0:05.00, 0:06.00, 0:08.00",data/audio/pitchbench_b5_onset_offset_each/clip_C2@1282+5000-G5@8624+5000-Fs3@13975+5000_sine_total60000ms_b5.wav,clip_C2@1282+5000-G5@8624+5000-Fs3@13975+5000_sine_total60000ms_b5.wav,"This audio contains a sequence of musical notes separated by silence. List the onset and offset of EVERY note in order, as comma-separated MM:SS.cc timestamps (onset, offset, onset, offset, …). Example for 2 notes: '0:01.20, 0:02.50, 0:03.10, 0:04.00'. Reply with the timestamp list only, ordered chronologically."
3,irregular,varied_pitches,5000,trumpet,instrument,6,6,0,"0:00.00, 0:02.50, 0:03.00, 0:05.50, 0:06.00, 0:08.50",data/audio/pitchbench_b5_onset_offset_each/clip_Fs3@1902+5000-C4@9307+5000-G5@15297+5000_trumpet_total60000ms_b5.wav,clip_Fs3@1902+5000-C4@9307+5000-G5@15297+5000_trumpet_total60000ms_b5.wav,"This audio contains a sequence of musical notes separated by silence. List the onset and offset of EVERY note in order, as comma-separated MM:SS.cc timestamps (onset, offset, onset, offset, …). Example for 2 notes: '0:01.20, 0:02.50, 0:03.10, 0:04.00'. Reply with the timestamp list only, ordered chronologically."
3,irregular,varied_pitches,5000,flute,instrument,6,6,0,"0:00.00, 0:02.00, 0:03.00, 0:05.00, 0:06.00, 0:08.00",data/audio/pitchbench_b5_onset_offset_each/clip_C3@809+5000-E6@6472+5000-C2@13089+5000_flute_total60000ms_b5.wav,clip_C3@809+5000-E6@6472+5000-C2@13089+5000_flute_total60000ms_b5.wav,"This audio contains a sequence of musical notes separated by silence. List the onset and offset of EVERY note in order, as comma-separated MM:SS.cc timestamps (onset, offset, onset, offset, …). Example for 2 notes: '0:01.20, 0:02.50, 0:03.10, 0:04.00'. Reply with the timestamp list only, ordered chronologically."
3,irregular,fixed_pitch,1000,flute,instrument,6,6,0,"0:00.00, 0:01.50, 0:02.00, 0:03.50, 0:04.00, 0:05.50",data/audio/pitchbench_b5_onset_offset_each/clip_Fs3@1514+1000-Fs3@2947+1000-Fs3@5465+1000_flute_total60000ms_b5.wav,clip_Fs3@1514+1000-Fs3@2947+1000-Fs3@5465+1000_flute_total60000ms_b5.wav,"This audio contains a sequence of musical notes separated by silence. List the onset and offset of EVERY note in order, as comma-separated MM:SS.cc timestamps (onset, offset, onset, offset, …). Example for 2 notes: '0:01.20, 0:02.50, 0:03.10, 0:04.00'. Reply with the timestamp list only, ordered chronologically."
5,irregular,fixed_pitch,5000,piano,instrument,10,8,0,"0:00.00, 0:02.00, 0:03.00, 0:05.00, 0:06.00, 0:08.00, 0:09.00, 0:11.00",data/audio/pitchbench_b5_onset_offset_each/clip_C3@831+5000-C3@7240+5000-C3@14424+5000-C3@20650+5000-C3@27467+5000_piano_total60000ms_b5.wav,clip_C3@831+5000-C3@7240+5000-C3@14424+5000-C3@20650+5000-C3@27467+5000_piano_total60000ms_b5.wav,"This audio contains a sequence of musical notes separated by silence. List the onset and offset of EVERY note in order, as comma-separated MM:SS.cc timestamps (onset, offset, onset, offset, …). Example for 2 notes: '0:01.20, 0:02.50, 0:03.10, 0:04.00'. Reply with the timestamp list only, ordered chronologically."
5,irregular,fixed_pitch,5000,triangle,waveform,10,10,0,"0:00.00, 0:01.50, 0:03.00, 0:04.50, 0:06.00, 0:07.50, 0:09.00, 0:10.50, 0:12.00, 0:13.50",data/audio/pitchbench_b5_onset_offset_each/clip_C2@1337+5000-C2@8489+5000-C2@14949+5000-C2@20652+5000-C2@27336+5000_triangle_total60000ms_b5.wav,clip_C2@1337+5000-C2@8489+5000-C2@14949+5000-C2@20652+5000-C2@27336+5000_triangle_total60000ms_b5.wav,"This audio contains a sequence of musical notes separated by silence. List the onset and offset of EVERY note in order, as comma-separated MM:SS.cc timestamps (onset, offset, onset, offset, …). Example for 2 notes: '0:01.20, 0:02.50, 0:03.10, 0:04.00'. Reply with the timestamp list only, ordered chronologically."
5,irregular,fixed_pitch,5000,synth_pad,instrument,10,8,0,"0:00.00, 0:01.50, 0:02.50, 0:04.00, 0:05.00, 0:06.50, 0:07.50, 0:09.00",data/audio/pitchbench_b5_onset_offset_each/clip_Fs3@1817+5000-Fs3@8962+5000-Fs3@14311+5000-Fs3@20415+5000-Fs3@26971+5000_synth_pad_total60000ms_b5.wav,clip_Fs3@1817+5000-Fs3@8962+5000-Fs3@14311+5000-Fs3@20415+5000-Fs3@26971+5000_synth_pad_total60000ms_b5.wav,"This audio contains a sequence of musical notes separated by silence. List the onset and offset of EVERY note in order, as comma-separated MM:SS.cc timestamps (onset, offset, onset, offset, …). Example for 2 notes: '0:01.20, 0:02.50, 0:03.10, 0:04.00'. Reply with the timestamp list only, ordered chronologically."
5,irregular,varied_pitches,5000,square,waveform,10,10,0,"0:00.00, 0:01.50, 0:02.50, 0:04.00, 0:05.00, 0:06.50, 0:07.50, 0:09.00, 0:10.00, 0:11.50",data/audio/pitchbench_b5_onset_offset_each/clip_C4@1848+5000-E6@7778+5000-G2@13199+5000-Fs1@20100+5000-C3@27343+5000_square_total60000ms_b5.wav,clip_C4@1848+5000-E6@7778+5000-G2@13199+5000-Fs1@20100+5000-C3@27343+5000_square_total60000ms_b5.wav,"This audio contains a sequence of musical notes separated by silence. List the onset and offset of EVERY note in order, as comma-separated MM:SS.cc timestamps (onset, offset, onset, offset, …). Example for 2 notes: '0:01.20, 0:02.50, 0:03.10, 0:04.00'. Reply with the timestamp list only, ordered chronologically."
5,irregular,varied_pitches,5000,voice,instrument,10,8,0,"0:00.00, 0:04.00, 0:05.00, 0:09.00, 0:10.00, 0:14.00, 0:15.00, 0:19.00",data/audio/pitchbench_b5_onset_offset_each/clip_G2@964+5000-E6@7100+5000-G5@13657+5000-Fs1@19480+5000-A4@24984+5000_voice_total60000ms_b5.wav,clip_G2@964+5000-E6@7100+5000-G5@13657+5000-Fs1@19480+5000-A4@24984+5000_voice_total60000ms_b5.wav,"This audio contains a sequence of musical notes separated by silence. List the onset and offset of EVERY note in order, as comma-separated MM:SS.cc timestamps (onset, offset, onset, offset, …). Example for 2 notes: '0:01.20, 0:02.50, 0:03.10, 0:04.00'. Reply with the timestamp list only, ordered chronologically."
8,irregular,varied_pitches,1000,cello,instrument,16,12,0,"0:00.00, 0:01.50, 0:02.00, 0:03.50, 0:04.00, 0:05.50, 0:06.00, 0:07.50, 0:08.00, 0:09.50, 0:10.00, 0:11.50",data/audio/pitchbench_b5_onset_offset_each/clip_A4@382+1000-E6@3147+1000-C3@6129+1000-E4@8379+1000-Fs3@11845+1000-C4@14411+1000-Fs1@16966+1000-G5@18872+1000_cello_total60000ms_b5.wav,clip_A4@382+1000-E6@3147+1000-C3@6129+1000-E4@8379+1000-Fs3@11845+1000-C4@14411+1000-Fs1@16966+1000-G5@18872+1000_cello_total60000ms_b5.wav,"This audio contains a sequence of musical notes separated by silence. List the onset and offset of EVERY note in order, as comma-separated MM:SS.cc timestamps (onset, offset, onset, offset, …). Example for 2 notes: '0:01.20, 0:02.50, 0:03.10, 0:04.00'. Reply with the timestamp list only, ordered chronologically."
8,irregular,fixed_pitch,1000,sawtooth,waveform,16,10,0,"0:00.00, 0:01.00, 0:02.00, 0:03.00, 0:04.00, 0:05.00, 0:06.00, 0:07.00, 0:08.00, 0:09.00",data/audio/pitchbench_b5_onset_offset_each/clip_C3@2040+1000-C3@5268+1000-C3@8688+1000-C3@10417+1000-C3@11749+1000-C3@13141+1000-C3@15528+1000-C3@17955+1000_sawtooth_total60000ms_b5.wav,clip_C3@2040+1000-C3@5268+1000-C3@8688+1000-C3@10417+1000-C3@11749+1000-C3@13141+1000-C3@15528+1000-C3@17955+1000_sawtooth_total60000ms_b5.wav,"This audio contains a sequence of musical notes separated by silence. List the onset and offset of EVERY note in order, as comma-separated MM:SS.cc timestamps (onset, offset, onset, offset, …). Example for 2 notes: '0:01.20, 0:02.50, 0:03.10, 0:04.00'. Reply with the timestamp list only, ordered chronologically."
8,irregular,varied_pitches,5000,sine,waveform,16,10,0,"0:00.50, 0:04.00, 0:05.00, 0:08.50, 0:09.50, 0:13.00, 0:14.00, 0:17.50, 0:18.50, 0:22.00",data/audio/pitchbench_b5_onset_offset_each/clip_G2@2181+5000-E6@7529+5000-G5@14704+5000-Fs3@20218+5000-E4@26165+5000-C3@32669+5000-C4@39476+5000-A4@46050+5000_sine_total60000ms_b5.wav,clip_G2@2181+5000-E6@7529+5000-G5@14704+5000-Fs3@20218+5000-E4@26165+5000-C3@32669+5000-C4@39476+5000-A4@46050+5000_sine_total60000ms_b5.wav,"This audio contains a sequence of musical notes separated by silence. List the onset and offset of EVERY note in order, as comma-separated MM:SS.cc timestamps (onset, offset, onset, offset, …). Example for 2 notes: '0:01.20, 0:02.50, 0:03.10, 0:04.00'. Reply with the timestamp list only, ordered chronologically."
8,irregular,varied_pitches,5000,square,waveform,16,10,0,"0:00.00, 0:02.00, 0:03.00, 0:05.00, 0:06.00, 0:08.00, 0:09.00, 0:11.00, 0:12.00, 0:14.00",data/audio/pitchbench_b5_onset_offset_each/clip_C4@656+5000-C3@6706+5000-G5@12936+5000-Fs3@18855+5000-Fs1@24904+5000-C2@31234+5000-E4@36916+5000-A4@44155+5000_square_total60000ms_b5.wav,clip_C4@656+5000-C3@6706+5000-G5@12936+5000-Fs3@18855+5000-Fs1@24904+5000-C2@31234+5000-E4@36916+5000-A4@44155+5000_square_total60000ms_b5.wav,"This audio contains a sequence of musical notes separated by silence. List the onset and offset of EVERY note in order, as comma-separated MM:SS.cc timestamps (onset, offset, onset, offset, …). Example for 2 notes: '0:01.20, 0:02.50, 0:03.10, 0:04.00'. Reply with the timestamp list only, ordered chronologically."
8,irregular,varied_pitches,5000,guitar,instrument,16,10,0,"0:00.00, 0:01.50, 0:02.50, 0:04.00, 0:05.00, 0:06.50, 0:07.50, 0:09.00, 0:10.00, 0:11.50",data/audio/pitchbench_b5_onset_offset_each/clip_E6@661+5000-A4@7889+5000-Fs3@14567+5000-C3@20986+5000-Fs1@28017+5000-E4@33323+5000-C2@39575+5000-G5@45917+5000_guitar_total60000ms_b5.wav,clip_E6@661+5000-A4@7889+5000-Fs3@14567+5000-C3@20986+5000-Fs1@28017+5000-E4@33323+5000-C2@39575+5000-G5@45917+5000_guitar_total60000ms_b5.wav,"This audio contains a sequence of musical notes separated by silence. List the onset and offset of EVERY note in order, as comma-separated MM:SS.cc timestamps (onset, offset, onset, offset, …). Example for 2 notes: '0:01.20, 0:02.50, 0:03.10, 0:04.00'. Reply with the timestamp list only, ordered chronologically."
3,regular,fixed_pitch,5000,flute,instrument,6,6,0,"0:00.00, 0:02.00, 0:04.00, 0:06.00, 0:08.00, 0:10.00",data/audio/pitchbench_b5_onset_offset_each/clip_C4@11250+5000-C4@27500+5000-C4@43750+5000_flute_total60000ms_b5.wav,clip_C4@11250+5000-C4@27500+5000-C4@43750+5000_flute_total60000ms_b5.wav,"This audio contains a sequence of musical notes separated by silence. List the onset and offset of EVERY note in order, as comma-separated MM:SS.cc timestamps (onset, offset, onset, offset, …). Example for 2 notes: '0:01.20, 0:02.50, 0:03.10, 0:04.00'. Reply with the timestamp list only, ordered chronologically."
3,regular,fixed_pitch,1000,synth_lead,instrument,6,10,0,"0:00.00, 0:01.00, 0:02.00, 0:03.00, 0:04.00, 0:05.00, 0:06.00, 0:07.00, 0:08.00, 0:09.00",data/audio/pitchbench_b5_onset_offset_each/clip_C4@14250+1000-C4@29500+1000-C4@44750+1000_synth_lead_total60000ms_b5.wav,clip_C4@14250+1000-C4@29500+1000-C4@44750+1000_synth_lead_total60000ms_b5.wav,"This audio contains a sequence of musical notes separated by silence. List the onset and offset of EVERY note in order, as comma-separated MM:SS.cc timestamps (onset, offset, onset, offset, …). Example for 2 notes: '0:01.20, 0:02.50, 0:03.10, 0:04.00'. Reply with the timestamp list only, ordered chronologically."
3,regular,varied_pitches,5000,sine,waveform,6,8,0,"0:00.00, 0:02.00, 0:04.00, 0:06.00, 0:08.00, 0:10.00, 0:12.00, 0:14.00",data/audio/pitchbench_b5_onset_offset_each/clip_Fs1@11250+5000-A4@27500+5000-E4@43750+5000_sine_total60000ms_b5.wav,clip_Fs1@11250+5000-A4@27500+5000-E4@43750+5000_sine_total60000ms_b5.wav,"This audio contains a sequence of musical notes separated by silence. List the onset and offset of EVERY note in order, as comma-separated MM:SS.cc timestamps (onset, offset, onset, offset, …). Example for 2 notes: '0:01.20, 0:02.50, 0:03.10, 0:04.00'. Reply with the timestamp list only, ordered chronologically."
3,regular,varied_pitches,5000,synth_pad,instrument,6,6,0,"0:00.00, 0:02.00, 0:03.00, 0:05.00, 0:06.00, 0:08.00",data/audio/pitchbench_b5_onset_offset_each/clip_C4@11250+5000-Fs3@27500+5000-E4@43750+5000_synth_pad_total60000ms_b5.wav,clip_C4@11250+5000-Fs3@27500+5000-E4@43750+5000_synth_pad_total60000ms_b5.wav,"This audio contains a sequence of musical notes separated by silence. List the onset and offset of EVERY note in order, as comma-separated MM:SS.cc timestamps (onset, offset, onset, offset, …). Example for 2 notes: '0:01.20, 0:02.50, 0:03.10, 0:04.00'. Reply with the timestamp list only, ordered chronologically."
3,regular,fixed_pitch,5000,guitar,instrument,6,8,0,"0:00.00, 0:01.50, 0:02.50, 0:04.00, 0:05.00, 0:06.50, 0:07.50, 0:09.00",data/audio/pitchbench_b5_onset_offset_each/clip_Fs1@11250+5000-Fs1@27500+5000-Fs1@43750+5000_guitar_total60000ms_b5.wav,clip_Fs1@11250+5000-Fs1@27500+5000-Fs1@43750+5000_guitar_total60000ms_b5.wav,"This audio contains a sequence of musical notes separated by silence. List the onset and offset of EVERY note in order, as comma-separated MM:SS.cc timestamps (onset, offset, onset, offset, …). Example for 2 notes: '0:01.20, 0:02.50, 0:03.10, 0:04.00'. Reply with the timestamp list only, ordered chronologically."
5,regular,fixed_pitch,5000,synth_pad,instrument,10,8,0,"0:00.00, 0:01.50, 0:02.50, 0:04.00, 0:05.00, 0:06.50, 0:07.50, 0:09.00",data/audio/pitchbench_b5_onset_offset_each/clip_C2@5833+5000-C2@16666+5000-C2@27499+5000-C2@38332+5000-C2@49165+5000_synth_pad_total60000ms_b5.wav,clip_C2@5833+5000-C2@16666+5000-C2@27499+5000-C2@38332+5000-C2@49165+5000_synth_pad_total60000ms_b5.wav,"This audio contains a sequence of musical notes separated by silence. List the onset and offset of EVERY note in order, as comma-separated MM:SS.cc timestamps (onset, offset, onset, offset, …). Example for 2 notes: '0:01.20, 0:02.50, 0:03.10, 0:04.00'. Reply with the timestamp list only, ordered chronologically."
5,regular,fixed_pitch,5000,cello,instrument,10,8,0,"0:00.00, 0:02.00, 0:03.00, 0:05.00, 0:06.00, 0:08.00, 0:09.00, 0:11.00",data/audio/pitchbench_b5_onset_offset_each/clip_A4@5833+5000-A4@16666+5000-A4@27499+5000-A4@38332+5000-A4@49165+5000_cello_total60000ms_b5.wav,clip_A4@5833+5000-A4@16666+5000-A4@27499+5000-A4@38332+5000-A4@49165+5000_cello_total60000ms_b5.wav,"This audio contains a sequence of musical notes separated by silence. List the onset and offset of EVERY note in order, as comma-separated MM:SS.cc timestamps (onset, offset, onset, offset, …). Example for 2 notes: '0:01.20, 0:02.50, 0:03.10, 0:04.00'. Reply with the timestamp list only, ordered chronologically."
5,regular,fixed_pitch,1000,flute,instrument,10,8,0,"0:00.00, 0:01.50, 0:03.00, 0:04.50, 0:06.00, 0:07.50, 0:09.00, 0:10.50",data/audio/pitchbench_b5_onset_offset_each/clip_A4@9166+1000-A4@19332+1000-A4@29498+1000-A4@39664+1000-A4@49830+1000_flute_total60000ms_b5.wav,clip_A4@9166+1000-A4@19332+1000-A4@29498+1000-A4@39664+1000-A4@49830+1000_flute_total60000ms_b5.wav,"This audio contains a sequence of musical notes separated by silence. List the onset and offset of EVERY note in order, as comma-separated MM:SS.cc timestamps (onset, offset, onset, offset, …). Example for 2 notes: '0:01.20, 0:02.50, 0:03.10, 0:04.00'. Reply with the timestamp list only, ordered chronologically."
5,regular,fixed_pitch,5000,organ,instrument,10,8,0,"0:00.00, 0:01.50, 0:02.50, 0:04.00, 0:05.00, 0:06.50, 0:07.50, 0:09.00",data/audio/pitchbench_b5_onset_offset_each/clip_E4@5833+5000-E4@16666+5000-E4@27499+5000-E4@38332+5000-E4@49165+5000_organ_total60000ms_b5.wav,clip_E4@5833+5000-E4@16666+5000-E4@27499+5000-E4@38332+5000-E4@49165+5000_organ_total60000ms_b5.wav,"This audio contains a sequence of musical notes separated by silence. List the onset and offset of EVERY note in order, as comma-separated MM:SS.cc timestamps (onset, offset, onset, offset, …). Example for 2 notes: '0:01.20, 0:02.50, 0:03.10, 0:04.00'. Reply with the timestamp list only, ordered chronologically."
5,regular,varied_pitches,5000,voice,instrument,10,8,0,"0:00.00, 0:04.00, 0:05.00, 0:09.00, 0:10.00, 0:14.00, 0:15.00, 0:19.00",data/audio/pitchbench_b5_onset_offset_each/clip_C3@5833+5000-C2@16666+5000-Fs1@27499+5000-E6@38332+5000-G2@49165+5000_voice_total60000ms_b5.wav,clip_C3@5833+5000-C2@16666+5000-Fs1@27499+5000-E6@38332+5000-G2@49165+5000_voice_total60000ms_b5.wav,"This audio contains a sequence of musical notes separated by silence. List the onset and offset of EVERY note in order, as comma-separated MM:SS.cc timestamps (onset, offset, onset, offset, …). Example for 2 notes: '0:01.20, 0:02.50, 0:03.10, 0:04.00'. Reply with the timestamp list only, ordered chronologically."
8,regular,varied_pitches,5000,trumpet,instrument,16,10,0,"0:00.00, 0:02.50, 0:03.00, 0:05.00, 0:05.50, 0:07.50, 0:08.00, 0:10.00, 0:10.50, 0:12.50",data/audio/pitchbench_b5_onset_offset_each/clip_G2@2222+5000-E4@9444+5000-G5@16666+5000-C4@23888+5000-C2@31110+5000-Fs1@38332+5000-A4@45554+5000-Fs3@52776+5000_trumpet_total60000ms_b5.wav,clip_G2@2222+5000-E4@9444+5000-G5@16666+5000-C4@23888+5000-C2@31110+5000-Fs1@38332+5000-A4@45554+5000-Fs3@52776+5000_trumpet_total60000ms_b5.wav,"This audio contains a sequence of musical notes separated by silence. List the onset and offset of EVERY note in order, as comma-separated MM:SS.cc timestamps (onset, offset, onset, offset, …). Example for 2 notes: '0:01.20, 0:02.50, 0:03.10, 0:04.00'. Reply with the timestamp list only, ordered chronologically."
8,regular,fixed_pitch,1000,sine,waveform,16,10,0,"0:00.50, 0:01.50, 0:02.00, 0:03.00, 0:03.50, 0:04.50, 0:05.00, 0:06.00, 0:06.50, 0:07.50",data/audio/pitchbench_b5_onset_offset_each/clip_C4@5777+1000-C4@12554+1000-C4@19331+1000-C4@26108+1000-C4@32885+1000-C4@39662+1000-C4@46439+1000-C4@53216+1000_sine_total60000ms_b5.wav,clip_C4@5777+1000-C4@12554+1000-C4@19331+1000-C4@26108+1000-C4@32885+1000-C4@39662+1000-C4@46439+1000-C4@53216+1000_sine_total60000ms_b5.wav,"This audio contains a sequence of musical notes separated by silence. List the onset and offset of EVERY note in order, as comma-separated MM:SS.cc timestamps (onset, offset, onset, offset, …). Example for 2 notes: '0:01.20, 0:02.50, 0:03.10, 0:04.00'. Reply with the timestamp list only, ordered chronologically."
8,regular,fixed_pitch,1000,electric_keyboard,instrument,16,10,0,"0:00.00, 0:01.00, 0:02.00, 0:03.00, 0:04.00, 0:05.00, 0:06.00, 0:07.00, 0:08.00, 0:09.00",data/audio/pitchbench_b5_onset_offset_each/clip_E4@5777+1000-E4@12554+1000-E4@19331+1000-E4@26108+1000-E4@32885+1000-E4@39662+1000-E4@46439+1000-E4@53216+1000_electric_keyboard_total60000ms_b5.wav,clip_E4@5777+1000-E4@12554+1000-E4@19331+1000-E4@26108+1000-E4@32885+1000-E4@39662+1000-E4@46439+1000-E4@53216+1000_electric_keyboard_total60000ms_b5.wav,"This audio contains a sequence of musical notes separated by silence. List the onset and offset of EVERY note in order, as comma-separated MM:SS.cc timestamps (onset, offset, onset, offset, …). Example for 2 notes: '0:01.20, 0:02.50, 0:03.10, 0:04.00'. Reply with the timestamp list only, ordered chronologically."
8,regular,varied_pitches,1000,cello,instrument,16,12,0,"0:00.00, 0:01.50, 0:02.00, 0:03.20, 0:03.70, 0:05.00, 0:05.50, 0:06.80, 0:07.30, 0:08.50, 0:09.00, 0:10.20",data/audio/pitchbench_b5_onset_offset_each/clip_Fs3@5777+1000-C2@12554+1000-A4@19331+1000-E4@26108+1000-Fs1@32885+1000-G2@39662+1000-E6@46439+1000-C4@53216+1000_cello_total60000ms_b5.wav,clip_Fs3@5777+1000-C2@12554+1000-A4@19331+1000-E4@26108+1000-Fs1@32885+1000-G2@39662+1000-E6@46439+1000-C4@53216+1000_cello_total60000ms_b5.wav,"This audio contains a sequence of musical notes separated by silence. List the onset and offset of EVERY note in order, as comma-separated MM:SS.cc timestamps (onset, offset, onset, offset, …). Example for 2 notes: '0:01.20, 0:02.50, 0:03.10, 0:04.00'. Reply with the timestamp list only, ordered chronologically."
8,regular,varied_pitches,5000,clarinet,instrument,16,12,0,"0:00.00, 0:01.50, 0:02.00, 0:03.50, 0:04.00, 0:05.50, 0:06.00, 0:07.50, 0:08.00, 0:09.50, 0:10.00, 0:11.50",data/audio/pitchbench_b5_onset_offset_each/clip_A4@2222+5000-C4@9444+5000-Fs3@16666+5000-C2@23888+5000-E6@31110+5000-G5@38332+5000-Fs1@45554+5000-C3@52776+5000_clarinet_total60000ms_b5.wav,clip_A4@2222+5000-C4@9444+5000-Fs3@16666+5000-C2@23888+5000-E6@31110+5000-G5@38332+5000-Fs1@45554+5000-C3@52776+5000_clarinet_total60000ms_b5.wav,"This audio contains a sequence of musical notes separated by silence. List the onset and offset of EVERY note in order, as comma-separated MM:SS.cc timestamps (onset, offset, onset, offset, …). Example for 2 notes: '0:01.20, 0:02.50, 0:03.10, 0:04.00'. Reply with the timestamp list only, ordered chronologically."
