midi,n_distractors,target_pos,duration_ms,source,source_type,n_gt,n_pred,correct,raw_response,onset_s_gt,offset_s_gt,onset_s_pred,offset_s_pred,iou,abs_error_on,abs_error_off,within_100ms_both,within_500ms_both,valid,audio_url,audio_file,prompt
48,5,first,1000,synth_lead,instrument,2,2,0,"0:02.00, 0:02.50",13.838,14.838,2.0,2.5,0.0,11.838,12.338,0,0,1,/home/hsnu2/PitchBench/data/audio/pitchbench_b4_timestamp_specific_pitch/clip_C3@13838+1000-E6@14839+1000-A4@16461+1000-Fs3@17501+1000-E4@57633+1000-Fs1@58639+1000_synth_lead_total60000ms_b3.wav,clip_C3@13838+1000-E6@14839+1000-A4@16461+1000-Fs3@17501+1000-E4@57633+1000-Fs1@58639+1000_synth_lead_total60000ms_b3.wav,"This audio contains a sequence of musical notes separated by silence. Identify the onset and offset times of the note C3 (MIDI 48; it appears exactly once). Reply with ONLY two timestamps in MM:SS.cc format separated by a comma, e.g. '0:05.20, 0:08.50'. Nothing else. Output only the answer."
79,5,first,1000,square,waveform,2,2,0,"0:06.00, 0:07.00",0.211,1.211,6.0,7.0,0.0,5.789,5.789,0,0,1,/home/hsnu2/PitchBench/data/audio/pitchbench_b4_timestamp_specific_pitch/clip_G5@211+1000-Fs1@1282+1000-C4@34766+1000-E4@35774+1000-A4@37048+1000-C3@38312+1000_square_total60000ms_b3.wav,clip_G5@211+1000-Fs1@1282+1000-C4@34766+1000-E4@35774+1000-A4@37048+1000-C3@38312+1000_square_total60000ms_b3.wav,"This audio contains a sequence of musical notes separated by silence. Identify the onset and offset times of the note G5 (MIDI 79; it appears exactly once). Reply with ONLY two timestamps in MM:SS.cc format separated by a comma, e.g. '0:05.20, 0:08.50'. Nothing else. Output only the answer."
64,5,first,1000,sine,waveform,2,2,0,"0:06.00, 0:07.00",2.666,3.666,6.0,7.0,0.0,3.334,3.334,0,0,1,/home/hsnu2/PitchBench/data/audio/pitchbench_b4_timestamp_specific_pitch/clip_E4@2666+1000-C4@4477+1000-G5@48612+1000-A4@49878+1000-E6@51951+1000-G2@58708+1000_sine_total60000ms_b3.wav,clip_E4@2666+1000-C4@4477+1000-G5@48612+1000-A4@49878+1000-E6@51951+1000-G2@58708+1000_sine_total60000ms_b3.wav,"This audio contains a sequence of musical notes separated by silence. Identify the onset and offset times of the note E4 (MIDI 64; it appears exactly once). Reply with ONLY two timestamps in MM:SS.cc format separated by a comma, e.g. '0:05.20, 0:08.50'. Nothing else. Output only the answer."
88,5,first,1000,voice,instrument,2,2,0,"0:10.00,0:10.50",9.207,10.207,10.0,10.5,0.1601,0.793,0.293,0,0,1,/home/hsnu2/PitchBench/data/audio/pitchbench_b4_timestamp_specific_pitch/clip_E6@9207+1000-C4@30990+1000-E4@45575+1000-C2@50926+1000-Fs1@55822+1000-G5@57445+1000_voice_total60000ms_b3.wav,clip_E6@9207+1000-C4@30990+1000-E4@45575+1000-C2@50926+1000-Fs1@55822+1000-G5@57445+1000_voice_total60000ms_b3.wav,"This audio contains a sequence of musical notes separated by silence. Identify the onset and offset times of the note E6 (MIDI 88; it appears exactly once). Reply with ONLY two timestamps in MM:SS.cc format separated by a comma, e.g. '0:05.20, 0:08.50'. Nothing else. Output only the answer."
30,5,first,1000,flute,instrument,2,2,0,"0:04.00,0:06.00",3.564,4.564,4.0,6.0,0.2315,0.436,1.436,0,0,1,/home/hsnu2/PitchBench/data/audio/pitchbench_b4_timestamp_specific_pitch/clip_Fs1@3564+1000-E4@5331+1000-C4@32793+1000-C2@39255+1000-G2@40508+1000-A4@58811+1000_flute_total60000ms_b3.wav,clip_Fs1@3564+1000-E4@5331+1000-C4@32793+1000-C2@39255+1000-G2@40508+1000-A4@58811+1000_flute_total60000ms_b3.wav,"This audio contains a sequence of musical notes separated by silence. Identify the onset and offset times of the note F#1 (MIDI 30; it appears exactly once). Reply with ONLY two timestamps in MM:SS.cc format separated by a comma, e.g. '0:05.20, 0:08.50'. Nothing else. Output only the answer."
43,5,first,1000,guitar,instrument,2,2,0,"0:06.00, 0:07.00",0.086,1.086,6.0,7.0,0.0,5.914,5.914,0,0,1,/home/hsnu2/PitchBench/data/audio/pitchbench_b4_timestamp_specific_pitch/clip_G2@86+1000-C2@1641+1000-G5@46014+1000-E4@47089+1000-A4@48089+1000-Fs3@54441+1000_guitar_total60000ms_b3.wav,clip_G2@86+1000-C2@1641+1000-G5@46014+1000-E4@47089+1000-A4@48089+1000-Fs3@54441+1000_guitar_total60000ms_b3.wav,"This audio contains a sequence of musical notes separated by silence. Identify the onset and offset times of the note G2 (MIDI 43; it appears exactly once). Reply with ONLY two timestamps in MM:SS.cc format separated by a comma, e.g. '0:05.20, 0:08.50'. Nothing else. Output only the answer."
69,5,first,1000,electric_keyboard,instrument,2,2,0,"0:02.00, 0:03.00",17.398,18.398,2.0,3.0,0.0,15.398,15.398,0,0,1,/home/hsnu2/PitchBench/data/audio/pitchbench_b4_timestamp_specific_pitch/clip_A4@17398+1000-E4@18521+1000-C3@20065+1000-G2@21319+1000-C4@23164+1000-C2@26632+1000_electric_keyboard_total60000ms_b3.wav,clip_A4@17398+1000-E4@18521+1000-C3@20065+1000-G2@21319+1000-C4@23164+1000-C2@26632+1000_electric_keyboard_total60000ms_b3.wav,"This audio contains a sequence of musical notes separated by silence. Identify the onset and offset times of the note A4 (MIDI 69; it appears exactly once). Reply with ONLY two timestamps in MM:SS.cc format separated by a comma, e.g. '0:05.20, 0:08.50'. Nothing else. Output only the answer."
60,5,first,1000,triangle,waveform,2,2,0,"0:02.00, 0:03.00",0.05,1.05,2.0,3.0,0.0,1.95,1.95,0,0,1,/home/hsnu2/PitchBench/data/audio/pitchbench_b4_timestamp_specific_pitch/clip_C4@50+1000-C3@49934+1000-Fs3@50935+1000-Fs1@51956+1000-E6@52978+1000-G2@58977+1000_triangle_total60000ms_b3.wav,clip_C4@50+1000-C3@49934+1000-Fs3@50935+1000-Fs1@51956+1000-E6@52978+1000-G2@58977+1000_triangle_total60000ms_b3.wav,"This audio contains a sequence of musical notes separated by silence. Identify the onset and offset times of the note C4 (MIDI 60; it appears exactly once). Reply with ONLY two timestamps in MM:SS.cc format separated by a comma, e.g. '0:05.20, 0:08.50'. Nothing else. Output only the answer."
79,5,first,1000,voice,instrument,2,2,0,"0:06.00, 0:07.00",2.115,3.115,6.0,7.0,0.0,3.885,3.885,0,0,1,/home/hsnu2/PitchBench/data/audio/pitchbench_b4_timestamp_specific_pitch/clip_G5@2115+1000-Fs3@9020+1000-A4@12359+1000-E4@26536+1000-C2@50560+1000-E6@52246+1000_voice_total60000ms_b3.wav,clip_G5@2115+1000-Fs3@9020+1000-A4@12359+1000-E4@26536+1000-C2@50560+1000-E6@52246+1000_voice_total60000ms_b3.wav,"This audio contains a sequence of musical notes separated by silence. Identify the onset and offset times of the note G5 (MIDI 79; it appears exactly once). Reply with ONLY two timestamps in MM:SS.cc format separated by a comma, e.g. '0:05.20, 0:08.50'. Nothing else. Output only the answer."
64,5,first,1000,square,waveform,2,2,0,"0:06.00,0:07.00",2.41,3.41,6.0,7.0,0.0,3.59,3.59,0,0,1,/home/hsnu2/PitchBench/data/audio/pitchbench_b4_timestamp_specific_pitch/clip_E4@2410+1000-G2@4459+1000-C3@5844+1000-Fs3@19076+1000-E6@55109+1000-Fs1@58941+1000_square_total60000ms_b3.wav,clip_E4@2410+1000-G2@4459+1000-C3@5844+1000-Fs3@19076+1000-E6@55109+1000-Fs1@58941+1000_square_total60000ms_b3.wav,"This audio contains a sequence of musical notes separated by silence. Identify the onset and offset times of the note E4 (MIDI 64; it appears exactly once). Reply with ONLY two timestamps in MM:SS.cc format separated by a comma, e.g. '0:05.20, 0:08.50'. Nothing else. Output only the answer."
48,5,first,5000,synth_pad,instrument,2,2,0,"00:06.00,00:07.00",0.001,5.001,6.0,7.0,0.0,5.999,1.999,0,0,1,/home/hsnu2/PitchBench/data/audio/pitchbench_b4_timestamp_specific_pitch/clip_C3@1+5000-E4@9104+5000-G2@14111+5000-Fs1@42252+5000-E6@47377+5000-Fs3@55000+5000_synth_pad_total60000ms_b3.wav,clip_C3@1+5000-E4@9104+5000-G2@14111+5000-Fs1@42252+5000-E6@47377+5000-Fs3@55000+5000_synth_pad_total60000ms_b3.wav,"This audio contains a sequence of musical notes separated by silence. Identify the onset and offset times of the note C3 (MIDI 48; it appears exactly once). Reply with ONLY two timestamps in MM:SS.cc format separated by a comma, e.g. '0:05.20, 0:08.50'. Nothing else. Output only the answer."
88,5,first,5000,voice,instrument,2,2,0,"0:10.00, 0:11.00",2.121,7.121,10.0,11.0,0.0,7.879,3.879,0,0,1,/home/hsnu2/PitchBench/data/audio/pitchbench_b4_timestamp_specific_pitch/clip_E6@2121+5000-E4@8493+5000-C3@14854+5000-G5@42367+5000-C2@47927+5000-Fs3@53985+5000_voice_total60000ms_b3.wav,clip_E6@2121+5000-E4@8493+5000-C3@14854+5000-G5@42367+5000-C2@47927+5000-Fs3@53985+5000_voice_total60000ms_b3.wav,"This audio contains a sequence of musical notes separated by silence. Identify the onset and offset times of the note E6 (MIDI 88; it appears exactly once). Reply with ONLY two timestamps in MM:SS.cc format separated by a comma, e.g. '0:05.20, 0:08.50'. Nothing else. Output only the answer."
88,5,first,5000,cello,instrument,2,2,0,"00:06.00, 00:07.00",14.913,19.913,6.0,7.0,0.0,8.913,12.913,0,0,1,/home/hsnu2/PitchBench/data/audio/pitchbench_b4_timestamp_specific_pitch/clip_E6@14913+5000-G2@21492+5000-Fs3@26546+5000-Fs1@40213+5000-A4@49963+5000-C4@54963+5000_cello_total60000ms_b3.wav,clip_E6@14913+5000-G2@21492+5000-Fs3@26546+5000-Fs1@40213+5000-A4@49963+5000-C4@54963+5000_cello_total60000ms_b3.wav,"This audio contains a sequence of musical notes separated by silence. Identify the onset and offset times of the note E6 (MIDI 88; it appears exactly once). Reply with ONLY two timestamps in MM:SS.cc format separated by a comma, e.g. '0:05.20, 0:08.50'. Nothing else. Output only the answer."
43,5,first,5000,square,waveform,2,2,0,"00:06.00, 00:07.00",0.18,5.18,6.0,7.0,0.0,5.82,1.82,0,0,1,/home/hsnu2/PitchBench/data/audio/pitchbench_b4_timestamp_specific_pitch/clip_G2@180+5000-E4@8531+5000-C4@14047+5000-E6@19442+5000-C3@26653+5000-G5@48423+5000_square_total60000ms_b3.wav,clip_G2@180+5000-E4@8531+5000-C4@14047+5000-E6@19442+5000-C3@26653+5000-G5@48423+5000_square_total60000ms_b3.wav,"This audio contains a sequence of musical notes separated by silence. Identify the onset and offset times of the note G2 (MIDI 43; it appears exactly once). Reply with ONLY two timestamps in MM:SS.cc format separated by a comma, e.g. '0:05.20, 0:08.50'. Nothing else. Output only the answer."
36,5,first,5000,bass,instrument,2,2,0,"0:06.00, 0:07.00",0.003,5.003,6.0,7.0,0.0,5.997,1.997,0,0,1,/home/hsnu2/PitchBench/data/audio/pitchbench_b4_timestamp_specific_pitch/clip_C2@3+5000-Fs3@5727+5000-G2@31945+5000-C4@41614+5000-E6@46831+5000-A4@54965+5000_bass_total60000ms_b3.wav,clip_C2@3+5000-Fs3@5727+5000-G2@31945+5000-C4@41614+5000-E6@46831+5000-A4@54965+5000_bass_total60000ms_b3.wav,"This audio contains a sequence of musical notes separated by silence. Identify the onset and offset times of the note C2 (MIDI 36; it appears exactly once). Reply with ONLY two timestamps in MM:SS.cc format separated by a comma, e.g. '0:05.20, 0:08.50'. Nothing else. Output only the answer."
79,5,first,5000,clarinet,instrument,2,2,0,"0:06.80, 0:07.80",0.044,5.044,6.8,7.8,0.0,6.756,2.756,0,0,1,/home/hsnu2/PitchBench/data/audio/pitchbench_b4_timestamp_specific_pitch/clip_G5@44+5000-Fs1@5044+5000-C4@30164+5000-G2@35164+5000-A4@43017+5000-C2@53144+5000_clarinet_total60000ms_b3.wav,clip_G5@44+5000-Fs1@5044+5000-C4@30164+5000-G2@35164+5000-A4@43017+5000-C2@53144+5000_clarinet_total60000ms_b3.wav,"This audio contains a sequence of musical notes separated by silence. Identify the onset and offset times of the note G5 (MIDI 79; it appears exactly once). Reply with ONLY two timestamps in MM:SS.cc format separated by a comma, e.g. '0:05.20, 0:08.50'. Nothing else. Output only the answer."
79,5,first,5000,sine,waveform,2,2,0,"0:06.00, 0:07.00",1.536,6.536,6.0,7.0,0.0981,4.464,0.464,0,0,1,/home/hsnu2/PitchBench/data/audio/pitchbench_b4_timestamp_specific_pitch/clip_G5@1536+5000-Fs1@6766+5000-C2@25118+5000-C4@30210+5000-Fs3@37873+5000-C3@51046+5000_sine_total60000ms_b3.wav,clip_G5@1536+5000-Fs1@6766+5000-C2@25118+5000-C4@30210+5000-Fs3@37873+5000-C3@51046+5000_sine_total60000ms_b3.wav,"This audio contains a sequence of musical notes separated by silence. Identify the onset and offset times of the note G5 (MIDI 79; it appears exactly once). Reply with ONLY two timestamps in MM:SS.cc format separated by a comma, e.g. '0:05.20, 0:08.50'. Nothing else. Output only the answer."
69,5,first,5000,sine,waveform,2,2,0,"0:06.00, 0:07.00",24.954,29.954,6.0,7.0,0.0,18.954,22.954,0,0,1,/home/hsnu2/PitchBench/data/audio/pitchbench_b4_timestamp_specific_pitch/clip_A4@24954+5000-C4@30008+5000-E6@35883+5000-Fs1@41152+5000-G5@49448+5000-Fs3@54511+5000_sine_total60000ms_b3.wav,clip_A4@24954+5000-C4@30008+5000-E6@35883+5000-Fs1@41152+5000-G5@49448+5000-Fs3@54511+5000_sine_total60000ms_b3.wav,"This audio contains a sequence of musical notes separated by silence. Identify the onset and offset times of the note A4 (MIDI 69; it appears exactly once). Reply with ONLY two timestamps in MM:SS.cc format separated by a comma, e.g. '0:05.20, 0:08.50'. Nothing else. Output only the answer."
48,5,first,5000,square,waveform,2,2,0,"00:06.00, 00:08.00",7.117,12.117,6.0,8.0,0.1444,1.117,4.117,0,0,1,/home/hsnu2/PitchBench/data/audio/pitchbench_b4_timestamp_specific_pitch/clip_C3@7117+5000-G5@12149+5000-E4@17153+5000-Fs1@22345+5000-C2@27372+5000-E6@43802+5000_square_total60000ms_b3.wav,clip_C3@7117+5000-G5@12149+5000-E4@17153+5000-Fs1@22345+5000-C2@27372+5000-E6@43802+5000_square_total60000ms_b3.wav,"This audio contains a sequence of musical notes separated by silence. Identify the onset and offset times of the note C3 (MIDI 48; it appears exactly once). Reply with ONLY two timestamps in MM:SS.cc format separated by a comma, e.g. '0:05.20, 0:08.50'. Nothing else. Output only the answer."
60,5,first,5000,electric_keyboard,instrument,2,2,0,"0:02.00, 0:03.00",2.164,7.164,2.0,3.0,0.1619,0.164,4.164,0,0,1,/home/hsnu2/PitchBench/data/audio/pitchbench_b4_timestamp_specific_pitch/clip_C4@2164+5000-A4@7233+5000-E4@12254+5000-G2@17265+5000-Fs1@49972+5000-Fs3@54980+5000_electric_keyboard_total60000ms_b3.wav,clip_C4@2164+5000-A4@7233+5000-E4@12254+5000-G2@17265+5000-Fs1@49972+5000-Fs3@54980+5000_electric_keyboard_total60000ms_b3.wav,"This audio contains a sequence of musical notes separated by silence. Identify the onset and offset times of the note C4 (MIDI 60; it appears exactly once). Reply with ONLY two timestamps in MM:SS.cc format separated by a comma, e.g. '0:05.20, 0:08.50'. Nothing else. Output only the answer."
88,7,first,1000,electric_keyboard,instrument,2,2,0,"0:04.00, 0:04.50",1.629,2.629,4.0,4.5,0.0,2.371,1.871,0,0,1,/home/hsnu2/PitchBench/data/audio/pitchbench_b4_timestamp_specific_pitch/clip_E6@1629+1000-G5@2882+1000-C4@4117+1000-Fs3@5181+1000-A4@32455+1000-E4@33508+1000-C3@56871+1000-Fs1@58108+1000_electric_keyboard_total60000ms_b3.wav,clip_E6@1629+1000-G5@2882+1000-C4@4117+1000-Fs3@5181+1000-A4@32455+1000-E4@33508+1000-C3@56871+1000-Fs1@58108+1000_electric_keyboard_total60000ms_b3.wav,"This audio contains a sequence of musical notes separated by silence. Identify the onset and offset times of the note E6 (MIDI 88; it appears exactly once). Reply with ONLY two timestamps in MM:SS.cc format separated by a comma, e.g. '0:05.20, 0:08.50'. Nothing else. Output only the answer."
88,7,first,1000,violin,instrument,2,2,0,"0:06.00, 0:07.00",0.012,1.012,6.0,7.0,0.0,5.988,5.988,0,0,1,/home/hsnu2/PitchBench/data/audio/pitchbench_b4_timestamp_specific_pitch/clip_E6@12+1000-E4@1068+1000-C4@2135+1000-C3@3209+1000-A4@7209+1000-Fs1@8240+1000-Fs3@48513+1000-G5@58855+1000_violin_total60000ms_b3.wav,clip_E6@12+1000-E4@1068+1000-C4@2135+1000-C3@3209+1000-A4@7209+1000-Fs1@8240+1000-Fs3@48513+1000-G5@58855+1000_violin_total60000ms_b3.wav,"This audio contains a sequence of musical notes separated by silence. Identify the onset and offset times of the note E6 (MIDI 88; it appears exactly once). Reply with ONLY two timestamps in MM:SS.cc format separated by a comma, e.g. '0:05.20, 0:08.50'. Nothing else. Output only the answer."
54,7,first,1000,bass,instrument,2,2,0,"0:04.00, 0:05.00",10.186,11.186,4.0,5.0,0.0,6.186,6.186,0,0,1,/home/hsnu2/PitchBench/data/audio/pitchbench_b4_timestamp_specific_pitch/clip_Fs3@10186+1000-C3@18831+1000-G5@19918+1000-C4@42533+1000-E4@43574+1000-A4@44783+1000-C2@45854+1000-Fs1@54834+1000_bass_total60000ms_b3.wav,clip_Fs3@10186+1000-C3@18831+1000-G5@19918+1000-C4@42533+1000-E4@43574+1000-A4@44783+1000-C2@45854+1000-Fs1@54834+1000_bass_total60000ms_b3.wav,"This audio contains a sequence of musical notes separated by silence. Identify the onset and offset times of the note F#3 (MIDI 54; it appears exactly once). Reply with ONLY two timestamps in MM:SS.cc format separated by a comma, e.g. '0:05.20, 0:08.50'. Nothing else. Output only the answer."
64,7,first,1000,sine,waveform,2,2,0,"0:03.00, 0:03.50",0.004,1.004,3.0,3.5,0.0,2.996,2.496,0,0,1,/home/hsnu2/PitchBench/data/audio/pitchbench_b4_timestamp_specific_pitch/clip_E4@4+1000-Fs1@1013+1000-E6@20832+1000-A4@22488+1000-C4@29433+1000-Fs3@30462+1000-C2@31476+1000-G5@58999+1000_sine_total60000ms_b3.wav,clip_E4@4+1000-Fs1@1013+1000-E6@20832+1000-A4@22488+1000-C4@29433+1000-Fs3@30462+1000-C2@31476+1000-G5@58999+1000_sine_total60000ms_b3.wav,"This audio contains a sequence of musical notes separated by silence. Identify the onset and offset times of the note E4 (MIDI 64; it appears exactly once). Reply with ONLY two timestamps in MM:SS.cc format separated by a comma, e.g. '0:05.20, 0:08.50'. Nothing else. Output only the answer."
48,7,first,1000,organ,instrument,2,2,0,"0:06.00,0:07.00",3.699,4.699,6.0,7.0,0.0,2.301,2.301,0,0,1,/home/hsnu2/PitchBench/data/audio/pitchbench_b4_timestamp_specific_pitch/clip_C3@3699+1000-E6@7418+1000-E4@8586+1000-Fs3@9597+1000-C2@50501+1000-Fs1@52302+1000-G2@53312+1000-C4@58974+1000_organ_total60000ms_b3.wav,clip_C3@3699+1000-E6@7418+1000-E4@8586+1000-Fs3@9597+1000-C2@50501+1000-Fs1@52302+1000-G2@53312+1000-C4@58974+1000_organ_total60000ms_b3.wav,"This audio contains a sequence of musical notes separated by silence. Identify the onset and offset times of the note C3 (MIDI 48; it appears exactly once). Reply with ONLY two timestamps in MM:SS.cc format separated by a comma, e.g. '0:05.20, 0:08.50'. Nothing else. Output only the answer."
30,7,first,1000,electric_keyboard,instrument,2,2,0,"0:06.00, 0:07.00",17.568,18.568,6.0,7.0,0.0,11.568,11.568,0,0,1,/home/hsnu2/PitchBench/data/audio/pitchbench_b4_timestamp_specific_pitch/clip_Fs1@17568+1000-E4@32649+1000-A4@36899+1000-C2@46848+1000-Fs3@47864+1000-E6@56478+1000-G2@57957+1000-C3@58997+1000_electric_keyboard_total60000ms_b3.wav,clip_Fs1@17568+1000-E4@32649+1000-A4@36899+1000-C2@46848+1000-Fs3@47864+1000-E6@56478+1000-G2@57957+1000-C3@58997+1000_electric_keyboard_total60000ms_b3.wav,"This audio contains a sequence of musical notes separated by silence. Identify the onset and offset times of the note F#1 (MIDI 30; it appears exactly once). Reply with ONLY two timestamps in MM:SS.cc format separated by a comma, e.g. '0:05.20, 0:08.50'. Nothing else. Output only the answer."
48,7,first,1000,voice,instrument,2,2,0,"0:06.00, 0:07.00",0.195,1.195,6.0,7.0,0.0,5.805,5.805,0,0,1,/home/hsnu2/PitchBench/data/audio/pitchbench_b4_timestamp_specific_pitch/clip_C3@195+1000-G2@8398+1000-C2@9406+1000-C4@10423+1000-Fs3@11510+1000-G5@29569+1000-Fs1@30589+1000-E6@58874+1000_voice_total60000ms_b3.wav,clip_C3@195+1000-G2@8398+1000-C2@9406+1000-C4@10423+1000-Fs3@11510+1000-G5@29569+1000-Fs1@30589+1000-E6@58874+1000_voice_total60000ms_b3.wav,"This audio contains a sequence of musical notes separated by silence. Identify the onset and offset times of the note C3 (MIDI 48; it appears exactly once). Reply with ONLY two timestamps in MM:SS.cc format separated by a comma, e.g. '0:05.20, 0:08.50'. Nothing else. Output only the answer."
64,7,first,1000,synth_lead,instrument,2,2,0,"0:06.00,0:07.00",0.204,1.204,6.0,7.0,0.0,5.796,5.796,0,0,1,/home/hsnu2/PitchBench/data/audio/pitchbench_b4_timestamp_specific_pitch/clip_E4@204+1000-G5@13766+1000-C3@15191+1000-E6@26766+1000-C4@29583+1000-C2@31596+1000-Fs1@32614+1000-Fs3@54641+1000_synth_lead_total60000ms_b3.wav,clip_E4@204+1000-G5@13766+1000-C3@15191+1000-E6@26766+1000-C4@29583+1000-C2@31596+1000-Fs1@32614+1000-Fs3@54641+1000_synth_lead_total60000ms_b3.wav,"This audio contains a sequence of musical notes separated by silence. Identify the onset and offset times of the note E4 (MIDI 64; it appears exactly once). Reply with ONLY two timestamps in MM:SS.cc format separated by a comma, e.g. '0:05.20, 0:08.50'. Nothing else. Output only the answer."
88,7,first,1000,synth_pad,instrument,2,2,0,"0:06.00, 0:07.00",0.126,1.126,6.0,7.0,0.0,5.874,5.874,0,0,1,/home/hsnu2/PitchBench/data/audio/pitchbench_b4_timestamp_specific_pitch/clip_E6@126+1000-C3@1361+1000-Fs1@9547+1000-Fs3@31410+1000-A4@44896+1000-C2@45903+1000-C4@46953+1000-G2@47958+1000_synth_pad_total60000ms_b3.wav,clip_E6@126+1000-C3@1361+1000-Fs1@9547+1000-Fs3@31410+1000-A4@44896+1000-C2@45903+1000-C4@46953+1000-G2@47958+1000_synth_pad_total60000ms_b3.wav,"This audio contains a sequence of musical notes separated by silence. Identify the onset and offset times of the note E6 (MIDI 88; it appears exactly once). Reply with ONLY two timestamps in MM:SS.cc format separated by a comma, e.g. '0:05.20, 0:08.50'. Nothing else. Output only the answer."
88,7,first,1000,cello,instrument,2,2,0,"0:06.00, 0:07.00",15.837,16.837,6.0,7.0,0.0,9.837,9.837,0,0,1,/home/hsnu2/PitchBench/data/audio/pitchbench_b4_timestamp_specific_pitch/clip_E6@15837+1000-G5@17098+1000-Fs1@20469+1000-C3@27712+1000-A4@46084+1000-C2@49926+1000-Fs3@51160+1000-C4@52312+1000_cello_total60000ms_b3.wav,clip_E6@15837+1000-G5@17098+1000-Fs1@20469+1000-C3@27712+1000-A4@46084+1000-C2@49926+1000-Fs3@51160+1000-C4@52312+1000_cello_total60000ms_b3.wav,"This audio contains a sequence of musical notes separated by silence. Identify the onset and offset times of the note E6 (MIDI 88; it appears exactly once). Reply with ONLY two timestamps in MM:SS.cc format separated by a comma, e.g. '0:05.20, 0:08.50'. Nothing else. Output only the answer."
69,7,first,5000,clarinet,instrument,2,2,0,"0:06.00, 0:07.00",9.408,14.408,6.0,7.0,0.0,3.408,7.408,0,0,1,/home/hsnu2/PitchBench/data/audio/pitchbench_b4_timestamp_specific_pitch/clip_A4@9408+5000-E6@14408+5000-C2@19419+5000-Fs3@29187+5000-C3@34215+5000-G5@44566+5000-C4@49566+5000-G2@54602+5000_clarinet_total60000ms_b3.wav,clip_A4@9408+5000-E6@14408+5000-C2@19419+5000-Fs3@29187+5000-C3@34215+5000-G5@44566+5000-C4@49566+5000-G2@54602+5000_clarinet_total60000ms_b3.wav,"This audio contains a sequence of musical notes separated by silence. Identify the onset and offset times of the note A4 (MIDI 69; it appears exactly once). Reply with ONLY two timestamps in MM:SS.cc format separated by a comma, e.g. '0:05.20, 0:08.50'. Nothing else. Output only the answer."
64,7,first,5000,electric_keyboard,instrument,2,2,0,"00:06.00, 00:07.00",0.067,5.067,6.0,7.0,0.0,5.933,1.933,0,0,1,/home/hsnu2/PitchBench/data/audio/pitchbench_b4_timestamp_specific_pitch/clip_E4@67+5000-Fs1@5133+5000-C4@10247+5000-G5@16109+5000-C2@21297+5000-G2@26351+5000-E6@32342+5000-A4@38379+5000_electric_keyboard_total60000ms_b3.wav,clip_E4@67+5000-Fs1@5133+5000-C4@10247+5000-G5@16109+5000-C2@21297+5000-G2@26351+5000-E6@32342+5000-A4@38379+5000_electric_keyboard_total60000ms_b3.wav,"This audio contains a sequence of musical notes separated by silence. Identify the onset and offset times of the note E4 (MIDI 64; it appears exactly once). Reply with ONLY two timestamps in MM:SS.cc format separated by a comma, e.g. '0:05.20, 0:08.50'. Nothing else. Output only the answer."
54,7,first,5000,oboe,instrument,2,2,0,"01:00.00,01:02.00",0.001,5.001,60.0,62.0,0.0,59.999,56.999,0,0,1,/home/hsnu2/PitchBench/data/audio/pitchbench_b4_timestamp_specific_pitch/clip_Fs3@1+5000-A4@6298+5000-C2@11331+5000-C4@16481+5000-E6@21483+5000-Fs1@29145+5000-G5@49063+5000-E4@54678+5000_oboe_total60000ms_b3.wav,clip_Fs3@1+5000-A4@6298+5000-C2@11331+5000-C4@16481+5000-E6@21483+5000-Fs1@29145+5000-G5@49063+5000-E4@54678+5000_oboe_total60000ms_b3.wav,"This audio contains a sequence of musical notes separated by silence. Identify the onset and offset times of the note F#3 (MIDI 54; it appears exactly once). Reply with ONLY two timestamps in MM:SS.cc format separated by a comma, e.g. '0:05.20, 0:08.50'. Nothing else. Output only the answer."
30,7,first,5000,bass,instrument,2,2,0,"0:10.00, 0:11.50",0.002,5.002,10.0,11.5,0.0,9.998,6.498,0,0,1,/home/hsnu2/PitchBench/data/audio/pitchbench_b4_timestamp_specific_pitch/clip_Fs1@2+5000-C2@23619+5000-C3@28626+5000-E4@33629+5000-G5@38642+5000-G2@43646+5000-E6@49695+5000-Fs3@54990+5000_bass_total60000ms_b3.wav,clip_Fs1@2+5000-C2@23619+5000-C3@28626+5000-E4@33629+5000-G5@38642+5000-G2@43646+5000-E6@49695+5000-Fs3@54990+5000_bass_total60000ms_b3.wav,"This audio contains a sequence of musical notes separated by silence. Identify the onset and offset times of the note F#1 (MIDI 30; it appears exactly once). Reply with ONLY two timestamps in MM:SS.cc format separated by a comma, e.g. '0:05.20, 0:08.50'. Nothing else. Output only the answer."
36,7,first,5000,flute,instrument,2,2,0,"00:12.00,00:14.50",9.228,14.228,12.0,14.5,0.4226,2.772,0.272,0,0,1,/home/hsnu2/PitchBench/data/audio/pitchbench_b4_timestamp_specific_pitch/clip_C2@9228+5000-G5@19554+5000-G2@24785+5000-C3@29795+5000-E4@34795+5000-C4@39845+5000-Fs1@44873+5000-E6@50158+5000_flute_total60000ms_b3.wav,clip_C2@9228+5000-G5@19554+5000-G2@24785+5000-C3@29795+5000-E4@34795+5000-C4@39845+5000-Fs1@44873+5000-E6@50158+5000_flute_total60000ms_b3.wav,"This audio contains a sequence of musical notes separated by silence. Identify the onset and offset times of the note C2 (MIDI 36; it appears exactly once). Reply with ONLY two timestamps in MM:SS.cc format separated by a comma, e.g. '0:05.20, 0:08.50'. Nothing else. Output only the answer."
36,7,first,5000,sine,waveform,2,2,0,"00:10.00,00:12.00",4.652,9.652,10.0,12.0,0.0,5.348,2.348,0,0,1,/home/hsnu2/PitchBench/data/audio/pitchbench_b4_timestamp_specific_pitch/clip_C2@4652+5000-G5@13701+5000-Fs3@19290+5000-C3@24667+5000-A4@29687+5000-G2@44854+5000-C4@49956+5000-E4@54960+5000_sine_total60000ms_b3.wav,clip_C2@4652+5000-G5@13701+5000-Fs3@19290+5000-C3@24667+5000-A4@29687+5000-G2@44854+5000-C4@49956+5000-E4@54960+5000_sine_total60000ms_b3.wav,"This audio contains a sequence of musical notes separated by silence. Identify the onset and offset times of the note C2 (MIDI 36; it appears exactly once). Reply with ONLY two timestamps in MM:SS.cc format separated by a comma, e.g. '0:05.20, 0:08.50'. Nothing else. Output only the answer."
30,7,first,5000,piano,instrument,2,2,0,"0:06.00, 0:07.00",0.002,5.002,6.0,7.0,0.0,5.998,1.998,0,0,1,/home/hsnu2/PitchBench/data/audio/pitchbench_b4_timestamp_specific_pitch/clip_Fs1@2+5000-A4@9139+5000-Fs3@14147+5000-C3@19159+5000-C4@37673+5000-G5@42779+5000-E4@47785+5000-E6@52789+5000_piano_total60000ms_b3.wav,clip_Fs1@2+5000-A4@9139+5000-Fs3@14147+5000-C3@19159+5000-C4@37673+5000-G5@42779+5000-E4@47785+5000-E6@52789+5000_piano_total60000ms_b3.wav,"This audio contains a sequence of musical notes separated by silence. Identify the onset and offset times of the note F#1 (MIDI 30; it appears exactly once). Reply with ONLY two timestamps in MM:SS.cc format separated by a comma, e.g. '0:05.20, 0:08.50'. Nothing else. Output only the answer."
79,7,first,5000,synth_pad,instrument,2,2,0,"0:06.00, 0:07.00",0.43,5.43,6.0,7.0,0.0,5.57,1.57,0,0,1,/home/hsnu2/PitchBench/data/audio/pitchbench_b4_timestamp_specific_pitch/clip_G5@430+5000-E4@5488+5000-C2@15236+5000-Fs1@34717+5000-Fs3@39943+5000-C3@44946+5000-A4@49965+5000-C4@54994+5000_synth_pad_total60000ms_b3.wav,clip_G5@430+5000-E4@5488+5000-C2@15236+5000-Fs1@34717+5000-Fs3@39943+5000-C3@44946+5000-A4@49965+5000-C4@54994+5000_synth_pad_total60000ms_b3.wav,"This audio contains a sequence of musical notes separated by silence. Identify the onset and offset times of the note G5 (MIDI 79; it appears exactly once). Reply with ONLY two timestamps in MM:SS.cc format separated by a comma, e.g. '0:05.20, 0:08.50'. Nothing else. Output only the answer."
79,7,first,5000,clarinet,instrument,2,2,0,"0:06.00, 0:07.00",0.011,5.011,6.0,7.0,0.0,5.989,1.989,0,0,1,/home/hsnu2/PitchBench/data/audio/pitchbench_b4_timestamp_specific_pitch/clip_G5@11+5000-A4@5013+5000-E4@25490+5000-C3@32436+5000-C2@37436+5000-Fs3@42623+5000-C4@49966+5000-Fs1@54994+5000_clarinet_total60000ms_b3.wav,clip_G5@11+5000-A4@5013+5000-E4@25490+5000-C3@32436+5000-C2@37436+5000-Fs3@42623+5000-C4@49966+5000-Fs1@54994+5000_clarinet_total60000ms_b3.wav,"This audio contains a sequence of musical notes separated by silence. Identify the onset and offset times of the note G5 (MIDI 79; it appears exactly once). Reply with ONLY two timestamps in MM:SS.cc format separated by a comma, e.g. '0:05.20, 0:08.50'. Nothing else. Output only the answer."
69,7,first,5000,trumpet,instrument,2,2,0,"0:06.00, 0:07.00",0.029,5.029,6.0,7.0,0.0,5.971,1.971,0,0,1,/home/hsnu2/PitchBench/data/audio/pitchbench_b4_timestamp_specific_pitch/clip_A4@29+5000-C3@5194+5000-C4@10206+5000-E6@15245+5000-Fs1@20920+5000-G5@25920+5000-Fs3@31368+5000-G2@36388+5000_trumpet_total60000ms_b3.wav,clip_A4@29+5000-C3@5194+5000-C4@10206+5000-E6@15245+5000-Fs1@20920+5000-G5@25920+5000-Fs3@31368+5000-G2@36388+5000_trumpet_total60000ms_b3.wav,"This audio contains a sequence of musical notes separated by silence. Identify the onset and offset times of the note A4 (MIDI 69; it appears exactly once). Reply with ONLY two timestamps in MM:SS.cc format separated by a comma, e.g. '0:05.20, 0:08.50'. Nothing else. Output only the answer."
36,5,last,1000,flute,instrument,2,2,0,"00:06.00,00:07.50",58.007,59.007,6.0,7.5,0.0,52.007,51.507,0,0,1,/home/hsnu2/PitchBench/data/audio/pitchbench_b4_timestamp_specific_pitch/clip_Fs1@858+1000-G2@33787+1000-E6@35618+1000-C3@37617+1000-C4@45207+1000-C2@58007+1000_flute_total60000ms_b3.wav,clip_Fs1@858+1000-G2@33787+1000-E6@35618+1000-C3@37617+1000-C4@45207+1000-C2@58007+1000_flute_total60000ms_b3.wav,"This audio contains a sequence of musical notes separated by silence. Identify the onset and offset times of the note C2 (MIDI 36; it appears exactly once). Reply with ONLY two timestamps in MM:SS.cc format separated by a comma, e.g. '0:05.20, 0:08.50'. Nothing else. Output only the answer."
88,5,last,1000,triangle,waveform,2,2,0,"0:03.00, 0:03.50",54.94,55.94,3.0,3.5,0.0,51.94,52.44,0,0,1,/home/hsnu2/PitchBench/data/audio/pitchbench_b4_timestamp_specific_pitch/clip_G5@475+1000-Fs1@7621+1000-G2@9330+1000-A4@10952+1000-E4@12040+1000-E6@54940+1000_triangle_total60000ms_b3.wav,clip_G5@475+1000-Fs1@7621+1000-G2@9330+1000-A4@10952+1000-E4@12040+1000-E6@54940+1000_triangle_total60000ms_b3.wav,"This audio contains a sequence of musical notes separated by silence. Identify the onset and offset times of the note E6 (MIDI 88; it appears exactly once). Reply with ONLY two timestamps in MM:SS.cc format separated by a comma, e.g. '0:05.20, 0:08.50'. Nothing else. Output only the answer."
60,5,last,1000,electric_keyboard,instrument,2,2,0,"0:02.00, 0:03.00",58.821,59.821,2.0,3.0,0.0,56.821,56.821,0,0,1,/home/hsnu2/PitchBench/data/audio/pitchbench_b4_timestamp_specific_pitch/clip_E6@1047+1000-C3@2248+1000-Fs3@3321+1000-G2@4327+1000-E4@57751+1000-C4@58821+1000_electric_keyboard_total60000ms_b3.wav,clip_E6@1047+1000-C3@2248+1000-Fs3@3321+1000-G2@4327+1000-E4@57751+1000-C4@58821+1000_electric_keyboard_total60000ms_b3.wav,"This audio contains a sequence of musical notes separated by silence. Identify the onset and offset times of the note C4 (MIDI 60; it appears exactly once). Reply with ONLY two timestamps in MM:SS.cc format separated by a comma, e.g. '0:05.20, 0:08.50'. Nothing else. Output only the answer."
64,5,last,1000,trumpet,instrument,2,2,0,"0:06.00, 0:07.00",57.915,58.915,6.0,7.0,0.0,51.915,51.915,0,0,1,/home/hsnu2/PitchBench/data/audio/pitchbench_b4_timestamp_specific_pitch/clip_G5@5111+1000-A4@21043+1000-E6@37129+1000-Fs1@43452+1000-C3@52664+1000-E4@57915+1000_trumpet_total60000ms_b3.wav,clip_G5@5111+1000-A4@21043+1000-E6@37129+1000-Fs1@43452+1000-C3@52664+1000-E4@57915+1000_trumpet_total60000ms_b3.wav,"This audio contains a sequence of musical notes separated by silence. Identify the onset and offset times of the note E4 (MIDI 64; it appears exactly once). Reply with ONLY two timestamps in MM:SS.cc format separated by a comma, e.g. '0:05.20, 0:08.50'. Nothing else. Output only the answer."
64,5,last,1000,square,waveform,2,2,0,"0:02.00, 0:03.00",12.34,13.34,2.0,3.0,0.0,10.34,10.34,0,0,1,/home/hsnu2/PitchBench/data/audio/pitchbench_b4_timestamp_specific_pitch/clip_C3@80+1000-G2@1114+1000-E6@2121+1000-Fs1@3484+1000-C2@5065+1000-E4@12340+1000_square_total60000ms_b3.wav,clip_C3@80+1000-G2@1114+1000-E6@2121+1000-Fs1@3484+1000-C2@5065+1000-E4@12340+1000_square_total60000ms_b3.wav,"This audio contains a sequence of musical notes separated by silence. Identify the onset and offset times of the note E4 (MIDI 64; it appears exactly once). Reply with ONLY two timestamps in MM:SS.cc format separated by a comma, e.g. '0:05.20, 0:08.50'. Nothing else. Output only the answer."
48,5,last,1000,square,waveform,2,2,0,"0:06.00,0:07.00",58.832,59.832,6.0,7.0,0.0,52.832,52.832,0,0,1,/home/hsnu2/PitchBench/data/audio/pitchbench_b4_timestamp_specific_pitch/clip_Fs3@759+1000-G5@3263+1000-C4@4319+1000-G2@7312+1000-Fs1@8685+1000-C3@58832+1000_square_total60000ms_b3.wav,clip_Fs3@759+1000-G5@3263+1000-C4@4319+1000-G2@7312+1000-Fs1@8685+1000-C3@58832+1000_square_total60000ms_b3.wav,"This audio contains a sequence of musical notes separated by silence. Identify the onset and offset times of the note C3 (MIDI 48; it appears exactly once). Reply with ONLY two timestamps in MM:SS.cc format separated by a comma, e.g. '0:05.20, 0:08.50'. Nothing else. Output only the answer."
69,5,last,1000,trombone,instrument,2,2,0,"0:03.00, 0:03.80",58.511,59.511,3.0,3.8,0.0,55.511,55.711,0,0,1,/home/hsnu2/PitchBench/data/audio/pitchbench_b4_timestamp_specific_pitch/clip_Fs3@794+1000-G5@1794+1000-C3@2794+1000-E4@3796+1000-E6@57474+1000-A4@58511+1000_trombone_total60000ms_b3.wav,clip_Fs3@794+1000-G5@1794+1000-C3@2794+1000-E4@3796+1000-E6@57474+1000-A4@58511+1000_trombone_total60000ms_b3.wav,"This audio contains a sequence of musical notes separated by silence. Identify the onset and offset times of the note A4 (MIDI 69; it appears exactly once). Reply with ONLY two timestamps in MM:SS.cc format separated by a comma, e.g. '0:05.20, 0:08.50'. Nothing else. Output only the answer."
54,5,last,1000,square,waveform,2,2,0,"0:06.00, 0:07.00",57.192,58.192,6.0,7.0,0.0,51.192,51.192,0,0,1,/home/hsnu2/PitchBench/data/audio/pitchbench_b4_timestamp_specific_pitch/clip_C2@3836+1000-E4@5518+1000-E6@6843+1000-G2@21736+1000-A4@47513+1000-Fs3@57192+1000_square_total60000ms_b3.wav,clip_C2@3836+1000-E4@5518+1000-E6@6843+1000-G2@21736+1000-A4@47513+1000-Fs3@57192+1000_square_total60000ms_b3.wav,"This audio contains a sequence of musical notes separated by silence. Identify the onset and offset times of the note F#3 (MIDI 54; it appears exactly once). Reply with ONLY two timestamps in MM:SS.cc format separated by a comma, e.g. '0:05.20, 0:08.50'. Nothing else. Output only the answer."
36,5,last,1000,trombone,instrument,2,2,0,"00:05.00,00:06.50",36.715,37.715,5.0,6.5,0.0,31.715,31.215,0,0,1,/home/hsnu2/PitchBench/data/audio/pitchbench_b4_timestamp_specific_pitch/clip_E4@1032+1000-C3@2092+1000-Fs1@3581+1000-C4@33856+1000-G2@35589+1000-C2@36715+1000_trombone_total60000ms_b3.wav,clip_E4@1032+1000-C3@2092+1000-Fs1@3581+1000-C4@33856+1000-G2@35589+1000-C2@36715+1000_trombone_total60000ms_b3.wav,"This audio contains a sequence of musical notes separated by silence. Identify the onset and offset times of the note C2 (MIDI 36; it appears exactly once). Reply with ONLY two timestamps in MM:SS.cc format separated by a comma, e.g. '0:05.20, 0:08.50'. Nothing else. Output only the answer."
79,5,last,1000,trumpet,instrument,2,2,0,"0:04.00, 0:04.50",56.829,57.829,4.0,4.5,0.0,52.829,53.329,0,0,1,/home/hsnu2/PitchBench/data/audio/pitchbench_b4_timestamp_specific_pitch/clip_A4@711+1000-Fs3@2257+1000-E6@5699+1000-C3@7227+1000-C2@55195+1000-G5@56829+1000_trumpet_total60000ms_b3.wav,clip_A4@711+1000-Fs3@2257+1000-E6@5699+1000-C3@7227+1000-C2@55195+1000-G5@56829+1000_trumpet_total60000ms_b3.wav,"This audio contains a sequence of musical notes separated by silence. Identify the onset and offset times of the note G5 (MIDI 79; it appears exactly once). Reply with ONLY two timestamps in MM:SS.cc format separated by a comma, e.g. '0:05.20, 0:08.50'. Nothing else. Output only the answer."
54,5,last,5000,bass,instrument,2,2,0,"0:06.00,0:07.00",54.992,59.992,6.0,7.0,0.0,48.992,52.992,0,0,1,/home/hsnu2/PitchBench/data/audio/pitchbench_b4_timestamp_specific_pitch/clip_Fs1@2196+5000-C3@31586+5000-E6@37973+5000-G5@43063+5000-G2@49939+5000-Fs3@54992+5000_bass_total60000ms_b3.wav,clip_Fs1@2196+5000-C3@31586+5000-E6@37973+5000-G5@43063+5000-G2@49939+5000-Fs3@54992+5000_bass_total60000ms_b3.wav,"This audio contains a sequence of musical notes separated by silence. Identify the onset and offset times of the note F#3 (MIDI 54; it appears exactly once). Reply with ONLY two timestamps in MM:SS.cc format separated by a comma, e.g. '0:05.20, 0:08.50'. Nothing else. Output only the answer."
69,5,last,5000,guitar,instrument,2,2,0,"0:06.50, 0:07.50",51.065,56.065,6.5,7.5,0.0,44.565,48.565,0,0,1,/home/hsnu2/PitchBench/data/audio/pitchbench_b4_timestamp_specific_pitch/clip_E6@8529+5000-Fs1@14604+5000-C4@27520+5000-G2@36604+5000-C3@43068+5000-A4@51065+5000_guitar_total60000ms_b3.wav,clip_E6@8529+5000-Fs1@14604+5000-C4@27520+5000-G2@36604+5000-C3@43068+5000-A4@51065+5000_guitar_total60000ms_b3.wav,"This audio contains a sequence of musical notes separated by silence. Identify the onset and offset times of the note A4 (MIDI 69; it appears exactly once). Reply with ONLY two timestamps in MM:SS.cc format separated by a comma, e.g. '0:05.20, 0:08.50'. Nothing else. Output only the answer."
36,5,last,5000,sawtooth,waveform,2,2,0,"0:06.00, 0:07.00",54.179,59.179,6.0,7.0,0.0,48.179,52.179,0,0,1,/home/hsnu2/PitchBench/data/audio/pitchbench_b4_timestamp_specific_pitch/clip_E4@1414+5000-G5@7273+5000-Fs1@13014+5000-G2@39141+5000-C4@47826+5000-C2@54179+5000_sawtooth_total60000ms_b3.wav,clip_E4@1414+5000-G5@7273+5000-Fs1@13014+5000-G2@39141+5000-C4@47826+5000-C2@54179+5000_sawtooth_total60000ms_b3.wav,"This audio contains a sequence of musical notes separated by silence. Identify the onset and offset times of the note C2 (MIDI 36; it appears exactly once). Reply with ONLY two timestamps in MM:SS.cc format separated by a comma, e.g. '0:05.20, 0:08.50'. Nothing else. Output only the answer."
64,5,last,5000,voice,instrument,2,2,0,"0:06.00, 0:08.00",54.713,59.713,6.0,8.0,0.0,48.713,51.713,0,0,1,/home/hsnu2/PitchBench/data/audio/pitchbench_b4_timestamp_specific_pitch/clip_C2@1161+5000-Fs3@14374+5000-A4@20284+5000-C3@31827+5000-G2@41529+5000-E4@54713+5000_voice_total60000ms_b3.wav,clip_C2@1161+5000-Fs3@14374+5000-A4@20284+5000-C3@31827+5000-G2@41529+5000-E4@54713+5000_voice_total60000ms_b3.wav,"This audio contains a sequence of musical notes separated by silence. Identify the onset and offset times of the note E4 (MIDI 64; it appears exactly once). Reply with ONLY two timestamps in MM:SS.cc format separated by a comma, e.g. '0:05.20, 0:08.50'. Nothing else. Output only the answer."
69,5,last,5000,oboe,instrument,2,2,0,"0:06.00, 0:08.00",53.392,58.392,6.0,8.0,0.0,47.392,50.392,0,0,1,/home/hsnu2/PitchBench/data/audio/pitchbench_b4_timestamp_specific_pitch/clip_C2@29+5000-E6@5371+5000-E4@10448+5000-C4@16256+5000-Fs1@37232+5000-A4@53392+5000_oboe_total60000ms_b3.wav,clip_C2@29+5000-E6@5371+5000-E4@10448+5000-C4@16256+5000-Fs1@37232+5000-A4@53392+5000_oboe_total60000ms_b3.wav,"This audio contains a sequence of musical notes separated by silence. Identify the onset and offset times of the note A4 (MIDI 69; it appears exactly once). Reply with ONLY two timestamps in MM:SS.cc format separated by a comma, e.g. '0:05.20, 0:08.50'. Nothing else. Output only the answer."
69,5,last,5000,cello,instrument,2,2,0,"0:10.00, 0:11.50",54.97,59.97,10.0,11.5,0.0,44.97,48.47,0,0,1,/home/hsnu2/PitchBench/data/audio/pitchbench_b4_timestamp_specific_pitch/clip_Fs3@3078+5000-Fs1@23085+5000-C2@28097+5000-G2@33319+5000-E6@47441+5000-A4@54970+5000_cello_total60000ms_b3.wav,clip_Fs3@3078+5000-Fs1@23085+5000-C2@28097+5000-G2@33319+5000-E6@47441+5000-A4@54970+5000_cello_total60000ms_b3.wav,"This audio contains a sequence of musical notes separated by silence. Identify the onset and offset times of the note A4 (MIDI 69; it appears exactly once). Reply with ONLY two timestamps in MM:SS.cc format separated by a comma, e.g. '0:05.20, 0:08.50'. Nothing else. Output only the answer."
36,5,last,5000,triangle,waveform,2,2,0,"00:06.00, 00:07.00",54.952,59.952,6.0,7.0,0.0,48.952,52.952,0,0,1,/home/hsnu2/PitchBench/data/audio/pitchbench_b4_timestamp_specific_pitch/clip_C3@4575+5000-G2@9575+5000-Fs3@14575+5000-C4@33389+5000-E4@38389+5000-C2@54952+5000_triangle_total60000ms_b3.wav,clip_C3@4575+5000-G2@9575+5000-Fs3@14575+5000-C4@33389+5000-E4@38389+5000-C2@54952+5000_triangle_total60000ms_b3.wav,"This audio contains a sequence of musical notes separated by silence. Identify the onset and offset times of the note C2 (MIDI 36; it appears exactly once). Reply with ONLY two timestamps in MM:SS.cc format separated by a comma, e.g. '0:05.20, 0:08.50'. Nothing else. Output only the answer."
64,5,last,5000,trombone,instrument,2,2,0,"0:06.00, 0:07.50",54.729,59.729,6.0,7.5,0.0,48.729,52.229,0,0,1,/home/hsnu2/PitchBench/data/audio/pitchbench_b4_timestamp_specific_pitch/clip_G5@793+5000-A4@5802+5000-G2@10888+5000-Fs3@15926+5000-C3@20927+5000-E4@54729+5000_trombone_total60000ms_b3.wav,clip_G5@793+5000-A4@5802+5000-G2@10888+5000-Fs3@15926+5000-C3@20927+5000-E4@54729+5000_trombone_total60000ms_b3.wav,"This audio contains a sequence of musical notes separated by silence. Identify the onset and offset times of the note E4 (MIDI 64; it appears exactly once). Reply with ONLY two timestamps in MM:SS.cc format separated by a comma, e.g. '0:05.20, 0:08.50'. Nothing else. Output only the answer."
30,5,last,5000,square,waveform,2,2,0,"01:00.00,01:02.00",53.664,58.664,60.0,62.0,0.0,6.336,3.336,0,0,1,/home/hsnu2/PitchBench/data/audio/pitchbench_b4_timestamp_specific_pitch/clip_G5@19+5000-Fs3@5170+5000-C2@17567+5000-C4@32693+5000-A4@37712+5000-Fs1@53664+5000_square_total60000ms_b3.wav,clip_G5@19+5000-Fs3@5170+5000-C2@17567+5000-C4@32693+5000-A4@37712+5000-Fs1@53664+5000_square_total60000ms_b3.wav,"This audio contains a sequence of musical notes separated by silence. Identify the onset and offset times of the note F#1 (MIDI 30; it appears exactly once). Reply with ONLY two timestamps in MM:SS.cc format separated by a comma, e.g. '0:05.20, 0:08.50'. Nothing else. Output only the answer."
36,5,last,5000,organ,instrument,2,2,0,"00:06.00,00:07.00",25.939,30.939,6.0,7.0,0.0,19.939,23.939,0,0,1,/home/hsnu2/PitchBench/data/audio/pitchbench_b4_timestamp_specific_pitch/clip_G5@44+5000-A4@5130+5000-E4@10711+5000-Fs3@15769+5000-C3@20903+5000-C2@25939+5000_organ_total60000ms_b3.wav,clip_G5@44+5000-A4@5130+5000-E4@10711+5000-Fs3@15769+5000-C3@20903+5000-C2@25939+5000_organ_total60000ms_b3.wav,"This audio contains a sequence of musical notes separated by silence. Identify the onset and offset times of the note C2 (MIDI 36; it appears exactly once). Reply with ONLY two timestamps in MM:SS.cc format separated by a comma, e.g. '0:05.20, 0:08.50'. Nothing else. Output only the answer."
60,7,last,1000,flute,instrument,2,2,0,"00:06.00,00:07.00",58.892,59.892,6.0,7.0,0.0,52.892,52.892,0,0,1,/home/hsnu2/PitchBench/data/audio/pitchbench_b4_timestamp_specific_pitch/clip_G5@60+1000-C3@9813+1000-E6@10819+1000-E4@12283+1000-Fs1@18359+1000-G2@23384+1000-C2@56045+1000-C4@58892+1000_flute_total60000ms_b3.wav,clip_G5@60+1000-C3@9813+1000-E6@10819+1000-E4@12283+1000-Fs1@18359+1000-G2@23384+1000-C2@56045+1000-C4@58892+1000_flute_total60000ms_b3.wav,"This audio contains a sequence of musical notes separated by silence. Identify the onset and offset times of the note C4 (MIDI 60; it appears exactly once). Reply with ONLY two timestamps in MM:SS.cc format separated by a comma, e.g. '0:05.20, 0:08.50'. Nothing else. Output only the answer."
30,7,last,1000,synth_lead,instrument,2,2,0,"0:06.00, 0:07.00",58.998,59.998,6.0,7.0,0.0,52.998,52.998,0,0,1,/home/hsnu2/PitchBench/data/audio/pitchbench_b4_timestamp_specific_pitch/clip_A4@3850+1000-C4@5034+1000-E4@6034+1000-G5@7035+1000-Fs3@55758+1000-G2@56758+1000-C3@57941+1000-Fs1@58998+1000_synth_lead_total60000ms_b3.wav,clip_A4@3850+1000-C4@5034+1000-E4@6034+1000-G5@7035+1000-Fs3@55758+1000-G2@56758+1000-C3@57941+1000-Fs1@58998+1000_synth_lead_total60000ms_b3.wav,"This audio contains a sequence of musical notes separated by silence. Identify the onset and offset times of the note F#1 (MIDI 30; it appears exactly once). Reply with ONLY two timestamps in MM:SS.cc format separated by a comma, e.g. '0:05.20, 0:08.50'. Nothing else. Output only the answer."
79,7,last,1000,bass,instrument,2,2,0,"0:06.00,0:07.00",56.549,57.549,6.0,7.0,0.0,50.549,50.549,0,0,1,/home/hsnu2/PitchBench/data/audio/pitchbench_b4_timestamp_specific_pitch/clip_C3@14054+1000-C4@15125+1000-Fs1@16272+1000-G2@18845+1000-A4@31766+1000-E6@42632+1000-E4@52823+1000-G5@56549+1000_bass_total60000ms_b3.wav,clip_C3@14054+1000-C4@15125+1000-Fs1@16272+1000-G2@18845+1000-A4@31766+1000-E6@42632+1000-E4@52823+1000-G5@56549+1000_bass_total60000ms_b3.wav,"This audio contains a sequence of musical notes separated by silence. Identify the onset and offset times of the note G5 (MIDI 79; it appears exactly once). Reply with ONLY two timestamps in MM:SS.cc format separated by a comma, e.g. '0:05.20, 0:08.50'. Nothing else. Output only the answer."
43,7,last,1000,trombone,instrument,2,2,0,"0:05.00,0:06.00",58.951,59.951,5.0,6.0,0.0,53.951,53.951,0,0,1,/home/hsnu2/PitchBench/data/audio/pitchbench_b4_timestamp_specific_pitch/clip_C4@34803+1000-G5@35816+1000-A4@36914+1000-C3@39250+1000-C2@40395+1000-Fs3@52449+1000-E4@57388+1000-G2@58951+1000_trombone_total60000ms_b3.wav,clip_C4@34803+1000-G5@35816+1000-A4@36914+1000-C3@39250+1000-C2@40395+1000-Fs3@52449+1000-E4@57388+1000-G2@58951+1000_trombone_total60000ms_b3.wav,"This audio contains a sequence of musical notes separated by silence. Identify the onset and offset times of the note G2 (MIDI 43; it appears exactly once). Reply with ONLY two timestamps in MM:SS.cc format separated by a comma, e.g. '0:05.20, 0:08.50'. Nothing else. Output only the answer."
69,7,last,1000,organ,instrument,2,2,0,"0:02.00, 0:03.00",11.642,12.642,2.0,3.0,0.0,9.642,9.642,0,0,1,/home/hsnu2/PitchBench/data/audio/pitchbench_b4_timestamp_specific_pitch/clip_E6@55+1000-Fs1@1142+1000-Fs3@2376+1000-G5@3519+1000-C3@8491+1000-C2@9542+1000-G2@10562+1000-A4@11642+1000_organ_total60000ms_b3.wav,clip_E6@55+1000-Fs1@1142+1000-Fs3@2376+1000-G5@3519+1000-C3@8491+1000-C2@9542+1000-G2@10562+1000-A4@11642+1000_organ_total60000ms_b3.wav,"This audio contains a sequence of musical notes separated by silence. Identify the onset and offset times of the note A4 (MIDI 69; it appears exactly once). Reply with ONLY two timestamps in MM:SS.cc format separated by a comma, e.g. '0:05.20, 0:08.50'. Nothing else. Output only the answer."
88,7,last,1000,piano,instrument,2,2,0,"0:04.00, 0:04.50",18.441,19.441,4.0,4.5,0.0,14.441,14.941,0,0,1,/home/hsnu2/PitchBench/data/audio/pitchbench_b4_timestamp_specific_pitch/clip_G2@3+1000-Fs1@2975+1000-C4@4732+1000-G5@5761+1000-E4@7005+1000-C2@8850+1000-Fs3@17427+1000-E6@18441+1000_piano_total60000ms_b3.wav,clip_G2@3+1000-Fs1@2975+1000-C4@4732+1000-G5@5761+1000-E4@7005+1000-C2@8850+1000-Fs3@17427+1000-E6@18441+1000_piano_total60000ms_b3.wav,"This audio contains a sequence of musical notes separated by silence. Identify the onset and offset times of the note E6 (MIDI 88; it appears exactly once). Reply with ONLY two timestamps in MM:SS.cc format separated by a comma, e.g. '0:05.20, 0:08.50'. Nothing else. Output only the answer."
30,7,last,1000,voice,instrument,2,2,0,"0:10.00, 0:12.00",59.0,60.0,10.0,12.0,0.0,49.0,48.0,0,0,1,/home/hsnu2/PitchBench/data/audio/pitchbench_b4_timestamp_specific_pitch/clip_C2@1181+1000-G5@5908+1000-A4@6929+1000-E6@14317+1000-C4@15331+1000-E4@16369+1000-G2@17371+1000-Fs1@59000+1000_voice_total60000ms_b3.wav,clip_C2@1181+1000-G5@5908+1000-A4@6929+1000-E6@14317+1000-C4@15331+1000-E4@16369+1000-G2@17371+1000-Fs1@59000+1000_voice_total60000ms_b3.wav,"This audio contains a sequence of musical notes separated by silence. Identify the onset and offset times of the note F#1 (MIDI 30; it appears exactly once). Reply with ONLY two timestamps in MM:SS.cc format separated by a comma, e.g. '0:05.20, 0:08.50'. Nothing else. Output only the answer."
69,7,last,1000,sawtooth,waveform,2,2,0,"0:06.00, 0:07.00",58.202,59.202,6.0,7.0,0.0,52.202,52.202,0,0,1,/home/hsnu2/PitchBench/data/audio/pitchbench_b4_timestamp_specific_pitch/clip_G5@36+1000-G2@21886+1000-C2@23344+1000-E4@26211+1000-C4@27272+1000-Fs3@50430+1000-Fs1@56862+1000-A4@58202+1000_sawtooth_total60000ms_b3.wav,clip_G5@36+1000-G2@21886+1000-C2@23344+1000-E4@26211+1000-C4@27272+1000-Fs3@50430+1000-Fs1@56862+1000-A4@58202+1000_sawtooth_total60000ms_b3.wav,"This audio contains a sequence of musical notes separated by silence. Identify the onset and offset times of the note A4 (MIDI 69; it appears exactly once). Reply with ONLY two timestamps in MM:SS.cc format separated by a comma, e.g. '0:05.20, 0:08.50'. Nothing else. Output only the answer."
36,7,last,1000,sawtooth,waveform,2,2,0,"0:06.00, 0:07.00",58.989,59.989,6.0,7.0,0.0,52.989,52.989,0,0,1,/home/hsnu2/PitchBench/data/audio/pitchbench_b4_timestamp_specific_pitch/clip_E4@297+1000-G2@1319+1000-Fs1@2368+1000-A4@3389+1000-C4@4400+1000-G5@55522+1000-Fs3@56532+1000-C2@58989+1000_sawtooth_total60000ms_b3.wav,clip_E4@297+1000-G2@1319+1000-Fs1@2368+1000-A4@3389+1000-C4@4400+1000-G5@55522+1000-Fs3@56532+1000-C2@58989+1000_sawtooth_total60000ms_b3.wav,"This audio contains a sequence of musical notes separated by silence. Identify the onset and offset times of the note C2 (MIDI 36; it appears exactly once). Reply with ONLY two timestamps in MM:SS.cc format separated by a comma, e.g. '0:05.20, 0:08.50'. Nothing else. Output only the answer."
88,7,last,1000,synth_lead,instrument,2,2,0,"0:03.00,0:03.50",54.359,55.359,3.0,3.5,0.0,51.359,51.859,0,0,1,/home/hsnu2/PitchBench/data/audio/pitchbench_b4_timestamp_specific_pitch/clip_A4@25+1000-E4@42178+1000-G5@43178+1000-C2@44599+1000-C4@45629+1000-Fs3@46630+1000-G2@47630+1000-E6@54359+1000_synth_lead_total60000ms_b3.wav,clip_A4@25+1000-E4@42178+1000-G5@43178+1000-C2@44599+1000-C4@45629+1000-Fs3@46630+1000-G2@47630+1000-E6@54359+1000_synth_lead_total60000ms_b3.wav,"This audio contains a sequence of musical notes separated by silence. Identify the onset and offset times of the note E6 (MIDI 88; it appears exactly once). Reply with ONLY two timestamps in MM:SS.cc format separated by a comma, e.g. '0:05.20, 0:08.50'. Nothing else. Output only the answer."
79,7,last,5000,electric_keyboard,instrument,2,2,0,"00:12.00,00:13.50",54.37,59.37,12.0,13.5,0.0,42.37,45.87,0,0,1,/home/hsnu2/PitchBench/data/audio/pitchbench_b4_timestamp_specific_pitch/clip_E4@491+5000-A4@5536+5000-E6@10567+5000-Fs1@15595+5000-C4@26906+5000-C3@36232+5000-G2@49293+5000-G5@54370+5000_electric_keyboard_total60000ms_b3.wav,clip_E4@491+5000-A4@5536+5000-E6@10567+5000-Fs1@15595+5000-C4@26906+5000-C3@36232+5000-G2@49293+5000-G5@54370+5000_electric_keyboard_total60000ms_b3.wav,"This audio contains a sequence of musical notes separated by silence. Identify the onset and offset times of the note G5 (MIDI 79; it appears exactly once). Reply with ONLY two timestamps in MM:SS.cc format separated by a comma, e.g. '0:05.20, 0:08.50'. Nothing else. Output only the answer."
54,7,last,5000,flute,instrument,2,2,0,"1:00.00,1:02.00",51.848,56.848,60.0,62.0,0.0,8.152,5.152,0,0,1,/home/hsnu2/PitchBench/data/audio/pitchbench_b4_timestamp_specific_pitch/clip_G2@259+5000-G5@19306+5000-A4@24889+5000-C4@29912+5000-C3@35086+5000-C2@40775+5000-E6@46806+5000-Fs3@51848+5000_flute_total60000ms_b3.wav,clip_G2@259+5000-G5@19306+5000-A4@24889+5000-C4@29912+5000-C3@35086+5000-C2@40775+5000-E6@46806+5000-Fs3@51848+5000_flute_total60000ms_b3.wav,"This audio contains a sequence of musical notes separated by silence. Identify the onset and offset times of the note F#3 (MIDI 54; it appears exactly once). Reply with ONLY two timestamps in MM:SS.cc format separated by a comma, e.g. '0:05.20, 0:08.50'. Nothing else. Output only the answer."
30,7,last,5000,square,waveform,2,2,0,"0:06.00,0:07.00",54.623,59.623,6.0,7.0,0.0,48.623,52.623,0,0,1,/home/hsnu2/PitchBench/data/audio/pitchbench_b4_timestamp_specific_pitch/clip_E4@4932+5000-C4@10043+5000-A4@22166+5000-Fs3@33668+5000-G5@38700+5000-C3@43725+5000-C2@48725+5000-Fs1@54623+5000_square_total60000ms_b3.wav,clip_E4@4932+5000-C4@10043+5000-A4@22166+5000-Fs3@33668+5000-G5@38700+5000-C3@43725+5000-C2@48725+5000-Fs1@54623+5000_square_total60000ms_b3.wav,"This audio contains a sequence of musical notes separated by silence. Identify the onset and offset times of the note F#1 (MIDI 30; it appears exactly once). Reply with ONLY two timestamps in MM:SS.cc format separated by a comma, e.g. '0:05.20, 0:08.50'. Nothing else. Output only the answer."
88,7,last,5000,electric_keyboard,instrument,2,2,0,"0:06.00, 0:07.00",54.999,59.999,6.0,7.0,0.0,48.999,52.999,0,0,1,/home/hsnu2/PitchBench/data/audio/pitchbench_b4_timestamp_specific_pitch/clip_C3@493+5000-C4@5513+5000-G2@10513+5000-A4@15565+5000-Fs3@22870+5000-Fs1@28078+5000-C2@37109+5000-E6@54999+5000_electric_keyboard_total60000ms_b3.wav,clip_C3@493+5000-C4@5513+5000-G2@10513+5000-A4@15565+5000-Fs3@22870+5000-Fs1@28078+5000-C2@37109+5000-E6@54999+5000_electric_keyboard_total60000ms_b3.wav,"This audio contains a sequence of musical notes separated by silence. Identify the onset and offset times of the note E6 (MIDI 88; it appears exactly once). Reply with ONLY two timestamps in MM:SS.cc format separated by a comma, e.g. '0:05.20, 0:08.50'. Nothing else. Output only the answer."
60,7,last,5000,square,waveform,2,2,0,"0:06.00,0:07.00",54.866,59.866,6.0,7.0,0.0,48.866,52.866,0,0,1,/home/hsnu2/PitchBench/data/audio/pitchbench_b4_timestamp_specific_pitch/clip_E6@47+5000-C3@5149+5000-E4@10359+5000-Fs3@15864+5000-A4@21058+5000-G2@44762+5000-C2@49840+5000-C4@54866+5000_square_total60000ms_b3.wav,clip_E6@47+5000-C3@5149+5000-E4@10359+5000-Fs3@15864+5000-A4@21058+5000-G2@44762+5000-C2@49840+5000-C4@54866+5000_square_total60000ms_b3.wav,"This audio contains a sequence of musical notes separated by silence. Identify the onset and offset times of the note C4 (MIDI 60; it appears exactly once). Reply with ONLY two timestamps in MM:SS.cc format separated by a comma, e.g. '0:05.20, 0:08.50'. Nothing else. Output only the answer."
69,7,last,5000,trombone,instrument,2,2,0,"00:06.00,00:07.50",54.98,59.98,6.0,7.5,0.0,48.98,52.48,0,0,1,/home/hsnu2/PitchBench/data/audio/pitchbench_b4_timestamp_specific_pitch/clip_C3@3124+5000-E4@12432+5000-Fs1@17608+5000-Fs3@32977+5000-C4@39518+5000-C2@44520+5000-G2@49748+5000-A4@54980+5000_trombone_total60000ms_b3.wav,clip_C3@3124+5000-E4@12432+5000-Fs1@17608+5000-Fs3@32977+5000-C4@39518+5000-C2@44520+5000-G2@49748+5000-A4@54980+5000_trombone_total60000ms_b3.wav,"This audio contains a sequence of musical notes separated by silence. Identify the onset and offset times of the note A4 (MIDI 69; it appears exactly once). Reply with ONLY two timestamps in MM:SS.cc format separated by a comma, e.g. '0:05.20, 0:08.50'. Nothing else. Output only the answer."
36,7,last,5000,flute,instrument,2,2,0,"0:17.00, 0:19.50",47.477,52.477,17.0,19.5,0.0,30.477,32.977,0,0,1,/home/hsnu2/PitchBench/data/audio/pitchbench_b4_timestamp_specific_pitch/clip_G2@158+5000-Fs3@6640+5000-C4@15376+5000-Fs1@21478+5000-C3@26812+5000-A4@31831+5000-E4@42453+5000-C2@47477+5000_flute_total60000ms_b3.wav,clip_G2@158+5000-Fs3@6640+5000-C4@15376+5000-Fs1@21478+5000-C3@26812+5000-A4@31831+5000-E4@42453+5000-C2@47477+5000_flute_total60000ms_b3.wav,"This audio contains a sequence of musical notes separated by silence. Identify the onset and offset times of the note C2 (MIDI 36; it appears exactly once). Reply with ONLY two timestamps in MM:SS.cc format separated by a comma, e.g. '0:05.20, 0:08.50'. Nothing else. Output only the answer."
64,7,last,5000,oboe,instrument,2,2,0,"0:10.00, 0:11.50",53.568,58.568,10.0,11.5,0.0,43.568,47.068,0,0,1,/home/hsnu2/PitchBench/data/audio/pitchbench_b4_timestamp_specific_pitch/clip_C4@3024+5000-G2@8730+5000-C3@19329+5000-Fs1@27322+5000-E6@34355+5000-C2@42162+5000-A4@47215+5000-E4@53568+5000_oboe_total60000ms_b3.wav,clip_C4@3024+5000-G2@8730+5000-C3@19329+5000-Fs1@27322+5000-E6@34355+5000-C2@42162+5000-A4@47215+5000-E4@53568+5000_oboe_total60000ms_b3.wav,"This audio contains a sequence of musical notes separated by silence. Identify the onset and offset times of the note E4 (MIDI 64; it appears exactly once). Reply with ONLY two timestamps in MM:SS.cc format separated by a comma, e.g. '0:05.20, 0:08.50'. Nothing else. Output only the answer."
43,7,last,5000,synth_lead,instrument,2,2,0,"0:12.00, 0:13.50",52.364,57.364,12.0,13.5,0.0,40.364,43.864,0,0,1,/home/hsnu2/PitchBench/data/audio/pitchbench_b4_timestamp_specific_pitch/clip_G5@4+5000-E6@6346+5000-A4@25535+5000-E4@31670+5000-Fs3@36730+5000-C2@41851+5000-C4@46862+5000-G2@52364+5000_synth_lead_total60000ms_b3.wav,clip_G5@4+5000-E6@6346+5000-A4@25535+5000-E4@31670+5000-Fs3@36730+5000-C2@41851+5000-C4@46862+5000-G2@52364+5000_synth_lead_total60000ms_b3.wav,"This audio contains a sequence of musical notes separated by silence. Identify the onset and offset times of the note G2 (MIDI 43; it appears exactly once). Reply with ONLY two timestamps in MM:SS.cc format separated by a comma, e.g. '0:05.20, 0:08.50'. Nothing else. Output only the answer."
48,7,last,5000,trombone,instrument,2,2,0,"0:14.00, 0:16.50",53.291,58.291,14.0,16.5,0.0,39.291,41.791,0,0,1,/home/hsnu2/PitchBench/data/audio/pitchbench_b4_timestamp_specific_pitch/clip_C2@0+5000-G5@5009+5000-G2@16600+5000-E4@21605+5000-A4@26719+5000-C4@31738+5000-Fs1@47535+5000-C3@53291+5000_trombone_total60000ms_b3.wav,clip_C2@0+5000-G5@5009+5000-G2@16600+5000-E4@21605+5000-A4@26719+5000-C4@31738+5000-Fs1@47535+5000-C3@53291+5000_trombone_total60000ms_b3.wav,"This audio contains a sequence of musical notes separated by silence. Identify the onset and offset times of the note C3 (MIDI 48; it appears exactly once). Reply with ONLY two timestamps in MM:SS.cc format separated by a comma, e.g. '0:05.20, 0:08.50'. Nothing else. Output only the answer."
36,5,middle,1000,piano,instrument,2,2,0,"0:06.00, 0:07.00",3.406,4.406,6.0,7.0,0.0,2.594,2.594,0,0,1,/home/hsnu2/PitchBench/data/audio/pitchbench_b4_timestamp_specific_pitch/clip_E4@1270+1000-A4@2403+1000-C2@3406+1000-G5@54511+1000-C3@55867+1000-C4@56871+1000_piano_total60000ms_b3.wav,clip_E4@1270+1000-A4@2403+1000-C2@3406+1000-G5@54511+1000-C3@55867+1000-C4@56871+1000_piano_total60000ms_b3.wav,"This audio contains a sequence of musical notes separated by silence. Identify the onset and offset times of the note C2 (MIDI 36; it appears exactly once). Reply with ONLY two timestamps in MM:SS.cc format separated by a comma, e.g. '0:05.20, 0:08.50'. Nothing else. Output only the answer."
54,5,middle,1000,trombone,instrument,2,2,0,"0:06.00, 0:07.00",20.18,21.18,6.0,7.0,0.0,14.18,14.18,0,0,1,/home/hsnu2/PitchBench/data/audio/pitchbench_b4_timestamp_specific_pitch/clip_G2@10252+1000-E6@17731+1000-Fs3@20180+1000-G5@22302+1000-C2@23905+1000-C4@56980+1000_trombone_total60000ms_b3.wav,clip_G2@10252+1000-E6@17731+1000-Fs3@20180+1000-G5@22302+1000-C2@23905+1000-C4@56980+1000_trombone_total60000ms_b3.wav,"This audio contains a sequence of musical notes separated by silence. Identify the onset and offset times of the note F#3 (MIDI 54; it appears exactly once). Reply with ONLY two timestamps in MM:SS.cc format separated by a comma, e.g. '0:05.20, 0:08.50'. Nothing else. Output only the answer."
30,5,middle,1000,trombone,instrument,2,2,0,"0:04.00, 0:05.50",2.014,3.014,4.0,5.5,0.0,1.986,2.486,0,0,1,/home/hsnu2/PitchBench/data/audio/pitchbench_b4_timestamp_specific_pitch/clip_C4@6+1000-G5@1006+1000-Fs1@2014+1000-Fs3@3021+1000-A4@40291+1000-E6@43214+1000_trombone_total60000ms_b3.wav,clip_C4@6+1000-G5@1006+1000-Fs1@2014+1000-Fs3@3021+1000-A4@40291+1000-E6@43214+1000_trombone_total60000ms_b3.wav,"This audio contains a sequence of musical notes separated by silence. Identify the onset and offset times of the note F#1 (MIDI 30; it appears exactly once). Reply with ONLY two timestamps in MM:SS.cc format separated by a comma, e.g. '0:05.20, 0:08.50'. Nothing else. Output only the answer."
48,5,middle,1000,electric_keyboard,instrument,2,2,0,"0:04.00,0:05.00",45.786,46.786,4.0,5.0,0.0,41.786,41.786,0,0,1,/home/hsnu2/PitchBench/data/audio/pitchbench_b4_timestamp_specific_pitch/clip_G5@36187+1000-G2@41325+1000-C3@45786+1000-A4@48402+1000-Fs3@57714+1000-E6@58807+1000_electric_keyboard_total60000ms_b3.wav,clip_G5@36187+1000-G2@41325+1000-C3@45786+1000-A4@48402+1000-Fs3@57714+1000-E6@58807+1000_electric_keyboard_total60000ms_b3.wav,"This audio contains a sequence of musical notes separated by silence. Identify the onset and offset times of the note C3 (MIDI 48; it appears exactly once). Reply with ONLY two timestamps in MM:SS.cc format separated by a comma, e.g. '0:05.20, 0:08.50'. Nothing else. Output only the answer."
36,5,middle,1000,synth_pad,instrument,2,2,0,"0:06.00, 0:07.00",47.242,48.242,6.0,7.0,0.0,41.242,41.242,0,0,1,/home/hsnu2/PitchBench/data/audio/pitchbench_b4_timestamp_specific_pitch/clip_E6@3676+1000-C4@46217+1000-C2@47242+1000-A4@48864+1000-G5@51393+1000-E4@52842+1000_synth_pad_total60000ms_b3.wav,clip_E6@3676+1000-C4@46217+1000-C2@47242+1000-A4@48864+1000-G5@51393+1000-E4@52842+1000_synth_pad_total60000ms_b3.wav,"This audio contains a sequence of musical notes separated by silence. Identify the onset and offset times of the note C2 (MIDI 36; it appears exactly once). Reply with ONLY two timestamps in MM:SS.cc format separated by a comma, e.g. '0:05.20, 0:08.50'. Nothing else. Output only the answer."
79,5,middle,1000,guitar,instrument,2,2,0,"00:02.00, 00:03.00",24.494,25.494,2.0,3.0,0.0,22.494,22.494,0,0,1,/home/hsnu2/PitchBench/data/audio/pitchbench_b4_timestamp_specific_pitch/clip_A4@341+1000-Fs1@1349+1000-G5@24494+1000-C2@25601+1000-C3@27260+1000-C4@58523+1000_guitar_total60000ms_b3.wav,clip_A4@341+1000-Fs1@1349+1000-G5@24494+1000-C2@25601+1000-C3@27260+1000-C4@58523+1000_guitar_total60000ms_b3.wav,"This audio contains a sequence of musical notes separated by silence. Identify the onset and offset times of the note G5 (MIDI 79; it appears exactly once). Reply with ONLY two timestamps in MM:SS.cc format separated by a comma, e.g. '0:05.20, 0:08.50'. Nothing else. Output only the answer."
88,5,middle,1000,synth_pad,instrument,2,2,0,"0:04.00, 0:05.00",6.098,7.098,4.0,5.0,0.0,2.098,2.098,0,0,1,/home/hsnu2/PitchBench/data/audio/pitchbench_b4_timestamp_specific_pitch/clip_Fs3@3739+1000-G2@4863+1000-E6@6098+1000-E4@7181+1000-Fs1@8762+1000-G5@54036+1000_synth_pad_total60000ms_b3.wav,clip_Fs3@3739+1000-G2@4863+1000-E6@6098+1000-E4@7181+1000-Fs1@8762+1000-G5@54036+1000_synth_pad_total60000ms_b3.wav,"This audio contains a sequence of musical notes separated by silence. Identify the onset and offset times of the note E6 (MIDI 88; it appears exactly once). Reply with ONLY two timestamps in MM:SS.cc format separated by a comma, e.g. '0:05.20, 0:08.50'. Nothing else. Output only the answer."
54,5,middle,1000,synth_pad,instrument,2,2,0,"0:06.00, 0:07.00",12.908,13.908,6.0,7.0,0.0,6.908,6.908,0,0,1,/home/hsnu2/PitchBench/data/audio/pitchbench_b4_timestamp_specific_pitch/clip_G5@10659+1000-E4@11793+1000-Fs3@12908+1000-C2@55330+1000-A4@56812+1000-C4@58898+1000_synth_pad_total60000ms_b3.wav,clip_G5@10659+1000-E4@11793+1000-Fs3@12908+1000-C2@55330+1000-A4@56812+1000-C4@58898+1000_synth_pad_total60000ms_b3.wav,"This audio contains a sequence of musical notes separated by silence. Identify the onset and offset times of the note F#3 (MIDI 54; it appears exactly once). Reply with ONLY two timestamps in MM:SS.cc format separated by a comma, e.g. '0:05.20, 0:08.50'. Nothing else. Output only the answer."
60,5,middle,1000,synth_lead,instrument,2,2,0,"0:04.00,0:05.00",49.792,50.792,4.0,5.0,0.0,45.792,45.792,0,0,1,/home/hsnu2/PitchBench/data/audio/pitchbench_b4_timestamp_specific_pitch/clip_E4@1546+1000-E6@45893+1000-C4@49792+1000-Fs1@51935+1000-A4@53614+1000-G5@58231+1000_synth_lead_total60000ms_b3.wav,clip_E4@1546+1000-E6@45893+1000-C4@49792+1000-Fs1@51935+1000-A4@53614+1000-G5@58231+1000_synth_lead_total60000ms_b3.wav,"This audio contains a sequence of musical notes separated by silence. Identify the onset and offset times of the note C4 (MIDI 60; it appears exactly once). Reply with ONLY two timestamps in MM:SS.cc format separated by a comma, e.g. '0:05.20, 0:08.50'. Nothing else. Output only the answer."
79,5,middle,1000,sawtooth,waveform,2,2,0,"0:06.00,0:07.00",43.519,44.519,6.0,7.0,0.0,37.519,37.519,0,0,1,/home/hsnu2/PitchBench/data/audio/pitchbench_b4_timestamp_specific_pitch/clip_E6@36311+1000-E4@42060+1000-G5@43519+1000-G2@56390+1000-Fs1@57540+1000-A4@58767+1000_sawtooth_total60000ms_b3.wav,clip_E6@36311+1000-E4@42060+1000-G5@43519+1000-G2@56390+1000-Fs1@57540+1000-A4@58767+1000_sawtooth_total60000ms_b3.wav,"This audio contains a sequence of musical notes separated by silence. Identify the onset and offset times of the note G5 (MIDI 79; it appears exactly once). Reply with ONLY two timestamps in MM:SS.cc format separated by a comma, e.g. '0:05.20, 0:08.50'. Nothing else. Output only the answer."
60,5,middle,5000,bass,instrument,2,2,0,"0:00.00, 0:01.50",26.219,31.219,0.0,1.5,0.0,26.219,29.719,0,0,1,/home/hsnu2/PitchBench/data/audio/pitchbench_b4_timestamp_specific_pitch/clip_E4@6420+5000-C2@11895+5000-C4@26219+5000-C3@32039+5000-G2@37047+5000-Fs1@42054+5000_bass_total60000ms_b3.wav,clip_E4@6420+5000-C2@11895+5000-C4@26219+5000-C3@32039+5000-G2@37047+5000-Fs1@42054+5000_bass_total60000ms_b3.wav,"This audio contains a sequence of musical notes separated by silence. Identify the onset and offset times of the note C4 (MIDI 60; it appears exactly once). Reply with ONLY two timestamps in MM:SS.cc format separated by a comma, e.g. '0:05.20, 0:08.50'. Nothing else. Output only the answer."
43,5,middle,5000,synth_lead,instrument,2,2,0,"0:12.00, 0:13.50",34.317,39.317,12.0,13.5,0.0,22.317,25.817,0,0,1,/home/hsnu2/PitchBench/data/audio/pitchbench_b4_timestamp_specific_pitch/clip_A4@682+5000-E6@21175+5000-G2@34317+5000-C3@42378+5000-G5@47487+5000-E4@53149+5000_synth_lead_total60000ms_b3.wav,clip_A4@682+5000-E6@21175+5000-G2@34317+5000-C3@42378+5000-G5@47487+5000-E4@53149+5000_synth_lead_total60000ms_b3.wav,"This audio contains a sequence of musical notes separated by silence. Identify the onset and offset times of the note G2 (MIDI 43; it appears exactly once). Reply with ONLY two timestamps in MM:SS.cc format separated by a comma, e.g. '0:05.20, 0:08.50'. Nothing else. Output only the answer."
48,5,middle,5000,piano,instrument,2,2,0,"00:06.00, 00:08.00",28.307,33.307,6.0,8.0,0.0,22.307,25.307,0,0,1,/home/hsnu2/PitchBench/data/audio/pitchbench_b4_timestamp_specific_pitch/clip_G2@12158+5000-C2@17209+5000-C3@28307+5000-E4@34465+5000-Fs3@48241+5000-Fs1@54220+5000_piano_total60000ms_b3.wav,clip_G2@12158+5000-C2@17209+5000-C3@28307+5000-E4@34465+5000-Fs3@48241+5000-Fs1@54220+5000_piano_total60000ms_b3.wav,"This audio contains a sequence of musical notes separated by silence. Identify the onset and offset times of the note C3 (MIDI 48; it appears exactly once). Reply with ONLY two timestamps in MM:SS.cc format separated by a comma, e.g. '0:05.20, 0:08.50'. Nothing else. Output only the answer."
64,5,middle,5000,cello,instrument,2,2,0,"0:06.00, 0:08.00",11.501,16.501,6.0,8.0,0.0,5.501,8.501,0,0,1,/home/hsnu2/PitchBench/data/audio/pitchbench_b4_timestamp_specific_pitch/clip_G2@1492+5000-C2@6498+5000-E4@11501+5000-A4@18199+5000-Fs3@36090+5000-Fs1@41090+5000_cello_total60000ms_b3.wav,clip_G2@1492+5000-C2@6498+5000-E4@11501+5000-A4@18199+5000-Fs3@36090+5000-Fs1@41090+5000_cello_total60000ms_b3.wav,"This audio contains a sequence of musical notes separated by silence. Identify the onset and offset times of the note E4 (MIDI 64; it appears exactly once). Reply with ONLY two timestamps in MM:SS.cc format separated by a comma, e.g. '0:05.20, 0:08.50'. Nothing else. Output only the answer."
64,5,middle,5000,voice,instrument,2,2,0,"00:06.00,00:07.00",16.094,21.094,6.0,7.0,0.0,10.094,14.094,0,0,1,/home/hsnu2/PitchBench/data/audio/pitchbench_b4_timestamp_specific_pitch/clip_C4@0+5000-C3@11094+5000-E4@16094+5000-E6@21094+5000-A4@26097+5000-Fs3@31097+5000_voice_total60000ms_b3.wav,clip_C4@0+5000-C3@11094+5000-E4@16094+5000-E6@21094+5000-A4@26097+5000-Fs3@31097+5000_voice_total60000ms_b3.wav,"This audio contains a sequence of musical notes separated by silence. Identify the onset and offset times of the note E4 (MIDI 64; it appears exactly once). Reply with ONLY two timestamps in MM:SS.cc format separated by a comma, e.g. '0:05.20, 0:08.50'. Nothing else. Output only the answer."
43,5,middle,5000,guitar,instrument,2,2,0,"0:06.00, 0:07.50",10.176,15.176,6.0,7.5,0.0,4.176,7.676,0,0,1,/home/hsnu2/PitchBench/data/audio/pitchbench_b4_timestamp_specific_pitch/clip_E6@0+5000-Fs1@5004+5000-G2@10176+5000-C4@44768+5000-E4@49791+5000-G5@54796+5000_guitar_total60000ms_b3.wav,clip_E6@0+5000-Fs1@5004+5000-G2@10176+5000-C4@44768+5000-E4@49791+5000-G5@54796+5000_guitar_total60000ms_b3.wav,"This audio contains a sequence of musical notes separated by silence. Identify the onset and offset times of the note G2 (MIDI 43; it appears exactly once). Reply with ONLY two timestamps in MM:SS.cc format separated by a comma, e.g. '0:05.20, 0:08.50'. Nothing else. Output only the answer."
36,5,middle,5000,piano,instrument,2,2,0,"0:06.00, 0:08.00",31.29,36.29,6.0,8.0,0.0,25.29,28.29,0,0,1,/home/hsnu2/PitchBench/data/audio/pitchbench_b4_timestamp_specific_pitch/clip_E6@1791+5000-G2@26016+5000-C2@31290+5000-Fs3@41320+5000-G5@47456+5000-C3@53821+5000_piano_total60000ms_b3.wav,clip_E6@1791+5000-G2@26016+5000-C2@31290+5000-Fs3@41320+5000-G5@47456+5000-C3@53821+5000_piano_total60000ms_b3.wav,"This audio contains a sequence of musical notes separated by silence. Identify the onset and offset times of the note C2 (MIDI 36; it appears exactly once). Reply with ONLY two timestamps in MM:SS.cc format separated by a comma, e.g. '0:05.20, 0:08.50'. Nothing else. Output only the answer."
79,5,middle,5000,oboe,instrument,2,2,0,"0:05.00, 0:06.00",33.877,38.877,5.0,6.0,0.0,28.877,32.877,0,0,1,/home/hsnu2/PitchBench/data/audio/pitchbench_b4_timestamp_specific_pitch/clip_A4@19142+5000-Fs3@24142+5000-G5@33877+5000-C3@38879+5000-E6@43925+5000-E4@49506+5000_oboe_total60000ms_b3.wav,clip_A4@19142+5000-Fs3@24142+5000-G5@33877+5000-C3@38879+5000-E6@43925+5000-E4@49506+5000_oboe_total60000ms_b3.wav,"This audio contains a sequence of musical notes separated by silence. Identify the onset and offset times of the note G5 (MIDI 79; it appears exactly once). Reply with ONLY two timestamps in MM:SS.cc format separated by a comma, e.g. '0:05.20, 0:08.50'. Nothing else. Output only the answer."
69,5,middle,5000,trombone,instrument,2,2,0,"0:06.00, 0:07.00",16.879,21.879,6.0,7.0,0.0,10.879,14.879,0,0,1,/home/hsnu2/PitchBench/data/audio/pitchbench_b4_timestamp_specific_pitch/clip_G5@163+5000-G2@7468+5000-A4@16879+5000-E6@35218+5000-C2@41816+5000-Fs3@51345+5000_trombone_total60000ms_b3.wav,clip_G5@163+5000-G2@7468+5000-A4@16879+5000-E6@35218+5000-C2@41816+5000-Fs3@51345+5000_trombone_total60000ms_b3.wav,"This audio contains a sequence of musical notes separated by silence. Identify the onset and offset times of the note A4 (MIDI 69; it appears exactly once). Reply with ONLY two timestamps in MM:SS.cc format separated by a comma, e.g. '0:05.20, 0:08.50'. Nothing else. Output only the answer."
88,5,middle,5000,guitar,instrument,2,2,0,"0:02.00, 0:03.00",13.687,18.687,2.0,3.0,0.0,11.687,15.687,0,0,1,/home/hsnu2/PitchBench/data/audio/pitchbench_b4_timestamp_specific_pitch/clip_C3@1479+5000-G5@7047+5000-E6@13687+5000-Fs3@30485+5000-G2@41539+5000-Fs1@54847+5000_guitar_total60000ms_b3.wav,clip_C3@1479+5000-G5@7047+5000-E6@13687+5000-Fs3@30485+5000-G2@41539+5000-Fs1@54847+5000_guitar_total60000ms_b3.wav,"This audio contains a sequence of musical notes separated by silence. Identify the onset and offset times of the note E6 (MIDI 88; it appears exactly once). Reply with ONLY two timestamps in MM:SS.cc format separated by a comma, e.g. '0:05.20, 0:08.50'. Nothing else. Output only the answer."
48,7,middle,1000,synth_lead,instrument,2,2,0,"0:02.00,0:02.50",46.219,47.219,2.0,2.5,0.0,44.219,44.719,0,0,1,/home/hsnu2/PitchBench/data/audio/pitchbench_b4_timestamp_specific_pitch/clip_C4@7+1000-G5@1027+1000-E6@45061+1000-C3@46219+1000-E4@47301+1000-A4@52803+1000-G2@56025+1000-Fs3@57035+1000_synth_lead_total60000ms_b3.wav,clip_C4@7+1000-G5@1027+1000-E6@45061+1000-C3@46219+1000-E4@47301+1000-A4@52803+1000-G2@56025+1000-Fs3@57035+1000_synth_lead_total60000ms_b3.wav,"This audio contains a sequence of musical notes separated by silence. Identify the onset and offset times of the note C3 (MIDI 48; it appears exactly once). Reply with ONLY two timestamps in MM:SS.cc format separated by a comma, e.g. '0:05.20, 0:08.50'. Nothing else. Output only the answer."
64,7,middle,1000,synth_pad,instrument,2,2,0,"0:04.00,0:05.00",4.336,5.336,4.0,5.0,0.497,0.336,0.336,0,1,1,/home/hsnu2/PitchBench/data/audio/pitchbench_b4_timestamp_specific_pitch/clip_C4@10+1000-A4@2290+1000-Fs3@3301+1000-E4@4336+1000-C2@31279+1000-G5@32279+1000-G2@33281+1000-Fs1@37417+1000_synth_pad_total60000ms_b3.wav,clip_C4@10+1000-A4@2290+1000-Fs3@3301+1000-E4@4336+1000-C2@31279+1000-G5@32279+1000-G2@33281+1000-Fs1@37417+1000_synth_pad_total60000ms_b3.wav,"This audio contains a sequence of musical notes separated by silence. Identify the onset and offset times of the note E4 (MIDI 64; it appears exactly once). Reply with ONLY two timestamps in MM:SS.cc format separated by a comma, e.g. '0:05.20, 0:08.50'. Nothing else. Output only the answer."
43,7,middle,1000,organ,instrument,2,2,1,"00:04.00,00:05.00",4.034,5.034,4.0,5.0,0.9342,0.034,0.034,1,1,1,/home/hsnu2/PitchBench/data/audio/pitchbench_b4_timestamp_specific_pitch/clip_Fs3@7+1000-Fs1@1015+1000-C3@2958+1000-G2@4034+1000-E4@5055+1000-C4@6069+1000-G5@33971+1000-A4@58254+1000_organ_total60000ms_b3.wav,clip_Fs3@7+1000-Fs1@1015+1000-C3@2958+1000-G2@4034+1000-E4@5055+1000-C4@6069+1000-G5@33971+1000-A4@58254+1000_organ_total60000ms_b3.wav,"This audio contains a sequence of musical notes separated by silence. Identify the onset and offset times of the note G2 (MIDI 43; it appears exactly once). Reply with ONLY two timestamps in MM:SS.cc format separated by a comma, e.g. '0:05.20, 0:08.50'. Nothing else. Output only the answer."
64,7,middle,1000,electric_keyboard,instrument,2,2,0,"0:06.50,0:07.50",19.256,20.256,6.5,7.5,0.0,12.756,12.756,0,0,1,/home/hsnu2/PitchBench/data/audio/pitchbench_b4_timestamp_specific_pitch/clip_E6@205+1000-Fs3@1246+1000-C4@16665+1000-E4@19256+1000-C2@28652+1000-A4@29696+1000-G2@57825+1000-Fs1@58853+1000_electric_keyboard_total60000ms_b3.wav,clip_E6@205+1000-Fs3@1246+1000-C4@16665+1000-E4@19256+1000-C2@28652+1000-A4@29696+1000-G2@57825+1000-Fs1@58853+1000_electric_keyboard_total60000ms_b3.wav,"This audio contains a sequence of musical notes separated by silence. Identify the onset and offset times of the note E4 (MIDI 64; it appears exactly once). Reply with ONLY two timestamps in MM:SS.cc format separated by a comma, e.g. '0:05.20, 0:08.50'. Nothing else. Output only the answer."
60,7,middle,1000,synth_pad,instrument,2,2,0,"0:06.00, 0:07.00",4.899,5.899,6.0,7.0,0.0,1.101,1.101,0,0,1,/home/hsnu2/PitchBench/data/audio/pitchbench_b4_timestamp_specific_pitch/clip_Fs1@73+1000-C3@2390+1000-Fs3@3495+1000-C4@4899+1000-E4@18008+1000-E6@20256+1000-G2@53217+1000-C2@58642+1000_synth_pad_total60000ms_b3.wav,clip_Fs1@73+1000-C3@2390+1000-Fs3@3495+1000-C4@4899+1000-E4@18008+1000-E6@20256+1000-G2@53217+1000-C2@58642+1000_synth_pad_total60000ms_b3.wav,"This audio contains a sequence of musical notes separated by silence. Identify the onset and offset times of the note C4 (MIDI 60; it appears exactly once). Reply with ONLY two timestamps in MM:SS.cc format separated by a comma, e.g. '0:05.20, 0:08.50'. Nothing else. Output only the answer."
48,7,middle,1000,trumpet,instrument,2,2,0,"0:06.00, 0:07.00",6.381,7.381,6.0,7.0,0.4482,0.381,0.381,0,1,1,/home/hsnu2/PitchBench/data/audio/pitchbench_b4_timestamp_specific_pitch/clip_G2@0+1000-A4@2448+1000-C4@5380+1000-C3@6381+1000-Fs1@14374+1000-Fs3@56827+1000-G5@57882+1000-E6@58883+1000_trumpet_total60000ms_b3.wav,clip_G2@0+1000-A4@2448+1000-C4@5380+1000-C3@6381+1000-Fs1@14374+1000-Fs3@56827+1000-G5@57882+1000-E6@58883+1000_trumpet_total60000ms_b3.wav,"This audio contains a sequence of musical notes separated by silence. Identify the onset and offset times of the note C3 (MIDI 48; it appears exactly once). Reply with ONLY two timestamps in MM:SS.cc format separated by a comma, e.g. '0:05.20, 0:08.50'. Nothing else. Output only the answer."
54,7,middle,1000,sawtooth,waveform,2,2,0,"0:06.00, 0:07.00",32.846,33.846,6.0,7.0,0.0,26.846,26.846,0,0,1,/home/hsnu2/PitchBench/data/audio/pitchbench_b4_timestamp_specific_pitch/clip_Fs1@7439+1000-A4@8506+1000-E6@30029+1000-Fs3@32846+1000-G2@36368+1000-G5@43941+1000-E4@52415+1000-C3@54347+1000_sawtooth_total60000ms_b3.wav,clip_Fs1@7439+1000-A4@8506+1000-E6@30029+1000-Fs3@32846+1000-G2@36368+1000-G5@43941+1000-E4@52415+1000-C3@54347+1000_sawtooth_total60000ms_b3.wav,"This audio contains a sequence of musical notes separated by silence. Identify the onset and offset times of the note F#3 (MIDI 54; it appears exactly once). Reply with ONLY two timestamps in MM:SS.cc format separated by a comma, e.g. '0:05.20, 0:08.50'. Nothing else. Output only the answer."
79,7,middle,1000,electric_keyboard,instrument,2,2,0,"0:04.00, 0:05.00",3.382,4.382,4.0,5.0,0.2361,0.618,0.618,0,0,1,/home/hsnu2/PitchBench/data/audio/pitchbench_b4_timestamp_specific_pitch/clip_E4@74+1000-Fs3@1138+1000-A4@2143+1000-G5@3382+1000-E6@24328+1000-C3@25633+1000-G2@30085+1000-Fs1@31117+1000_electric_keyboard_total60000ms_b3.wav,clip_E4@74+1000-Fs3@1138+1000-A4@2143+1000-G5@3382+1000-E6@24328+1000-C3@25633+1000-G2@30085+1000-Fs1@31117+1000_electric_keyboard_total60000ms_b3.wav,"This audio contains a sequence of musical notes separated by silence. Identify the onset and offset times of the note G5 (MIDI 79; it appears exactly once). Reply with ONLY two timestamps in MM:SS.cc format separated by a comma, e.g. '0:05.20, 0:08.50'. Nothing else. Output only the answer."
79,7,middle,1000,sine,waveform,2,2,0,"00:03.00, 00:03.50",30.639,31.639,3.0,3.5,0.0,27.639,28.139,0,0,1,/home/hsnu2/PitchBench/data/audio/pitchbench_b4_timestamp_specific_pitch/clip_C3@765+1000-G2@1844+1000-A4@2869+1000-G5@30639+1000-C4@32338+1000-C2@35314+1000-Fs1@57575+1000-E4@58705+1000_sine_total60000ms_b3.wav,clip_C3@765+1000-G2@1844+1000-A4@2869+1000-G5@30639+1000-C4@32338+1000-C2@35314+1000-Fs1@57575+1000-E4@58705+1000_sine_total60000ms_b3.wav,"This audio contains a sequence of musical notes separated by silence. Identify the onset and offset times of the note G5 (MIDI 79; it appears exactly once). Reply with ONLY two timestamps in MM:SS.cc format separated by a comma, e.g. '0:05.20, 0:08.50'. Nothing else. Output only the answer."
30,7,middle,1000,trumpet,instrument,2,2,0,"0:06.00, 0:07.00",12.117,13.117,6.0,7.0,0.0,6.117,6.117,0,0,1,/home/hsnu2/PitchBench/data/audio/pitchbench_b4_timestamp_specific_pitch/clip_Fs3@49+1000-G5@1679+1000-E4@2745+1000-Fs1@12117+1000-C4@13176+1000-C3@14465+1000-G2@57061+1000-A4@58837+1000_trumpet_total60000ms_b3.wav,clip_Fs3@49+1000-G5@1679+1000-E4@2745+1000-Fs1@12117+1000-C4@13176+1000-C3@14465+1000-G2@57061+1000-A4@58837+1000_trumpet_total60000ms_b3.wav,"This audio contains a sequence of musical notes separated by silence. Identify the onset and offset times of the note F#1 (MIDI 30; it appears exactly once). Reply with ONLY two timestamps in MM:SS.cc format separated by a comma, e.g. '0:05.20, 0:08.50'. Nothing else. Output only the answer."
43,7,middle,5000,clarinet,instrument,2,2,0,"0:10.00, 0:11.50",16.289,21.289,10.0,11.5,0.0,6.289,9.789,0,0,1,/home/hsnu2/PitchBench/data/audio/pitchbench_b4_timestamp_specific_pitch/clip_C2@68+5000-C3@5072+5000-G5@11276+5000-G2@16289+5000-E4@35293+5000-A4@40330+5000-Fs1@48841+5000-C4@54964+5000_clarinet_total60000ms_b3.wav,clip_C2@68+5000-C3@5072+5000-G5@11276+5000-G2@16289+5000-E4@35293+5000-A4@40330+5000-Fs1@48841+5000-C4@54964+5000_clarinet_total60000ms_b3.wav,"This audio contains a sequence of musical notes separated by silence. Identify the onset and offset times of the note G2 (MIDI 43; it appears exactly once). Reply with ONLY two timestamps in MM:SS.cc format separated by a comma, e.g. '0:05.20, 0:08.50'. Nothing else. Output only the answer."
79,7,middle,5000,guitar,instrument,2,2,0,"0:07.00, 0:08.00",34.846,39.846,7.0,8.0,0.0,27.846,31.846,0,0,1,/home/hsnu2/PitchBench/data/audio/pitchbench_b4_timestamp_specific_pitch/clip_C3@0+5000-C2@5361+5000-Fs1@10361+5000-G5@34846+5000-E6@39870+5000-E4@44992+5000-G2@49992+5000-Fs3@55000+5000_guitar_total60000ms_b3.wav,clip_C3@0+5000-C2@5361+5000-Fs1@10361+5000-G5@34846+5000-E6@39870+5000-E4@44992+5000-G2@49992+5000-Fs3@55000+5000_guitar_total60000ms_b3.wav,"This audio contains a sequence of musical notes separated by silence. Identify the onset and offset times of the note G5 (MIDI 79; it appears exactly once). Reply with ONLY two timestamps in MM:SS.cc format separated by a comma, e.g. '0:05.20, 0:08.50'. Nothing else. Output only the answer."
64,7,middle,5000,sawtooth,waveform,2,2,0,"0:06.00, 0:07.00",34.658,39.658,6.0,7.0,0.0,28.658,32.658,0,0,1,/home/hsnu2/PitchBench/data/audio/pitchbench_b4_timestamp_specific_pitch/clip_G2@18022+5000-Fs3@23023+5000-G5@28028+5000-E4@34658+5000-A4@39946+5000-C3@44976+5000-E6@49977+5000-C4@54982+5000_sawtooth_total60000ms_b3.wav,clip_G2@18022+5000-Fs3@23023+5000-G5@28028+5000-E4@34658+5000-A4@39946+5000-C3@44976+5000-E6@49977+5000-C4@54982+5000_sawtooth_total60000ms_b3.wav,"This audio contains a sequence of musical notes separated by silence. Identify the onset and offset times of the note E4 (MIDI 64; it appears exactly once). Reply with ONLY two timestamps in MM:SS.cc format separated by a comma, e.g. '0:05.20, 0:08.50'. Nothing else. Output only the answer."
54,7,middle,5000,electric_keyboard,instrument,2,2,0,"0:12.00, 0:14.00",27.77,32.77,12.0,14.0,0.0,15.77,18.77,0,0,1,/home/hsnu2/PitchBench/data/audio/pitchbench_b4_timestamp_specific_pitch/clip_C4@0+5000-Fs1@17311+5000-C2@22693+5000-Fs3@27770+5000-G2@32770+5000-C3@44961+5000-E4@49990+5000-E6@54990+5000_electric_keyboard_total60000ms_b3.wav,clip_C4@0+5000-Fs1@17311+5000-C2@22693+5000-Fs3@27770+5000-G2@32770+5000-C3@44961+5000-E4@49990+5000-E6@54990+5000_electric_keyboard_total60000ms_b3.wav,"This audio contains a sequence of musical notes separated by silence. Identify the onset and offset times of the note F#3 (MIDI 54; it appears exactly once). Reply with ONLY two timestamps in MM:SS.cc format separated by a comma, e.g. '0:05.20, 0:08.50'. Nothing else. Output only the answer."
60,7,middle,5000,organ,instrument,2,2,0,"0:06.00,0:07.00",24.232,29.232,6.0,7.0,0.0,18.232,22.232,0,0,1,/home/hsnu2/PitchBench/data/audio/pitchbench_b4_timestamp_specific_pitch/clip_E6@2541+5000-C3@8799+5000-Fs1@15434+5000-C4@24232+5000-C2@29583+5000-A4@35577+5000-G5@45094+5000-E4@53819+5000_organ_total60000ms_b3.wav,clip_E6@2541+5000-C3@8799+5000-Fs1@15434+5000-C4@24232+5000-C2@29583+5000-A4@35577+5000-G5@45094+5000-E4@53819+5000_organ_total60000ms_b3.wav,"This audio contains a sequence of musical notes separated by silence. Identify the onset and offset times of the note C4 (MIDI 60; it appears exactly once). Reply with ONLY two timestamps in MM:SS.cc format separated by a comma, e.g. '0:05.20, 0:08.50'. Nothing else. Output only the answer."
48,7,middle,5000,voice,instrument,2,2,0,"0:12.00, 0:14.00",16.484,21.484,12.0,14.0,0.0,4.484,7.484,0,0,1,/home/hsnu2/PitchBench/data/audio/pitchbench_b4_timestamp_specific_pitch/clip_E4@1+5000-C4@5001+5000-A4@11481+5000-C3@16484+5000-G5@21486+5000-G2@44876+5000-C2@49876+5000-Fs3@54905+5000_voice_total60000ms_b3.wav,clip_E4@1+5000-C4@5001+5000-A4@11481+5000-C3@16484+5000-G5@21486+5000-G2@44876+5000-C2@49876+5000-Fs3@54905+5000_voice_total60000ms_b3.wav,"This audio contains a sequence of musical notes separated by silence. Identify the onset and offset times of the note C3 (MIDI 48; it appears exactly once). Reply with ONLY two timestamps in MM:SS.cc format separated by a comma, e.g. '0:05.20, 0:08.50'. Nothing else. Output only the answer."
30,7,middle,5000,trumpet,instrument,2,2,0,"01:00.00,01:02.50",20.271,25.271,60.0,62.5,0.0,39.729,37.229,0,0,1,/home/hsnu2/PitchBench/data/audio/pitchbench_b4_timestamp_specific_pitch/clip_A4@763+5000-E6@5763+5000-G2@10785+5000-Fs1@20271+5000-G5@25271+5000-C2@30304+5000-E4@35304+5000-C4@40321+5000_trumpet_total60000ms_b3.wav,clip_A4@763+5000-E6@5763+5000-G2@10785+5000-Fs1@20271+5000-G5@25271+5000-C2@30304+5000-E4@35304+5000-C4@40321+5000_trumpet_total60000ms_b3.wav,"This audio contains a sequence of musical notes separated by silence. Identify the onset and offset times of the note F#1 (MIDI 30; it appears exactly once). Reply with ONLY two timestamps in MM:SS.cc format separated by a comma, e.g. '0:05.20, 0:08.50'. Nothing else. Output only the answer."
69,7,middle,5000,synth_lead,instrument,2,2,0,"0:12.00, 0:13.50",17.209,22.209,12.0,13.5,0.0,5.209,8.709,0,0,1,/home/hsnu2/PitchBench/data/audio/pitchbench_b4_timestamp_specific_pitch/clip_G2@723+5000-C3@7209+5000-E6@12209+5000-A4@17209+5000-C2@22219+5000-G5@27439+5000-Fs3@32439+5000-Fs1@54804+5000_synth_lead_total60000ms_b3.wav,clip_G2@723+5000-C3@7209+5000-E6@12209+5000-A4@17209+5000-C2@22219+5000-G5@27439+5000-Fs3@32439+5000-Fs1@54804+5000_synth_lead_total60000ms_b3.wav,"This audio contains a sequence of musical notes separated by silence. Identify the onset and offset times of the note A4 (MIDI 69; it appears exactly once). Reply with ONLY two timestamps in MM:SS.cc format separated by a comma, e.g. '0:05.20, 0:08.50'. Nothing else. Output only the answer."
69,7,middle,5000,violin,instrument,2,2,0,"0:10.00, 0:12.00",28.789,33.789,10.0,12.0,0.0,18.789,21.789,0,0,1,/home/hsnu2/PitchBench/data/audio/pitchbench_b4_timestamp_specific_pitch/clip_Fs1@4+5000-C3@5044+5000-C4@10063+5000-A4@28789+5000-G5@37863+5000-E4@43606+5000-C2@49446+5000-E6@54917+5000_violin_total60000ms_b3.wav,clip_Fs1@4+5000-C3@5044+5000-C4@10063+5000-A4@28789+5000-G5@37863+5000-E4@43606+5000-C2@49446+5000-E6@54917+5000_violin_total60000ms_b3.wav,"This audio contains a sequence of musical notes separated by silence. Identify the onset and offset times of the note A4 (MIDI 69; it appears exactly once). Reply with ONLY two timestamps in MM:SS.cc format separated by a comma, e.g. '0:05.20, 0:08.50'. Nothing else. Output only the answer."
36,7,middle,5000,clarinet,instrument,2,2,0,"01:00.00, 01:02.50",25.846,30.846,60.0,62.5,0.0,34.154,31.654,0,0,1,/home/hsnu2/PitchBench/data/audio/pitchbench_b4_timestamp_specific_pitch/clip_Fs3@223+5000-C4@6340+5000-Fs1@20171+5000-C2@25846+5000-A4@30896+5000-C3@37838+5000-E6@49877+5000-G5@54995+5000_clarinet_total60000ms_b3.wav,clip_Fs3@223+5000-C4@6340+5000-Fs1@20171+5000-C2@25846+5000-A4@30896+5000-C3@37838+5000-E6@49877+5000-G5@54995+5000_clarinet_total60000ms_b3.wav,"This audio contains a sequence of musical notes separated by silence. Identify the onset and offset times of the note C2 (MIDI 36; it appears exactly once). Reply with ONLY two timestamps in MM:SS.cc format separated by a comma, e.g. '0:05.20, 0:08.50'. Nothing else. Output only the answer."
