duration_ms,background,snr_db,source,source_type,midi_gt,midi_pred,midi_correct,midi_within_1,midi_pc_correct,midi_octave_correct,spn_gt,spn_pred,spn_correct,spn_pc_correct,spn_octave_correct,doremi_gt,doremi_pred,doremi_correct,hz_correct,any_correct,raw_midi,raw_spn,raw_doremi,raw_hz,audio_url,audio_file,prompt_midi,prompt_spn,prompt_doremi,prompt_hz
5000,church-bells,-6.0,voice,instrument,29,64,0,0,0,0,F1,C6,0,0,0,fa,sol,0,0,0,64,C6,sol,1050,data/analysis_audio/pitchbench_e2_background/F1_voice_5000ms_bg_church-bells_snr-6db.wav,F1_voice_5000ms_bg_church-bells_snr-6db.wav,"This audio contains a single sustained musical note mixed with a background sound. Identify the PITCH of the note, ignoring the background. What is the MIDI note number (an integer from 0 to 127)? Reply with ONLY the integer. Nothing else. Output only the answer.","This audio contains a single sustained musical note mixed with a background sound. Identify the PITCH of the note, ignoring the background. What is the note name and octave? Reply with ONLY the note name in Scientific Pitch Notation (e.g. C4, F#3, Bb5). Nothing else. Output only the answer.","This audio contains a single sustained musical note mixed with a background sound. Identify the PITCH of the note, ignoring the background. What is the solfege syllable and accidental (if needed) of this pitch? Use fixed-do (do=C, re=D, mi=E, fa=F, sol=G, la=A, si=B). Include sharps or flats when needed (e.g. do#, reb, fa#, sib). Do NOT include the octave. Reply with ONLY the syllable and accidental (if needed). Nothing else. Output only the answer.","This audio contains a single sustained musical note mixed with a background sound. Identify the PITCH of the note, ignoring the background. What is the main pitch frequency, expressed in Hertz? Reply with ONLY a number (the frequency in Hz). Nothing else. Output only the answer."
5000,church-bells,-6.0,sine,waveform,38,64,0,0,0,0,D2,C6,0,0,0,re,sol,0,0,0,64,C6,sol,1050,data/analysis_audio/pitchbench_e2_background/D2_sine_5000ms_bg_church-bells_snr-6db.wav,D2_sine_5000ms_bg_church-bells_snr-6db.wav,"This audio contains a single sustained musical note mixed with a background sound. Identify the PITCH of the note, ignoring the background. What is the MIDI note number (an integer from 0 to 127)? Reply with ONLY the integer. Nothing else. Output only the answer.","This audio contains a single sustained musical note mixed with a background sound. Identify the PITCH of the note, ignoring the background. What is the note name and octave? Reply with ONLY the note name in Scientific Pitch Notation (e.g. C4, F#3, Bb5). Nothing else. Output only the answer.","This audio contains a single sustained musical note mixed with a background sound. Identify the PITCH of the note, ignoring the background. What is the solfege syllable and accidental (if needed) of this pitch? Use fixed-do (do=C, re=D, mi=E, fa=F, sol=G, la=A, si=B). Include sharps or flats when needed (e.g. do#, reb, fa#, sib). Do NOT include the octave. Reply with ONLY the syllable and accidental (if needed). Nothing else. Output only the answer.","This audio contains a single sustained musical note mixed with a background sound. Identify the PITCH of the note, ignoring the background. What is the main pitch frequency, expressed in Hertz? Reply with ONLY a number (the frequency in Hz). Nothing else. Output only the answer."
5000,church-bells,-6.0,sine,waveform,47,64,0,0,0,0,B2,C6,0,0,0,si,sol,0,0,0,64,C6,sol,1050,data/analysis_audio/pitchbench_e2_background/B2_sine_5000ms_bg_church-bells_snr-6db.wav,B2_sine_5000ms_bg_church-bells_snr-6db.wav,"This audio contains a single sustained musical note mixed with a background sound. Identify the PITCH of the note, ignoring the background. What is the MIDI note number (an integer from 0 to 127)? Reply with ONLY the integer. Nothing else. Output only the answer.","This audio contains a single sustained musical note mixed with a background sound. Identify the PITCH of the note, ignoring the background. What is the note name and octave? Reply with ONLY the note name in Scientific Pitch Notation (e.g. C4, F#3, Bb5). Nothing else. Output only the answer.","This audio contains a single sustained musical note mixed with a background sound. Identify the PITCH of the note, ignoring the background. What is the solfege syllable and accidental (if needed) of this pitch? Use fixed-do (do=C, re=D, mi=E, fa=F, sol=G, la=A, si=B). Include sharps or flats when needed (e.g. do#, reb, fa#, sib). Do NOT include the octave. Reply with ONLY the syllable and accidental (if needed). Nothing else. Output only the answer.","This audio contains a single sustained musical note mixed with a background sound. Identify the PITCH of the note, ignoring the background. What is the main pitch frequency, expressed in Hertz? Reply with ONLY a number (the frequency in Hz). Nothing else. Output only the answer."
5000,church-bells,-6.0,voice,instrument,56,64,0,0,0,0,G#3,C6,0,0,0,sol#,sol,0,0,0,64,C6,sol,1050,data/analysis_audio/pitchbench_e2_background/Gs3_voice_5000ms_bg_church-bells_snr-6db.wav,Gs3_voice_5000ms_bg_church-bells_snr-6db.wav,"This audio contains a single sustained musical note mixed with a background sound. Identify the PITCH of the note, ignoring the background. What is the MIDI note number (an integer from 0 to 127)? Reply with ONLY the integer. Nothing else. Output only the answer.","This audio contains a single sustained musical note mixed with a background sound. Identify the PITCH of the note, ignoring the background. What is the note name and octave? Reply with ONLY the note name in Scientific Pitch Notation (e.g. C4, F#3, Bb5). Nothing else. Output only the answer.","This audio contains a single sustained musical note mixed with a background sound. Identify the PITCH of the note, ignoring the background. What is the solfege syllable and accidental (if needed) of this pitch? Use fixed-do (do=C, re=D, mi=E, fa=F, sol=G, la=A, si=B). Include sharps or flats when needed (e.g. do#, reb, fa#, sib). Do NOT include the octave. Reply with ONLY the syllable and accidental (if needed). Nothing else. Output only the answer.","This audio contains a single sustained musical note mixed with a background sound. Identify the PITCH of the note, ignoring the background. What is the main pitch frequency, expressed in Hertz? Reply with ONLY a number (the frequency in Hz). Nothing else. Output only the answer."
5000,church-bells,-6.0,cello,instrument,65,65,1,1,1,1,F4,C6,0,0,0,fa,sol,0,0,1,65,C6,sol,1050,data/analysis_audio/pitchbench_e2_background/F4_cello_5000ms_bg_church-bells_snr-6db.wav,F4_cello_5000ms_bg_church-bells_snr-6db.wav,"This audio contains a single sustained musical note mixed with a background sound. Identify the PITCH of the note, ignoring the background. What is the MIDI note number (an integer from 0 to 127)? Reply with ONLY the integer. Nothing else. Output only the answer.","This audio contains a single sustained musical note mixed with a background sound. Identify the PITCH of the note, ignoring the background. What is the note name and octave? Reply with ONLY the note name in Scientific Pitch Notation (e.g. C4, F#3, Bb5). Nothing else. Output only the answer.","This audio contains a single sustained musical note mixed with a background sound. Identify the PITCH of the note, ignoring the background. What is the solfege syllable and accidental (if needed) of this pitch? Use fixed-do (do=C, re=D, mi=E, fa=F, sol=G, la=A, si=B). Include sharps or flats when needed (e.g. do#, reb, fa#, sib). Do NOT include the octave. Reply with ONLY the syllable and accidental (if needed). Nothing else. Output only the answer.","This audio contains a single sustained musical note mixed with a background sound. Identify the PITCH of the note, ignoring the background. What is the main pitch frequency, expressed in Hertz? Reply with ONLY a number (the frequency in Hz). Nothing else. Output only the answer."
5000,church-bells,-6.0,synth_lead,instrument,74,64,0,0,0,0,D5,C6,0,0,0,re,sol,0,0,0,64,C6,sol,1050,data/analysis_audio/pitchbench_e2_background/D5_synth_lead_5000ms_bg_church-bells_snr-6db.wav,D5_synth_lead_5000ms_bg_church-bells_snr-6db.wav,"This audio contains a single sustained musical note mixed with a background sound. Identify the PITCH of the note, ignoring the background. What is the MIDI note number (an integer from 0 to 127)? Reply with ONLY the integer. Nothing else. Output only the answer.","This audio contains a single sustained musical note mixed with a background sound. Identify the PITCH of the note, ignoring the background. What is the note name and octave? Reply with ONLY the note name in Scientific Pitch Notation (e.g. C4, F#3, Bb5). Nothing else. Output only the answer.","This audio contains a single sustained musical note mixed with a background sound. Identify the PITCH of the note, ignoring the background. What is the solfege syllable and accidental (if needed) of this pitch? Use fixed-do (do=C, re=D, mi=E, fa=F, sol=G, la=A, si=B). Include sharps or flats when needed (e.g. do#, reb, fa#, sib). Do NOT include the octave. Reply with ONLY the syllable and accidental (if needed). Nothing else. Output only the answer.","This audio contains a single sustained musical note mixed with a background sound. Identify the PITCH of the note, ignoring the background. What is the main pitch frequency, expressed in Hertz? Reply with ONLY a number (the frequency in Hz). Nothing else. Output only the answer."
5000,church-bells,-6.0,synth_lead,instrument,83,64,0,0,0,0,B5,C6,0,0,0,si,sol,0,0,0,64,C6,sol,1050,data/analysis_audio/pitchbench_e2_background/B5_synth_lead_5000ms_bg_church-bells_snr-6db.wav,B5_synth_lead_5000ms_bg_church-bells_snr-6db.wav,"This audio contains a single sustained musical note mixed with a background sound. Identify the PITCH of the note, ignoring the background. What is the MIDI note number (an integer from 0 to 127)? Reply with ONLY the integer. Nothing else. Output only the answer.","This audio contains a single sustained musical note mixed with a background sound. Identify the PITCH of the note, ignoring the background. What is the note name and octave? Reply with ONLY the note name in Scientific Pitch Notation (e.g. C4, F#3, Bb5). Nothing else. Output only the answer.","This audio contains a single sustained musical note mixed with a background sound. Identify the PITCH of the note, ignoring the background. What is the solfege syllable and accidental (if needed) of this pitch? Use fixed-do (do=C, re=D, mi=E, fa=F, sol=G, la=A, si=B). Include sharps or flats when needed (e.g. do#, reb, fa#, sib). Do NOT include the octave. Reply with ONLY the syllable and accidental (if needed). Nothing else. Output only the answer.","This audio contains a single sustained musical note mixed with a background sound. Identify the PITCH of the note, ignoring the background. What is the main pitch frequency, expressed in Hertz? Reply with ONLY a number (the frequency in Hz). Nothing else. Output only the answer."
5000,crowd-noise,-6.0,synth_lead,instrument,29,64,0,0,0,0,F1,C6,0,0,0,fa,sol,0,0,0,64,C6,sol,415.32,data/analysis_audio/pitchbench_e2_background/F1_synth_lead_5000ms_bg_crowd-noise_snr-6db.wav,F1_synth_lead_5000ms_bg_crowd-noise_snr-6db.wav,"This audio contains a single sustained musical note mixed with a background sound. Identify the PITCH of the note, ignoring the background. What is the MIDI note number (an integer from 0 to 127)? Reply with ONLY the integer. Nothing else. Output only the answer.","This audio contains a single sustained musical note mixed with a background sound. Identify the PITCH of the note, ignoring the background. What is the note name and octave? Reply with ONLY the note name in Scientific Pitch Notation (e.g. C4, F#3, Bb5). Nothing else. Output only the answer.","This audio contains a single sustained musical note mixed with a background sound. Identify the PITCH of the note, ignoring the background. What is the solfege syllable and accidental (if needed) of this pitch? Use fixed-do (do=C, re=D, mi=E, fa=F, sol=G, la=A, si=B). Include sharps or flats when needed (e.g. do#, reb, fa#, sib). Do NOT include the octave. Reply with ONLY the syllable and accidental (if needed). Nothing else. Output only the answer.","This audio contains a single sustained musical note mixed with a background sound. Identify the PITCH of the note, ignoring the background. What is the main pitch frequency, expressed in Hertz? Reply with ONLY a number (the frequency in Hz). Nothing else. Output only the answer."
5000,crowd-noise,-6.0,voice,instrument,38,64,0,0,0,0,D2,C6,0,0,0,re,sol,0,0,0,64,C6,sol,415.306,data/analysis_audio/pitchbench_e2_background/D2_voice_5000ms_bg_crowd-noise_snr-6db.wav,D2_voice_5000ms_bg_crowd-noise_snr-6db.wav,"This audio contains a single sustained musical note mixed with a background sound. Identify the PITCH of the note, ignoring the background. What is the MIDI note number (an integer from 0 to 127)? Reply with ONLY the integer. Nothing else. Output only the answer.","This audio contains a single sustained musical note mixed with a background sound. Identify the PITCH of the note, ignoring the background. What is the note name and octave? Reply with ONLY the note name in Scientific Pitch Notation (e.g. C4, F#3, Bb5). Nothing else. Output only the answer.","This audio contains a single sustained musical note mixed with a background sound. Identify the PITCH of the note, ignoring the background. What is the solfege syllable and accidental (if needed) of this pitch? Use fixed-do (do=C, re=D, mi=E, fa=F, sol=G, la=A, si=B). Include sharps or flats when needed (e.g. do#, reb, fa#, sib). Do NOT include the octave. Reply with ONLY the syllable and accidental (if needed). Nothing else. Output only the answer.","This audio contains a single sustained musical note mixed with a background sound. Identify the PITCH of the note, ignoring the background. What is the main pitch frequency, expressed in Hertz? Reply with ONLY a number (the frequency in Hz). Nothing else. Output only the answer."
5000,crowd-noise,-6.0,sine,waveform,47,64,0,0,0,0,B2,C6,0,0,0,si,sol,0,0,0,64,C6,sol,415.0,data/analysis_audio/pitchbench_e2_background/B2_sine_5000ms_bg_crowd-noise_snr-6db.wav,B2_sine_5000ms_bg_crowd-noise_snr-6db.wav,"This audio contains a single sustained musical note mixed with a background sound. Identify the PITCH of the note, ignoring the background. What is the MIDI note number (an integer from 0 to 127)? Reply with ONLY the integer. Nothing else. Output only the answer.","This audio contains a single sustained musical note mixed with a background sound. Identify the PITCH of the note, ignoring the background. What is the note name and octave? Reply with ONLY the note name in Scientific Pitch Notation (e.g. C4, F#3, Bb5). Nothing else. Output only the answer.","This audio contains a single sustained musical note mixed with a background sound. Identify the PITCH of the note, ignoring the background. What is the solfege syllable and accidental (if needed) of this pitch? Use fixed-do (do=C, re=D, mi=E, fa=F, sol=G, la=A, si=B). Include sharps or flats when needed (e.g. do#, reb, fa#, sib). Do NOT include the octave. Reply with ONLY the syllable and accidental (if needed). Nothing else. Output only the answer.","This audio contains a single sustained musical note mixed with a background sound. Identify the PITCH of the note, ignoring the background. What is the main pitch frequency, expressed in Hertz? Reply with ONLY a number (the frequency in Hz). Nothing else. Output only the answer."
5000,crowd-noise,-6.0,voice,instrument,56,64,0,0,0,0,G#3,C6,0,0,0,sol#,fa#,0,0,0,64,C6,solb,415.306,data/analysis_audio/pitchbench_e2_background/Gs3_voice_5000ms_bg_crowd-noise_snr-6db.wav,Gs3_voice_5000ms_bg_crowd-noise_snr-6db.wav,"This audio contains a single sustained musical note mixed with a background sound. Identify the PITCH of the note, ignoring the background. What is the MIDI note number (an integer from 0 to 127)? Reply with ONLY the integer. Nothing else. Output only the answer.","This audio contains a single sustained musical note mixed with a background sound. Identify the PITCH of the note, ignoring the background. What is the note name and octave? Reply with ONLY the note name in Scientific Pitch Notation (e.g. C4, F#3, Bb5). Nothing else. Output only the answer.","This audio contains a single sustained musical note mixed with a background sound. Identify the PITCH of the note, ignoring the background. What is the solfege syllable and accidental (if needed) of this pitch? Use fixed-do (do=C, re=D, mi=E, fa=F, sol=G, la=A, si=B). Include sharps or flats when needed (e.g. do#, reb, fa#, sib). Do NOT include the octave. Reply with ONLY the syllable and accidental (if needed). Nothing else. Output only the answer.","This audio contains a single sustained musical note mixed with a background sound. Identify the PITCH of the note, ignoring the background. What is the main pitch frequency, expressed in Hertz? Reply with ONLY a number (the frequency in Hz). Nothing else. Output only the answer."
5000,crowd-noise,-6.0,voice,instrument,65,64,0,1,0,1,F4,C6,0,0,0,fa,sol,0,0,0,64,C6,sol,415.306,data/analysis_audio/pitchbench_e2_background/F4_voice_5000ms_bg_crowd-noise_snr-6db.wav,F4_voice_5000ms_bg_crowd-noise_snr-6db.wav,"This audio contains a single sustained musical note mixed with a background sound. Identify the PITCH of the note, ignoring the background. What is the MIDI note number (an integer from 0 to 127)? Reply with ONLY the integer. Nothing else. Output only the answer.","This audio contains a single sustained musical note mixed with a background sound. Identify the PITCH of the note, ignoring the background. What is the note name and octave? Reply with ONLY the note name in Scientific Pitch Notation (e.g. C4, F#3, Bb5). Nothing else. Output only the answer.","This audio contains a single sustained musical note mixed with a background sound. Identify the PITCH of the note, ignoring the background. What is the solfege syllable and accidental (if needed) of this pitch? Use fixed-do (do=C, re=D, mi=E, fa=F, sol=G, la=A, si=B). Include sharps or flats when needed (e.g. do#, reb, fa#, sib). Do NOT include the octave. Reply with ONLY the syllable and accidental (if needed). Nothing else. Output only the answer.","This audio contains a single sustained musical note mixed with a background sound. Identify the PITCH of the note, ignoring the background. What is the main pitch frequency, expressed in Hertz? Reply with ONLY a number (the frequency in Hz). Nothing else. Output only the answer."
5000,crowd-noise,-6.0,piano,instrument,74,64,0,0,0,0,D5,C6,0,0,0,re,sol,0,0,0,64,C6,sol,415.30,data/analysis_audio/pitchbench_e2_background/D5_piano_5000ms_bg_crowd-noise_snr-6db.wav,D5_piano_5000ms_bg_crowd-noise_snr-6db.wav,"This audio contains a single sustained musical note mixed with a background sound. Identify the PITCH of the note, ignoring the background. What is the MIDI note number (an integer from 0 to 127)? Reply with ONLY the integer. Nothing else. Output only the answer.","This audio contains a single sustained musical note mixed with a background sound. Identify the PITCH of the note, ignoring the background. What is the note name and octave? Reply with ONLY the note name in Scientific Pitch Notation (e.g. C4, F#3, Bb5). Nothing else. Output only the answer.","This audio contains a single sustained musical note mixed with a background sound. Identify the PITCH of the note, ignoring the background. What is the solfege syllable and accidental (if needed) of this pitch? Use fixed-do (do=C, re=D, mi=E, fa=F, sol=G, la=A, si=B). Include sharps or flats when needed (e.g. do#, reb, fa#, sib). Do NOT include the octave. Reply with ONLY the syllable and accidental (if needed). Nothing else. Output only the answer.","This audio contains a single sustained musical note mixed with a background sound. Identify the PITCH of the note, ignoring the background. What is the main pitch frequency, expressed in Hertz? Reply with ONLY a number (the frequency in Hz). Nothing else. Output only the answer."
5000,crowd-noise,-6.0,sine,waveform,83,64,0,0,0,0,B5,C6,0,0,0,si,sol,0,0,0,64,C6,sol,415.306,data/analysis_audio/pitchbench_e2_background/B5_sine_5000ms_bg_crowd-noise_snr-6db.wav,B5_sine_5000ms_bg_crowd-noise_snr-6db.wav,"This audio contains a single sustained musical note mixed with a background sound. Identify the PITCH of the note, ignoring the background. What is the MIDI note number (an integer from 0 to 127)? Reply with ONLY the integer. Nothing else. Output only the answer.","This audio contains a single sustained musical note mixed with a background sound. Identify the PITCH of the note, ignoring the background. What is the note name and octave? Reply with ONLY the note name in Scientific Pitch Notation (e.g. C4, F#3, Bb5). Nothing else. Output only the answer.","This audio contains a single sustained musical note mixed with a background sound. Identify the PITCH of the note, ignoring the background. What is the solfege syllable and accidental (if needed) of this pitch? Use fixed-do (do=C, re=D, mi=E, fa=F, sol=G, la=A, si=B). Include sharps or flats when needed (e.g. do#, reb, fa#, sib). Do NOT include the octave. Reply with ONLY the syllable and accidental (if needed). Nothing else. Output only the answer.","This audio contains a single sustained musical note mixed with a background sound. Identify the PITCH of the note, ignoring the background. What is the main pitch frequency, expressed in Hertz? Reply with ONLY a number (the frequency in Hz). Nothing else. Output only the answer."
5000,oscillating-high-and-low-pitches,-6.0,piano,instrument,29,63,0,0,0,0,F1,C6,0,0,0,fa,fa#,0,0,0,63,C6,solb,1024.57,data/analysis_audio/pitchbench_e2_background/F1_piano_5000ms_bg_oscillating-high-and-low-pitches_snr-6db.wav,F1_piano_5000ms_bg_oscillating-high-and-low-pitches_snr-6db.wav,"This audio contains a single sustained musical note mixed with a background sound. Identify the PITCH of the note, ignoring the background. What is the MIDI note number (an integer from 0 to 127)? Reply with ONLY the integer. Nothing else. Output only the answer.","This audio contains a single sustained musical note mixed with a background sound. Identify the PITCH of the note, ignoring the background. What is the note name and octave? Reply with ONLY the note name in Scientific Pitch Notation (e.g. C4, F#3, Bb5). Nothing else. Output only the answer.","This audio contains a single sustained musical note mixed with a background sound. Identify the PITCH of the note, ignoring the background. What is the solfege syllable and accidental (if needed) of this pitch? Use fixed-do (do=C, re=D, mi=E, fa=F, sol=G, la=A, si=B). Include sharps or flats when needed (e.g. do#, reb, fa#, sib). Do NOT include the octave. Reply with ONLY the syllable and accidental (if needed). Nothing else. Output only the answer.","This audio contains a single sustained musical note mixed with a background sound. Identify the PITCH of the note, ignoring the background. What is the main pitch frequency, expressed in Hertz? Reply with ONLY a number (the frequency in Hz). Nothing else. Output only the answer."
5000,oscillating-high-and-low-pitches,-6.0,flute,instrument,38,63,0,0,0,0,D2,C6,0,0,0,re,fa#,0,0,0,63,C6,solb,1058.47,data/analysis_audio/pitchbench_e2_background/D2_flute_5000ms_bg_oscillating-high-and-low-pitches_snr-6db.wav,D2_flute_5000ms_bg_oscillating-high-and-low-pitches_snr-6db.wav,"This audio contains a single sustained musical note mixed with a background sound. Identify the PITCH of the note, ignoring the background. What is the MIDI note number (an integer from 0 to 127)? Reply with ONLY the integer. Nothing else. Output only the answer.","This audio contains a single sustained musical note mixed with a background sound. Identify the PITCH of the note, ignoring the background. What is the note name and octave? Reply with ONLY the note name in Scientific Pitch Notation (e.g. C4, F#3, Bb5). Nothing else. Output only the answer.","This audio contains a single sustained musical note mixed with a background sound. Identify the PITCH of the note, ignoring the background. What is the solfege syllable and accidental (if needed) of this pitch? Use fixed-do (do=C, re=D, mi=E, fa=F, sol=G, la=A, si=B). Include sharps or flats when needed (e.g. do#, reb, fa#, sib). Do NOT include the octave. Reply with ONLY the syllable and accidental (if needed). Nothing else. Output only the answer.","This audio contains a single sustained musical note mixed with a background sound. Identify the PITCH of the note, ignoring the background. What is the main pitch frequency, expressed in Hertz? Reply with ONLY a number (the frequency in Hz). Nothing else. Output only the answer."
5000,oscillating-high-and-low-pitches,-6.0,sine,waveform,47,63,0,0,0,0,B2,C6,0,0,0,si,fa#,0,0,0,63,C6,solb,1058.47,data/analysis_audio/pitchbench_e2_background/B2_sine_5000ms_bg_oscillating-high-and-low-pitches_snr-6db.wav,B2_sine_5000ms_bg_oscillating-high-and-low-pitches_snr-6db.wav,"This audio contains a single sustained musical note mixed with a background sound. Identify the PITCH of the note, ignoring the background. What is the MIDI note number (an integer from 0 to 127)? Reply with ONLY the integer. Nothing else. Output only the answer.","This audio contains a single sustained musical note mixed with a background sound. Identify the PITCH of the note, ignoring the background. What is the note name and octave? Reply with ONLY the note name in Scientific Pitch Notation (e.g. C4, F#3, Bb5). Nothing else. Output only the answer.","This audio contains a single sustained musical note mixed with a background sound. Identify the PITCH of the note, ignoring the background. What is the solfege syllable and accidental (if needed) of this pitch? Use fixed-do (do=C, re=D, mi=E, fa=F, sol=G, la=A, si=B). Include sharps or flats when needed (e.g. do#, reb, fa#, sib). Do NOT include the octave. Reply with ONLY the syllable and accidental (if needed). Nothing else. Output only the answer.","This audio contains a single sustained musical note mixed with a background sound. Identify the PITCH of the note, ignoring the background. What is the main pitch frequency, expressed in Hertz? Reply with ONLY a number (the frequency in Hz). Nothing else. Output only the answer."
5000,oscillating-high-and-low-pitches,-6.0,sine,waveform,56,63,0,0,0,0,G#3,C6,0,0,0,sol#,fa#,0,0,0,63,C6,solb,1058.47,data/analysis_audio/pitchbench_e2_background/Gs3_sine_5000ms_bg_oscillating-high-and-low-pitches_snr-6db.wav,Gs3_sine_5000ms_bg_oscillating-high-and-low-pitches_snr-6db.wav,"This audio contains a single sustained musical note mixed with a background sound. Identify the PITCH of the note, ignoring the background. What is the MIDI note number (an integer from 0 to 127)? Reply with ONLY the integer. Nothing else. Output only the answer.","This audio contains a single sustained musical note mixed with a background sound. Identify the PITCH of the note, ignoring the background. What is the note name and octave? Reply with ONLY the note name in Scientific Pitch Notation (e.g. C4, F#3, Bb5). Nothing else. Output only the answer.","This audio contains a single sustained musical note mixed with a background sound. Identify the PITCH of the note, ignoring the background. What is the solfege syllable and accidental (if needed) of this pitch? Use fixed-do (do=C, re=D, mi=E, fa=F, sol=G, la=A, si=B). Include sharps or flats when needed (e.g. do#, reb, fa#, sib). Do NOT include the octave. Reply with ONLY the syllable and accidental (if needed). Nothing else. Output only the answer.","This audio contains a single sustained musical note mixed with a background sound. Identify the PITCH of the note, ignoring the background. What is the main pitch frequency, expressed in Hertz? Reply with ONLY a number (the frequency in Hz). Nothing else. Output only the answer."
5000,oscillating-high-and-low-pitches,-6.0,sine,waveform,65,63,0,0,0,1,F4,C6,0,0,0,fa,fa#,0,0,0,63,C6,solb,1058.47,data/analysis_audio/pitchbench_e2_background/F4_sine_5000ms_bg_oscillating-high-and-low-pitches_snr-6db.wav,F4_sine_5000ms_bg_oscillating-high-and-low-pitches_snr-6db.wav,"This audio contains a single sustained musical note mixed with a background sound. Identify the PITCH of the note, ignoring the background. What is the MIDI note number (an integer from 0 to 127)? Reply with ONLY the integer. Nothing else. Output only the answer.","This audio contains a single sustained musical note mixed with a background sound. Identify the PITCH of the note, ignoring the background. What is the note name and octave? Reply with ONLY the note name in Scientific Pitch Notation (e.g. C4, F#3, Bb5). Nothing else. Output only the answer.","This audio contains a single sustained musical note mixed with a background sound. Identify the PITCH of the note, ignoring the background. What is the solfege syllable and accidental (if needed) of this pitch? Use fixed-do (do=C, re=D, mi=E, fa=F, sol=G, la=A, si=B). Include sharps or flats when needed (e.g. do#, reb, fa#, sib). Do NOT include the octave. Reply with ONLY the syllable and accidental (if needed). Nothing else. Output only the answer.","This audio contains a single sustained musical note mixed with a background sound. Identify the PITCH of the note, ignoring the background. What is the main pitch frequency, expressed in Hertz? Reply with ONLY a number (the frequency in Hz). Nothing else. Output only the answer."
5000,oscillating-high-and-low-pitches,-6.0,synth_lead,instrument,74,69,0,0,0,0,D5,C6,0,0,0,re,fa#,0,0,0,69,C6,solb,1058.47,data/analysis_audio/pitchbench_e2_background/D5_synth_lead_5000ms_bg_oscillating-high-and-low-pitches_snr-6db.wav,D5_synth_lead_5000ms_bg_oscillating-high-and-low-pitches_snr-6db.wav,"This audio contains a single sustained musical note mixed with a background sound. Identify the PITCH of the note, ignoring the background. What is the MIDI note number (an integer from 0 to 127)? Reply with ONLY the integer. Nothing else. Output only the answer.","This audio contains a single sustained musical note mixed with a background sound. Identify the PITCH of the note, ignoring the background. What is the note name and octave? Reply with ONLY the note name in Scientific Pitch Notation (e.g. C4, F#3, Bb5). Nothing else. Output only the answer.","This audio contains a single sustained musical note mixed with a background sound. Identify the PITCH of the note, ignoring the background. What is the solfege syllable and accidental (if needed) of this pitch? Use fixed-do (do=C, re=D, mi=E, fa=F, sol=G, la=A, si=B). Include sharps or flats when needed (e.g. do#, reb, fa#, sib). Do NOT include the octave. Reply with ONLY the syllable and accidental (if needed). Nothing else. Output only the answer.","This audio contains a single sustained musical note mixed with a background sound. Identify the PITCH of the note, ignoring the background. What is the main pitch frequency, expressed in Hertz? Reply with ONLY a number (the frequency in Hz). Nothing else. Output only the answer."
5000,oscillating-high-and-low-pitches,-6.0,synth_lead,instrument,83,64,0,0,0,0,B5,C6,0,0,0,si,fa#,0,0,0,64,C6,solb,415.0,data/analysis_audio/pitchbench_e2_background/B5_synth_lead_5000ms_bg_oscillating-high-and-low-pitches_snr-6db.wav,B5_synth_lead_5000ms_bg_oscillating-high-and-low-pitches_snr-6db.wav,"This audio contains a single sustained musical note mixed with a background sound. Identify the PITCH of the note, ignoring the background. What is the MIDI note number (an integer from 0 to 127)? Reply with ONLY the integer. Nothing else. Output only the answer.","This audio contains a single sustained musical note mixed with a background sound. Identify the PITCH of the note, ignoring the background. What is the note name and octave? Reply with ONLY the note name in Scientific Pitch Notation (e.g. C4, F#3, Bb5). Nothing else. Output only the answer.","This audio contains a single sustained musical note mixed with a background sound. Identify the PITCH of the note, ignoring the background. What is the solfege syllable and accidental (if needed) of this pitch? Use fixed-do (do=C, re=D, mi=E, fa=F, sol=G, la=A, si=B). Include sharps or flats when needed (e.g. do#, reb, fa#, sib). Do NOT include the octave. Reply with ONLY the syllable and accidental (if needed). Nothing else. Output only the answer.","This audio contains a single sustained musical note mixed with a background sound. Identify the PITCH of the note, ignoring the background. What is the main pitch frequency, expressed in Hertz? Reply with ONLY a number (the frequency in Hz). Nothing else. Output only the answer."
5000,rain,-6.0,piano,instrument,29,64,0,0,0,0,F1,C6,0,0,0,fa,sol,0,0,0,64,C6,sol,415.306,data/analysis_audio/pitchbench_e2_background/F1_piano_5000ms_bg_rain_snr-6db.wav,F1_piano_5000ms_bg_rain_snr-6db.wav,"This audio contains a single sustained musical note mixed with a background sound. Identify the PITCH of the note, ignoring the background. What is the MIDI note number (an integer from 0 to 127)? Reply with ONLY the integer. Nothing else. Output only the answer.","This audio contains a single sustained musical note mixed with a background sound. Identify the PITCH of the note, ignoring the background. What is the note name and octave? Reply with ONLY the note name in Scientific Pitch Notation (e.g. C4, F#3, Bb5). Nothing else. Output only the answer.","This audio contains a single sustained musical note mixed with a background sound. Identify the PITCH of the note, ignoring the background. What is the solfege syllable and accidental (if needed) of this pitch? Use fixed-do (do=C, re=D, mi=E, fa=F, sol=G, la=A, si=B). Include sharps or flats when needed (e.g. do#, reb, fa#, sib). Do NOT include the octave. Reply with ONLY the syllable and accidental (if needed). Nothing else. Output only the answer.","This audio contains a single sustained musical note mixed with a background sound. Identify the PITCH of the note, ignoring the background. What is the main pitch frequency, expressed in Hertz? Reply with ONLY a number (the frequency in Hz). Nothing else. Output only the answer."
5000,rain,-6.0,piano,instrument,38,64,0,0,0,0,D2,C6,0,0,0,re,sol,0,0,0,64,C6,sol,1050,data/analysis_audio/pitchbench_e2_background/D2_piano_5000ms_bg_rain_snr-6db.wav,D2_piano_5000ms_bg_rain_snr-6db.wav,"This audio contains a single sustained musical note mixed with a background sound. Identify the PITCH of the note, ignoring the background. What is the MIDI note number (an integer from 0 to 127)? Reply with ONLY the integer. Nothing else. Output only the answer.","This audio contains a single sustained musical note mixed with a background sound. Identify the PITCH of the note, ignoring the background. What is the note name and octave? Reply with ONLY the note name in Scientific Pitch Notation (e.g. C4, F#3, Bb5). Nothing else. Output only the answer.","This audio contains a single sustained musical note mixed with a background sound. Identify the PITCH of the note, ignoring the background. What is the solfege syllable and accidental (if needed) of this pitch? Use fixed-do (do=C, re=D, mi=E, fa=F, sol=G, la=A, si=B). Include sharps or flats when needed (e.g. do#, reb, fa#, sib). Do NOT include the octave. Reply with ONLY the syllable and accidental (if needed). Nothing else. Output only the answer.","This audio contains a single sustained musical note mixed with a background sound. Identify the PITCH of the note, ignoring the background. What is the main pitch frequency, expressed in Hertz? Reply with ONLY a number (the frequency in Hz). Nothing else. Output only the answer."
5000,rain,-6.0,sine,waveform,47,64,0,0,0,0,B2,C6,0,0,0,si,sol,0,0,0,64,C6,sol,480,data/analysis_audio/pitchbench_e2_background/B2_sine_5000ms_bg_rain_snr-6db.wav,B2_sine_5000ms_bg_rain_snr-6db.wav,"This audio contains a single sustained musical note mixed with a background sound. Identify the PITCH of the note, ignoring the background. What is the MIDI note number (an integer from 0 to 127)? Reply with ONLY the integer. Nothing else. Output only the answer.","This audio contains a single sustained musical note mixed with a background sound. Identify the PITCH of the note, ignoring the background. What is the note name and octave? Reply with ONLY the note name in Scientific Pitch Notation (e.g. C4, F#3, Bb5). Nothing else. Output only the answer.","This audio contains a single sustained musical note mixed with a background sound. Identify the PITCH of the note, ignoring the background. What is the solfege syllable and accidental (if needed) of this pitch? Use fixed-do (do=C, re=D, mi=E, fa=F, sol=G, la=A, si=B). Include sharps or flats when needed (e.g. do#, reb, fa#, sib). Do NOT include the octave. Reply with ONLY the syllable and accidental (if needed). Nothing else. Output only the answer.","This audio contains a single sustained musical note mixed with a background sound. Identify the PITCH of the note, ignoring the background. What is the main pitch frequency, expressed in Hertz? Reply with ONLY a number (the frequency in Hz). Nothing else. Output only the answer."
5000,rain,-6.0,piano,instrument,56,64,0,0,0,0,G#3,C6,0,0,0,sol#,sol,0,0,0,64,C6,sol,415.0,data/analysis_audio/pitchbench_e2_background/Gs3_piano_5000ms_bg_rain_snr-6db.wav,Gs3_piano_5000ms_bg_rain_snr-6db.wav,"This audio contains a single sustained musical note mixed with a background sound. Identify the PITCH of the note, ignoring the background. What is the MIDI note number (an integer from 0 to 127)? Reply with ONLY the integer. Nothing else. Output only the answer.","This audio contains a single sustained musical note mixed with a background sound. Identify the PITCH of the note, ignoring the background. What is the note name and octave? Reply with ONLY the note name in Scientific Pitch Notation (e.g. C4, F#3, Bb5). Nothing else. Output only the answer.","This audio contains a single sustained musical note mixed with a background sound. Identify the PITCH of the note, ignoring the background. What is the solfege syllable and accidental (if needed) of this pitch? Use fixed-do (do=C, re=D, mi=E, fa=F, sol=G, la=A, si=B). Include sharps or flats when needed (e.g. do#, reb, fa#, sib). Do NOT include the octave. Reply with ONLY the syllable and accidental (if needed). Nothing else. Output only the answer.","This audio contains a single sustained musical note mixed with a background sound. Identify the PITCH of the note, ignoring the background. What is the main pitch frequency, expressed in Hertz? Reply with ONLY a number (the frequency in Hz). Nothing else. Output only the answer."
5000,rain,-6.0,synth_lead,instrument,65,64,0,1,0,1,F4,C6,0,0,0,fa,sol,0,0,0,64,C6,sol,415.306,data/analysis_audio/pitchbench_e2_background/F4_synth_lead_5000ms_bg_rain_snr-6db.wav,F4_synth_lead_5000ms_bg_rain_snr-6db.wav,"This audio contains a single sustained musical note mixed with a background sound. Identify the PITCH of the note, ignoring the background. What is the MIDI note number (an integer from 0 to 127)? Reply with ONLY the integer. Nothing else. Output only the answer.","This audio contains a single sustained musical note mixed with a background sound. Identify the PITCH of the note, ignoring the background. What is the note name and octave? Reply with ONLY the note name in Scientific Pitch Notation (e.g. C4, F#3, Bb5). Nothing else. Output only the answer.","This audio contains a single sustained musical note mixed with a background sound. Identify the PITCH of the note, ignoring the background. What is the solfege syllable and accidental (if needed) of this pitch? Use fixed-do (do=C, re=D, mi=E, fa=F, sol=G, la=A, si=B). Include sharps or flats when needed (e.g. do#, reb, fa#, sib). Do NOT include the octave. Reply with ONLY the syllable and accidental (if needed). Nothing else. Output only the answer.","This audio contains a single sustained musical note mixed with a background sound. Identify the PITCH of the note, ignoring the background. What is the main pitch frequency, expressed in Hertz? Reply with ONLY a number (the frequency in Hz). Nothing else. Output only the answer."
5000,rain,-6.0,voice,instrument,74,64,0,0,0,0,D5,C6,0,0,0,re,sol,0,0,0,64,C6,sol,480,data/analysis_audio/pitchbench_e2_background/D5_voice_5000ms_bg_rain_snr-6db.wav,D5_voice_5000ms_bg_rain_snr-6db.wav,"This audio contains a single sustained musical note mixed with a background sound. Identify the PITCH of the note, ignoring the background. What is the MIDI note number (an integer from 0 to 127)? Reply with ONLY the integer. Nothing else. Output only the answer.","This audio contains a single sustained musical note mixed with a background sound. Identify the PITCH of the note, ignoring the background. What is the note name and octave? Reply with ONLY the note name in Scientific Pitch Notation (e.g. C4, F#3, Bb5). Nothing else. Output only the answer.","This audio contains a single sustained musical note mixed with a background sound. Identify the PITCH of the note, ignoring the background. What is the solfege syllable and accidental (if needed) of this pitch? Use fixed-do (do=C, re=D, mi=E, fa=F, sol=G, la=A, si=B). Include sharps or flats when needed (e.g. do#, reb, fa#, sib). Do NOT include the octave. Reply with ONLY the syllable and accidental (if needed). Nothing else. Output only the answer.","This audio contains a single sustained musical note mixed with a background sound. Identify the PITCH of the note, ignoring the background. What is the main pitch frequency, expressed in Hertz? Reply with ONLY a number (the frequency in Hz). Nothing else. Output only the answer."
5000,rain,-6.0,voice,instrument,83,64,0,0,0,0,B5,C6,0,0,0,si,sol,0,0,0,64,C6,sol,480,data/analysis_audio/pitchbench_e2_background/B5_voice_5000ms_bg_rain_snr-6db.wav,B5_voice_5000ms_bg_rain_snr-6db.wav,"This audio contains a single sustained musical note mixed with a background sound. Identify the PITCH of the note, ignoring the background. What is the MIDI note number (an integer from 0 to 127)? Reply with ONLY the integer. Nothing else. Output only the answer.","This audio contains a single sustained musical note mixed with a background sound. Identify the PITCH of the note, ignoring the background. What is the note name and octave? Reply with ONLY the note name in Scientific Pitch Notation (e.g. C4, F#3, Bb5). Nothing else. Output only the answer.","This audio contains a single sustained musical note mixed with a background sound. Identify the PITCH of the note, ignoring the background. What is the solfege syllable and accidental (if needed) of this pitch? Use fixed-do (do=C, re=D, mi=E, fa=F, sol=G, la=A, si=B). Include sharps or flats when needed (e.g. do#, reb, fa#, sib). Do NOT include the octave. Reply with ONLY the syllable and accidental (if needed). Nothing else. Output only the answer.","This audio contains a single sustained musical note mixed with a background sound. Identify the PITCH of the note, ignoring the background. What is the main pitch frequency, expressed in Hertz? Reply with ONLY a number (the frequency in Hz). Nothing else. Output only the answer."
5000,street-noise,-6.0,voice,instrument,29,64,0,0,0,0,F1,C6,0,0,0,fa,sol,0,0,0,64,C6,sol,415.0,data/analysis_audio/pitchbench_e2_background/F1_voice_5000ms_bg_street-noise_snr-6db.wav,F1_voice_5000ms_bg_street-noise_snr-6db.wav,"This audio contains a single sustained musical note mixed with a background sound. Identify the PITCH of the note, ignoring the background. What is the MIDI note number (an integer from 0 to 127)? Reply with ONLY the integer. Nothing else. Output only the answer.","This audio contains a single sustained musical note mixed with a background sound. Identify the PITCH of the note, ignoring the background. What is the note name and octave? Reply with ONLY the note name in Scientific Pitch Notation (e.g. C4, F#3, Bb5). Nothing else. Output only the answer.","This audio contains a single sustained musical note mixed with a background sound. Identify the PITCH of the note, ignoring the background. What is the solfege syllable and accidental (if needed) of this pitch? Use fixed-do (do=C, re=D, mi=E, fa=F, sol=G, la=A, si=B). Include sharps or flats when needed (e.g. do#, reb, fa#, sib). Do NOT include the octave. Reply with ONLY the syllable and accidental (if needed). Nothing else. Output only the answer.","This audio contains a single sustained musical note mixed with a background sound. Identify the PITCH of the note, ignoring the background. What is the main pitch frequency, expressed in Hertz? Reply with ONLY a number (the frequency in Hz). Nothing else. Output only the answer."
5000,street-noise,-6.0,piano,instrument,38,64,0,0,0,0,D2,C6,0,0,0,re,sol,0,0,0,64,C6,sol,415.306872,data/analysis_audio/pitchbench_e2_background/D2_piano_5000ms_bg_street-noise_snr-6db.wav,D2_piano_5000ms_bg_street-noise_snr-6db.wav,"This audio contains a single sustained musical note mixed with a background sound. Identify the PITCH of the note, ignoring the background. What is the MIDI note number (an integer from 0 to 127)? Reply with ONLY the integer. Nothing else. Output only the answer.","This audio contains a single sustained musical note mixed with a background sound. Identify the PITCH of the note, ignoring the background. What is the note name and octave? Reply with ONLY the note name in Scientific Pitch Notation (e.g. C4, F#3, Bb5). Nothing else. Output only the answer.","This audio contains a single sustained musical note mixed with a background sound. Identify the PITCH of the note, ignoring the background. What is the solfege syllable and accidental (if needed) of this pitch? Use fixed-do (do=C, re=D, mi=E, fa=F, sol=G, la=A, si=B). Include sharps or flats when needed (e.g. do#, reb, fa#, sib). Do NOT include the octave. Reply with ONLY the syllable and accidental (if needed). Nothing else. Output only the answer.","This audio contains a single sustained musical note mixed with a background sound. Identify the PITCH of the note, ignoring the background. What is the main pitch frequency, expressed in Hertz? Reply with ONLY a number (the frequency in Hz). Nothing else. Output only the answer."
5000,street-noise,-6.0,flute,instrument,47,64,0,0,0,0,B2,C6,0,0,0,si,sol,0,0,0,64,C6,sol,415.0,data/analysis_audio/pitchbench_e2_background/B2_flute_5000ms_bg_street-noise_snr-6db.wav,B2_flute_5000ms_bg_street-noise_snr-6db.wav,"This audio contains a single sustained musical note mixed with a background sound. Identify the PITCH of the note, ignoring the background. What is the MIDI note number (an integer from 0 to 127)? Reply with ONLY the integer. Nothing else. Output only the answer.","This audio contains a single sustained musical note mixed with a background sound. Identify the PITCH of the note, ignoring the background. What is the note name and octave? Reply with ONLY the note name in Scientific Pitch Notation (e.g. C4, F#3, Bb5). Nothing else. Output only the answer.","This audio contains a single sustained musical note mixed with a background sound. Identify the PITCH of the note, ignoring the background. What is the solfege syllable and accidental (if needed) of this pitch? Use fixed-do (do=C, re=D, mi=E, fa=F, sol=G, la=A, si=B). Include sharps or flats when needed (e.g. do#, reb, fa#, sib). Do NOT include the octave. Reply with ONLY the syllable and accidental (if needed). Nothing else. Output only the answer.","This audio contains a single sustained musical note mixed with a background sound. Identify the PITCH of the note, ignoring the background. What is the main pitch frequency, expressed in Hertz? Reply with ONLY a number (the frequency in Hz). Nothing else. Output only the answer."
5000,street-noise,-6.0,synth_lead,instrument,56,64,0,0,0,0,G#3,C6,0,0,0,sol#,sol,0,0,0,64,C6,sol,415.32,data/analysis_audio/pitchbench_e2_background/Gs3_synth_lead_5000ms_bg_street-noise_snr-6db.wav,Gs3_synth_lead_5000ms_bg_street-noise_snr-6db.wav,"This audio contains a single sustained musical note mixed with a background sound. Identify the PITCH of the note, ignoring the background. What is the MIDI note number (an integer from 0 to 127)? Reply with ONLY the integer. Nothing else. Output only the answer.","This audio contains a single sustained musical note mixed with a background sound. Identify the PITCH of the note, ignoring the background. What is the note name and octave? Reply with ONLY the note name in Scientific Pitch Notation (e.g. C4, F#3, Bb5). Nothing else. Output only the answer.","This audio contains a single sustained musical note mixed with a background sound. Identify the PITCH of the note, ignoring the background. What is the solfege syllable and accidental (if needed) of this pitch? Use fixed-do (do=C, re=D, mi=E, fa=F, sol=G, la=A, si=B). Include sharps or flats when needed (e.g. do#, reb, fa#, sib). Do NOT include the octave. Reply with ONLY the syllable and accidental (if needed). Nothing else. Output only the answer.","This audio contains a single sustained musical note mixed with a background sound. Identify the PITCH of the note, ignoring the background. What is the main pitch frequency, expressed in Hertz? Reply with ONLY a number (the frequency in Hz). Nothing else. Output only the answer."
5000,street-noise,-6.0,flute,instrument,65,64,0,1,0,1,F4,C6,0,0,0,fa,sol,0,0,0,64,C6,sol,415.0,data/analysis_audio/pitchbench_e2_background/F4_flute_5000ms_bg_street-noise_snr-6db.wav,F4_flute_5000ms_bg_street-noise_snr-6db.wav,"This audio contains a single sustained musical note mixed with a background sound. Identify the PITCH of the note, ignoring the background. What is the MIDI note number (an integer from 0 to 127)? Reply with ONLY the integer. Nothing else. Output only the answer.","This audio contains a single sustained musical note mixed with a background sound. Identify the PITCH of the note, ignoring the background. What is the note name and octave? Reply with ONLY the note name in Scientific Pitch Notation (e.g. C4, F#3, Bb5). Nothing else. Output only the answer.","This audio contains a single sustained musical note mixed with a background sound. Identify the PITCH of the note, ignoring the background. What is the solfege syllable and accidental (if needed) of this pitch? Use fixed-do (do=C, re=D, mi=E, fa=F, sol=G, la=A, si=B). Include sharps or flats when needed (e.g. do#, reb, fa#, sib). Do NOT include the octave. Reply with ONLY the syllable and accidental (if needed). Nothing else. Output only the answer.","This audio contains a single sustained musical note mixed with a background sound. Identify the PITCH of the note, ignoring the background. What is the main pitch frequency, expressed in Hertz? Reply with ONLY a number (the frequency in Hz). Nothing else. Output only the answer."
5000,street-noise,-6.0,piano,instrument,74,64,0,0,0,0,D5,C6,0,0,0,re,sol,0,0,0,64,C6,sol,415.306,data/analysis_audio/pitchbench_e2_background/D5_piano_5000ms_bg_street-noise_snr-6db.wav,D5_piano_5000ms_bg_street-noise_snr-6db.wav,"This audio contains a single sustained musical note mixed with a background sound. Identify the PITCH of the note, ignoring the background. What is the MIDI note number (an integer from 0 to 127)? Reply with ONLY the integer. Nothing else. Output only the answer.","This audio contains a single sustained musical note mixed with a background sound. Identify the PITCH of the note, ignoring the background. What is the note name and octave? Reply with ONLY the note name in Scientific Pitch Notation (e.g. C4, F#3, Bb5). Nothing else. Output only the answer.","This audio contains a single sustained musical note mixed with a background sound. Identify the PITCH of the note, ignoring the background. What is the solfege syllable and accidental (if needed) of this pitch? Use fixed-do (do=C, re=D, mi=E, fa=F, sol=G, la=A, si=B). Include sharps or flats when needed (e.g. do#, reb, fa#, sib). Do NOT include the octave. Reply with ONLY the syllable and accidental (if needed). Nothing else. Output only the answer.","This audio contains a single sustained musical note mixed with a background sound. Identify the PITCH of the note, ignoring the background. What is the main pitch frequency, expressed in Hertz? Reply with ONLY a number (the frequency in Hz). Nothing else. Output only the answer."
5000,street-noise,-6.0,cello,instrument,83,64,0,0,0,0,B5,C6,0,0,0,si,sol,0,0,0,64,C6,sol,415.0,data/analysis_audio/pitchbench_e2_background/B5_cello_5000ms_bg_street-noise_snr-6db.wav,B5_cello_5000ms_bg_street-noise_snr-6db.wav,"This audio contains a single sustained musical note mixed with a background sound. Identify the PITCH of the note, ignoring the background. What is the MIDI note number (an integer from 0 to 127)? Reply with ONLY the integer. Nothing else. Output only the answer.","This audio contains a single sustained musical note mixed with a background sound. Identify the PITCH of the note, ignoring the background. What is the note name and octave? Reply with ONLY the note name in Scientific Pitch Notation (e.g. C4, F#3, Bb5). Nothing else. Output only the answer.","This audio contains a single sustained musical note mixed with a background sound. Identify the PITCH of the note, ignoring the background. What is the solfege syllable and accidental (if needed) of this pitch? Use fixed-do (do=C, re=D, mi=E, fa=F, sol=G, la=A, si=B). Include sharps or flats when needed (e.g. do#, reb, fa#, sib). Do NOT include the octave. Reply with ONLY the syllable and accidental (if needed). Nothing else. Output only the answer.","This audio contains a single sustained musical note mixed with a background sound. Identify the PITCH of the note, ignoring the background. What is the main pitch frequency, expressed in Hertz? Reply with ONLY a number (the frequency in Hz). Nothing else. Output only the answer."
5000,white_noise,-6.0,sine,waveform,29,64,0,0,0,0,F1,C6,0,0,0,fa,fa#,0,0,0,64,C6,solb,1050,data/analysis_audio/pitchbench_e2_background/F1_sine_5000ms_bg_white_noise_snr-6db.wav,F1_sine_5000ms_bg_white_noise_snr-6db.wav,"This audio contains a single sustained musical note mixed with a background sound. Identify the PITCH of the note, ignoring the background. What is the MIDI note number (an integer from 0 to 127)? Reply with ONLY the integer. Nothing else. Output only the answer.","This audio contains a single sustained musical note mixed with a background sound. Identify the PITCH of the note, ignoring the background. What is the note name and octave? Reply with ONLY the note name in Scientific Pitch Notation (e.g. C4, F#3, Bb5). Nothing else. Output only the answer.","This audio contains a single sustained musical note mixed with a background sound. Identify the PITCH of the note, ignoring the background. What is the solfege syllable and accidental (if needed) of this pitch? Use fixed-do (do=C, re=D, mi=E, fa=F, sol=G, la=A, si=B). Include sharps or flats when needed (e.g. do#, reb, fa#, sib). Do NOT include the octave. Reply with ONLY the syllable and accidental (if needed). Nothing else. Output only the answer.","This audio contains a single sustained musical note mixed with a background sound. Identify the PITCH of the note, ignoring the background. What is the main pitch frequency, expressed in Hertz? Reply with ONLY a number (the frequency in Hz). Nothing else. Output only the answer."
5000,white_noise,-6.0,synth_lead,instrument,38,64,0,0,0,0,D2,C6,0,0,0,re,fa#,0,0,0,64,C6,solb,1050,data/analysis_audio/pitchbench_e2_background/D2_synth_lead_5000ms_bg_white_noise_snr-6db.wav,D2_synth_lead_5000ms_bg_white_noise_snr-6db.wav,"This audio contains a single sustained musical note mixed with a background sound. Identify the PITCH of the note, ignoring the background. What is the MIDI note number (an integer from 0 to 127)? Reply with ONLY the integer. Nothing else. Output only the answer.","This audio contains a single sustained musical note mixed with a background sound. Identify the PITCH of the note, ignoring the background. What is the note name and octave? Reply with ONLY the note name in Scientific Pitch Notation (e.g. C4, F#3, Bb5). Nothing else. Output only the answer.","This audio contains a single sustained musical note mixed with a background sound. Identify the PITCH of the note, ignoring the background. What is the solfege syllable and accidental (if needed) of this pitch? Use fixed-do (do=C, re=D, mi=E, fa=F, sol=G, la=A, si=B). Include sharps or flats when needed (e.g. do#, reb, fa#, sib). Do NOT include the octave. Reply with ONLY the syllable and accidental (if needed). Nothing else. Output only the answer.","This audio contains a single sustained musical note mixed with a background sound. Identify the PITCH of the note, ignoring the background. What is the main pitch frequency, expressed in Hertz? Reply with ONLY a number (the frequency in Hz). Nothing else. Output only the answer."
5000,white_noise,-6.0,voice,instrument,47,69,0,0,0,0,B2,C6,0,0,0,si,fa#,0,0,0,69,C6,solb,1050,data/analysis_audio/pitchbench_e2_background/B2_voice_5000ms_bg_white_noise_snr-6db.wav,B2_voice_5000ms_bg_white_noise_snr-6db.wav,"This audio contains a single sustained musical note mixed with a background sound. Identify the PITCH of the note, ignoring the background. What is the MIDI note number (an integer from 0 to 127)? Reply with ONLY the integer. Nothing else. Output only the answer.","This audio contains a single sustained musical note mixed with a background sound. Identify the PITCH of the note, ignoring the background. What is the note name and octave? Reply with ONLY the note name in Scientific Pitch Notation (e.g. C4, F#3, Bb5). Nothing else. Output only the answer.","This audio contains a single sustained musical note mixed with a background sound. Identify the PITCH of the note, ignoring the background. What is the solfege syllable and accidental (if needed) of this pitch? Use fixed-do (do=C, re=D, mi=E, fa=F, sol=G, la=A, si=B). Include sharps or flats when needed (e.g. do#, reb, fa#, sib). Do NOT include the octave. Reply with ONLY the syllable and accidental (if needed). Nothing else. Output only the answer.","This audio contains a single sustained musical note mixed with a background sound. Identify the PITCH of the note, ignoring the background. What is the main pitch frequency, expressed in Hertz? Reply with ONLY a number (the frequency in Hz). Nothing else. Output only the answer."
5000,white_noise,-6.0,flute,instrument,56,64,0,0,0,0,G#3,C6,0,0,0,sol#,fa#,0,0,0,64,C6,solb,1050,data/analysis_audio/pitchbench_e2_background/Gs3_flute_5000ms_bg_white_noise_snr-6db.wav,Gs3_flute_5000ms_bg_white_noise_snr-6db.wav,"This audio contains a single sustained musical note mixed with a background sound. Identify the PITCH of the note, ignoring the background. What is the MIDI note number (an integer from 0 to 127)? Reply with ONLY the integer. Nothing else. Output only the answer.","This audio contains a single sustained musical note mixed with a background sound. Identify the PITCH of the note, ignoring the background. What is the note name and octave? Reply with ONLY the note name in Scientific Pitch Notation (e.g. C4, F#3, Bb5). Nothing else. Output only the answer.","This audio contains a single sustained musical note mixed with a background sound. Identify the PITCH of the note, ignoring the background. What is the solfege syllable and accidental (if needed) of this pitch? Use fixed-do (do=C, re=D, mi=E, fa=F, sol=G, la=A, si=B). Include sharps or flats when needed (e.g. do#, reb, fa#, sib). Do NOT include the octave. Reply with ONLY the syllable and accidental (if needed). Nothing else. Output only the answer.","This audio contains a single sustained musical note mixed with a background sound. Identify the PITCH of the note, ignoring the background. What is the main pitch frequency, expressed in Hertz? Reply with ONLY a number (the frequency in Hz). Nothing else. Output only the answer."
5000,white_noise,-6.0,cello,instrument,65,64,0,1,0,1,F4,C6,0,0,0,fa,fa#,0,0,0,64,C6,solb,1050,data/analysis_audio/pitchbench_e2_background/F4_cello_5000ms_bg_white_noise_snr-6db.wav,F4_cello_5000ms_bg_white_noise_snr-6db.wav,"This audio contains a single sustained musical note mixed with a background sound. Identify the PITCH of the note, ignoring the background. What is the MIDI note number (an integer from 0 to 127)? Reply with ONLY the integer. Nothing else. Output only the answer.","This audio contains a single sustained musical note mixed with a background sound. Identify the PITCH of the note, ignoring the background. What is the note name and octave? Reply with ONLY the note name in Scientific Pitch Notation (e.g. C4, F#3, Bb5). Nothing else. Output only the answer.","This audio contains a single sustained musical note mixed with a background sound. Identify the PITCH of the note, ignoring the background. What is the solfege syllable and accidental (if needed) of this pitch? Use fixed-do (do=C, re=D, mi=E, fa=F, sol=G, la=A, si=B). Include sharps or flats when needed (e.g. do#, reb, fa#, sib). Do NOT include the octave. Reply with ONLY the syllable and accidental (if needed). Nothing else. Output only the answer.","This audio contains a single sustained musical note mixed with a background sound. Identify the PITCH of the note, ignoring the background. What is the main pitch frequency, expressed in Hertz? Reply with ONLY a number (the frequency in Hz). Nothing else. Output only the answer."
5000,white_noise,-6.0,cello,instrument,74,64,0,0,0,0,D5,C6,0,0,0,re,fa#,0,0,0,64,C6,solb,1052.63,data/analysis_audio/pitchbench_e2_background/D5_cello_5000ms_bg_white_noise_snr-6db.wav,D5_cello_5000ms_bg_white_noise_snr-6db.wav,"This audio contains a single sustained musical note mixed with a background sound. Identify the PITCH of the note, ignoring the background. What is the MIDI note number (an integer from 0 to 127)? Reply with ONLY the integer. Nothing else. Output only the answer.","This audio contains a single sustained musical note mixed with a background sound. Identify the PITCH of the note, ignoring the background. What is the note name and octave? Reply with ONLY the note name in Scientific Pitch Notation (e.g. C4, F#3, Bb5). Nothing else. Output only the answer.","This audio contains a single sustained musical note mixed with a background sound. Identify the PITCH of the note, ignoring the background. What is the solfege syllable and accidental (if needed) of this pitch? Use fixed-do (do=C, re=D, mi=E, fa=F, sol=G, la=A, si=B). Include sharps or flats when needed (e.g. do#, reb, fa#, sib). Do NOT include the octave. Reply with ONLY the syllable and accidental (if needed). Nothing else. Output only the answer.","This audio contains a single sustained musical note mixed with a background sound. Identify the PITCH of the note, ignoring the background. What is the main pitch frequency, expressed in Hertz? Reply with ONLY a number (the frequency in Hz). Nothing else. Output only the answer."
5000,white_noise,-6.0,synth_lead,instrument,83,64,0,0,0,0,B5,C6,0,0,0,si,fa#,0,0,0,64,C6,solb,1050,data/analysis_audio/pitchbench_e2_background/B5_synth_lead_5000ms_bg_white_noise_snr-6db.wav,B5_synth_lead_5000ms_bg_white_noise_snr-6db.wav,"This audio contains a single sustained musical note mixed with a background sound. Identify the PITCH of the note, ignoring the background. What is the MIDI note number (an integer from 0 to 127)? Reply with ONLY the integer. Nothing else. Output only the answer.","This audio contains a single sustained musical note mixed with a background sound. Identify the PITCH of the note, ignoring the background. What is the note name and octave? Reply with ONLY the note name in Scientific Pitch Notation (e.g. C4, F#3, Bb5). Nothing else. Output only the answer.","This audio contains a single sustained musical note mixed with a background sound. Identify the PITCH of the note, ignoring the background. What is the solfege syllable and accidental (if needed) of this pitch? Use fixed-do (do=C, re=D, mi=E, fa=F, sol=G, la=A, si=B). Include sharps or flats when needed (e.g. do#, reb, fa#, sib). Do NOT include the octave. Reply with ONLY the syllable and accidental (if needed). Nothing else. Output only the answer.","This audio contains a single sustained musical note mixed with a background sound. Identify the PITCH of the note, ignoring the background. What is the main pitch frequency, expressed in Hertz? Reply with ONLY a number (the frequency in Hz). Nothing else. Output only the answer."
