source,duration_ms,n,rhythm,trial,midi_set,note_set,presented,raw_response,count_pred,count_correct,off_by,source_type,audio_url,audio_file,prompt_main
cello,5000,1,irregular,0,[73],C#5,[73],7,7,0,6,instrument,/home/hsnu2/PitchBench/data/audio/pitchbench_d1_seq_pitch_count/Cs5_cello_seqcount_n1_dur5000ms_irr_t0.wav,Cs5_cello_seqcount_n1_dur5000ms_irr_t0.wav,Listen to this audio. How many distinct musical pitches are played in this sequence? No note is played twice-so don't worry about duplicates. Reply with ONLY a single integer. Nothing else. Output only the answer.
square,1000,1,irregular,2,[87],D#6,[87],5,5,0,4,waveform,/home/hsnu2/PitchBench/data/audio/pitchbench_d1_seq_pitch_count/Ds6_square_seqcount_n1_dur1000ms_irr_t2.wav,Ds6_square_seqcount_n1_dur1000ms_irr_t2.wav,Listen to this audio. How many distinct musical pitches are played in this sequence? No note is played twice-so don't worry about duplicates. Reply with ONLY a single integer. Nothing else. Output only the answer.
sine,5000,1,irregular,0,[75],D#5,[75],5,5,0,4,waveform,/home/hsnu2/PitchBench/data/audio/pitchbench_d1_seq_pitch_count/Ds5_sine_seqcount_n1_dur5000ms_irr_t0.wav,Ds5_sine_seqcount_n1_dur5000ms_irr_t0.wav,Listen to this audio. How many distinct musical pitches are played in this sequence? No note is played twice-so don't worry about duplicates. Reply with ONLY a single integer. Nothing else. Output only the answer.
bass,5000,1,irregular,1,[84],C6,[84],5,5,0,4,instrument,/home/hsnu2/PitchBench/data/audio/pitchbench_d1_seq_pitch_count/C6_bass_seqcount_n1_dur5000ms_irr_t1.wav,C6_bass_seqcount_n1_dur5000ms_irr_t1.wav,Listen to this audio. How many distinct musical pitches are played in this sequence? No note is played twice-so don't worry about duplicates. Reply with ONLY a single integer. Nothing else. Output only the answer.
electric_keyboard,5000,1,irregular,2,[73],C#5,[73],6,6,0,5,instrument,/home/hsnu2/PitchBench/data/audio/pitchbench_d1_seq_pitch_count/Cs5_electric_keyboard_seqcount_n1_dur5000ms_irr_t2.wav,Cs5_electric_keyboard_seqcount_n1_dur5000ms_irr_t2.wav,Listen to this audio. How many distinct musical pitches are played in this sequence? No note is played twice-so don't worry about duplicates. Reply with ONLY a single integer. Nothing else. Output only the answer.
electric_keyboard,1000,1,regular,1,[58],A#3,[58],6,6,0,5,instrument,/home/hsnu2/PitchBench/data/audio/pitchbench_d1_seq_pitch_count/As3_electric_keyboard_seqcount_n1_dur1000ms_reg_t1.wav,As3_electric_keyboard_seqcount_n1_dur1000ms_reg_t1.wav,Listen to this audio. How many distinct musical pitches are played in this sequence? No note is played twice-so don't worry about duplicates. Reply with ONLY a single integer. Nothing else. Output only the answer.
piano,5000,1,regular,1,[64],E4,[64],5,5,0,4,instrument,/home/hsnu2/PitchBench/data/audio/pitchbench_d1_seq_pitch_count/E4_piano_seqcount_n1_dur5000ms_reg_t1.wav,E4_piano_seqcount_n1_dur5000ms_reg_t1.wav,Listen to this audio. How many distinct musical pitches are played in this sequence? No note is played twice-so don't worry about duplicates. Reply with ONLY a single integer. Nothing else. Output only the answer.
square,5000,1,regular,2,[86],D6,[86],7,7,0,6,waveform,/home/hsnu2/PitchBench/data/audio/pitchbench_d1_seq_pitch_count/D6_square_seqcount_n1_dur5000ms_reg_t2.wav,D6_square_seqcount_n1_dur5000ms_reg_t2.wav,Listen to this audio. How many distinct musical pitches are played in this sequence? No note is played twice-so don't worry about duplicates. Reply with ONLY a single integer. Nothing else. Output only the answer.
bass,5000,1,regular,1,[84],C6,[84],5,5,0,4,instrument,/home/hsnu2/PitchBench/data/audio/pitchbench_d1_seq_pitch_count/C6_bass_seqcount_n1_dur5000ms_reg_t1.wav,C6_bass_seqcount_n1_dur5000ms_reg_t1.wav,Listen to this audio. How many distinct musical pitches are played in this sequence? No note is played twice-so don't worry about duplicates. Reply with ONLY a single integer. Nothing else. Output only the answer.
square,1000,1,regular,1,[59],B3,[59],5,5,0,4,waveform,/home/hsnu2/PitchBench/data/audio/pitchbench_d1_seq_pitch_count/B3_square_seqcount_n1_dur1000ms_reg_t1.wav,B3_square_seqcount_n1_dur1000ms_reg_t1.wav,Listen to this audio. How many distinct musical pitches are played in this sequence? No note is played twice-so don't worry about duplicates. Reply with ONLY a single integer. Nothing else. Output only the answer.
organ,1000,10,irregular,2,"[33, 54, 57, 60, 66, 70, 77, 79, 85, 86]","A1, F#3, A3, C4, F#4, A#4, F5, G5, C#6, D6","[70, 66, 60, 79, 85, 86, 77, 57, 33, 54]",7,7,0,3,instrument,/home/hsnu2/PitchBench/data/audio/pitchbench_d1_seq_pitch_count/As4-Fs4-C4-G5-Cs6-D6-F5-A3-A1-Fs3_organ_seqcount_n10_dur1000ms_irr_t2.wav,As4-Fs4-C4-G5-Cs6-D6-F5-A3-A1-Fs3_organ_seqcount_n10_dur1000ms_irr_t2.wav,Listen to this audio. How many distinct musical pitches are played in this sequence? No note is played twice-so don't worry about duplicates. Reply with ONLY a single integer. Nothing else. Output only the answer.
bass,5000,10,irregular,1,"[40, 50, 54, 56, 59, 60, 71, 77, 80, 86]","E2, D3, F#3, G#3, B3, C4, B4, F5, G#5, D6","[71, 80, 86, 56, 59, 54, 40, 77, 50, 60]",7,7,0,3,instrument,/home/hsnu2/PitchBench/data/audio/pitchbench_d1_seq_pitch_count/B4-Gs5-D6-Gs3-B3-Fs3-E2-F5-D3-C4_bass_seqcount_n10_dur5000ms_irr_t1.wav,B4-Gs5-D6-Gs3-B3-Fs3-E2-F5-D3-C4_bass_seqcount_n10_dur5000ms_irr_t1.wav,Listen to this audio. How many distinct musical pitches are played in this sequence? No note is played twice-so don't worry about duplicates. Reply with ONLY a single integer. Nothing else. Output only the answer.
oboe,5000,10,irregular,0,"[30, 39, 44, 50, 54, 61, 64, 68, 85, 86]","F#1, D#2, G#2, D3, F#3, C#4, E4, G#4, C#6, D6","[39, 30, 50, 64, 68, 85, 44, 61, 54, 86]",7,7,0,3,instrument,/home/hsnu2/PitchBench/data/audio/pitchbench_d1_seq_pitch_count/Ds2-Fs1-D3-E4-Gs4-Cs6-Gs2-Cs4-Fs3-D6_oboe_seqcount_n10_dur5000ms_irr_t0.wav,Ds2-Fs1-D3-E4-Gs4-Cs6-Gs2-Cs4-Fs3-D6_oboe_seqcount_n10_dur5000ms_irr_t0.wav,Listen to this audio. How many distinct musical pitches are played in this sequence? No note is played twice-so don't worry about duplicates. Reply with ONLY a single integer. Nothing else. Output only the answer.
sawtooth,5000,10,irregular,2,"[33, 35, 41, 42, 53, 62, 63, 72, 84, 87]","A1, B1, F2, F#2, F3, D4, D#4, C5, C6, D#6","[35, 63, 41, 84, 72, 53, 87, 42, 62, 33]",5,5,0,5,waveform,/home/hsnu2/PitchBench/data/audio/pitchbench_d1_seq_pitch_count/B1-Ds4-F2-C6-C5-F3-Ds6-Fs2-D4-A1_sawtooth_seqcount_n10_dur5000ms_irr_t2.wav,B1-Ds4-F2-C6-C5-F3-Ds6-Fs2-D4-A1_sawtooth_seqcount_n10_dur5000ms_irr_t2.wav,Listen to this audio. How many distinct musical pitches are played in this sequence? No note is played twice-so don't worry about duplicates. Reply with ONLY a single integer. Nothing else. Output only the answer.
violin,5000,10,irregular,0,"[34, 43, 45, 49, 51, 62, 66, 67, 76, 84]","A#1, G2, A2, C#3, D#3, D4, F#4, G4, E5, C6","[49, 34, 45, 67, 84, 66, 51, 43, 76, 62]",7,7,0,3,instrument,/home/hsnu2/PitchBench/data/audio/pitchbench_d1_seq_pitch_count/Cs3-As1-A2-G4-C6-Fs4-Ds3-G2-E5-D4_violin_seqcount_n10_dur5000ms_irr_t0.wav,Cs3-As1-A2-G4-C6-Fs4-Ds3-G2-E5-D4_violin_seqcount_n10_dur5000ms_irr_t0.wav,Listen to this audio. How many distinct musical pitches are played in this sequence? No note is played twice-so don't worry about duplicates. Reply with ONLY a single integer. Nothing else. Output only the answer.
trombone,1000,10,regular,0,"[42, 47, 53, 56, 59, 61, 67, 68, 83, 84]","F#2, B2, F3, G#3, B3, C#4, G4, G#4, B5, C6","[56, 42, 47, 83, 68, 84, 59, 53, 61, 67]",7,7,0,3,instrument,/home/hsnu2/PitchBench/data/audio/pitchbench_d1_seq_pitch_count/Gs3-Fs2-B2-B5-Gs4-C6-B3-F3-Cs4-G4_trombone_seqcount_n10_dur1000ms_reg_t0.wav,Gs3-Fs2-B2-B5-Gs4-C6-B3-F3-Cs4-G4_trombone_seqcount_n10_dur1000ms_reg_t0.wav,Listen to this audio. How many distinct musical pitches are played in this sequence? No note is played twice-so don't worry about duplicates. Reply with ONLY a single integer. Nothing else. Output only the answer.
sine,5000,10,regular,1,"[30, 42, 44, 52, 54, 58, 59, 62, 71, 78]","F#1, F#2, G#2, E3, F#3, A#3, B3, D4, B4, F#5","[44, 59, 42, 78, 71, 62, 52, 54, 30, 58]",7,7,0,3,waveform,/home/hsnu2/PitchBench/data/audio/pitchbench_d1_seq_pitch_count/Gs2-B3-Fs2-Fs5-B4-D4-E3-Fs3-Fs1-As3_sine_seqcount_n10_dur5000ms_reg_t1.wav,Gs2-B3-Fs2-Fs5-B4-D4-E3-Fs3-Fs1-As3_sine_seqcount_n10_dur5000ms_reg_t1.wav,Listen to this audio. How many distinct musical pitches are played in this sequence? No note is played twice-so don't worry about duplicates. Reply with ONLY a single integer. Nothing else. Output only the answer.
sine,5000,10,regular,0,"[38, 40, 41, 42, 45, 46, 47, 53, 56, 84]","D2, E2, F2, F#2, A2, A#2, B2, F3, G#3, C6","[42, 46, 53, 40, 56, 38, 41, 45, 84, 47]",5,5,0,5,waveform,/home/hsnu2/PitchBench/data/audio/pitchbench_d1_seq_pitch_count/Fs2-As2-F3-E2-Gs3-D2-F2-A2-C6-B2_sine_seqcount_n10_dur5000ms_reg_t0.wav,Fs2-As2-F3-E2-Gs3-D2-F2-A2-C6-B2_sine_seqcount_n10_dur5000ms_reg_t0.wav,Listen to this audio. How many distinct musical pitches are played in this sequence? No note is played twice-so don't worry about duplicates. Reply with ONLY a single integer. Nothing else. Output only the answer.
sawtooth,5000,10,regular,2,"[33, 35, 41, 42, 53, 62, 63, 72, 84, 87]","A1, B1, F2, F#2, F3, D4, D#4, C5, C6, D#6","[35, 63, 41, 84, 72, 53, 87, 42, 62, 33]",7,7,0,3,waveform,/home/hsnu2/PitchBench/data/audio/pitchbench_d1_seq_pitch_count/B1-Ds4-F2-C6-C5-F3-Ds6-Fs2-D4-A1_sawtooth_seqcount_n10_dur5000ms_reg_t2.wav,B1-Ds4-F2-C6-C5-F3-Ds6-Fs2-D4-A1_sawtooth_seqcount_n10_dur5000ms_reg_t2.wav,Listen to this audio. How many distinct musical pitches are played in this sequence? No note is played twice-so don't worry about duplicates. Reply with ONLY a single integer. Nothing else. Output only the answer.
piano,5000,10,regular,0,"[34, 45, 49, 51, 57, 59, 63, 68, 80, 82]","A#1, A2, C#3, D#3, A3, B3, D#4, G#4, G#5, A#5","[63, 45, 80, 49, 34, 68, 57, 59, 51, 82]",7,7,0,3,instrument,/home/hsnu2/PitchBench/data/audio/pitchbench_d1_seq_pitch_count/Ds4-A2-Gs5-Cs3-As1-Gs4-A3-B3-Ds3-As5_piano_seqcount_n10_dur5000ms_reg_t0.wav,Ds4-A2-Gs5-Cs3-As1-Gs4-A3-B3-Ds3-As5_piano_seqcount_n10_dur5000ms_reg_t0.wav,Listen to this audio. How many distinct musical pitches are played in this sequence? No note is played twice-so don't worry about duplicates. Reply with ONLY a single integer. Nothing else. Output only the answer.
piano,5000,2,irregular,2,"[58, 82]","A#3, A#5","[82, 58]",4,4,0,2,instrument,/home/hsnu2/PitchBench/data/audio/pitchbench_d1_seq_pitch_count/As5-As3_piano_seqcount_n2_dur5000ms_irr_t2.wav,As5-As3_piano_seqcount_n2_dur5000ms_irr_t2.wav,Listen to this audio. How many distinct musical pitches are played in this sequence? No note is played twice-so don't worry about duplicates. Reply with ONLY a single integer. Nothing else. Output only the answer.
clarinet,5000,2,irregular,1,"[86, 88]","D6, E6","[88, 86]",4,4,0,2,instrument,/home/hsnu2/PitchBench/data/audio/pitchbench_d1_seq_pitch_count/E6-D6_clarinet_seqcount_n2_dur5000ms_irr_t1.wav,E6-D6_clarinet_seqcount_n2_dur5000ms_irr_t1.wav,Listen to this audio. How many distinct musical pitches are played in this sequence? No note is played twice-so don't worry about duplicates. Reply with ONLY a single integer. Nothing else. Output only the answer.
violin,5000,2,irregular,2,"[46, 63]","A#2, D#4","[63, 46]",2,2,1,0,instrument,/home/hsnu2/PitchBench/data/audio/pitchbench_d1_seq_pitch_count/Ds4-As2_violin_seqcount_n2_dur5000ms_irr_t2.wav,Ds4-As2_violin_seqcount_n2_dur5000ms_irr_t2.wav,Listen to this audio. How many distinct musical pitches are played in this sequence? No note is played twice-so don't worry about duplicates. Reply with ONLY a single integer. Nothing else. Output only the answer.
sine,5000,2,irregular,0,"[42, 87]","F#2, D#6","[87, 42]",5,5,0,3,waveform,/home/hsnu2/PitchBench/data/audio/pitchbench_d1_seq_pitch_count/Ds6-Fs2_sine_seqcount_n2_dur5000ms_irr_t0.wav,Ds6-Fs2_sine_seqcount_n2_dur5000ms_irr_t0.wav,Listen to this audio. How many distinct musical pitches are played in this sequence? No note is played twice-so don't worry about duplicates. Reply with ONLY a single integer. Nothing else. Output only the answer.
oboe,5000,2,irregular,2,"[51, 81]","D#3, A5","[51, 81]",2,2,1,0,instrument,/home/hsnu2/PitchBench/data/audio/pitchbench_d1_seq_pitch_count/Ds3-A5_oboe_seqcount_n2_dur5000ms_irr_t2.wav,Ds3-A5_oboe_seqcount_n2_dur5000ms_irr_t2.wav,Listen to this audio. How many distinct musical pitches are played in this sequence? No note is played twice-so don't worry about duplicates. Reply with ONLY a single integer. Nothing else. Output only the answer.
piano,1000,2,regular,1,"[46, 55]","A#2, G3","[55, 46]",5,5,0,3,instrument,/home/hsnu2/PitchBench/data/audio/pitchbench_d1_seq_pitch_count/G3-As2_piano_seqcount_n2_dur1000ms_reg_t1.wav,G3-As2_piano_seqcount_n2_dur1000ms_reg_t1.wav,Listen to this audio. How many distinct musical pitches are played in this sequence? No note is played twice-so don't worry about duplicates. Reply with ONLY a single integer. Nothing else. Output only the answer.
bass,1000,2,regular,1,"[32, 52]","G#1, E3","[32, 52]",4,4,0,2,instrument,/home/hsnu2/PitchBench/data/audio/pitchbench_d1_seq_pitch_count/Gs1-E3_bass_seqcount_n2_dur1000ms_reg_t1.wav,Gs1-E3_bass_seqcount_n2_dur1000ms_reg_t1.wav,Listen to this audio. How many distinct musical pitches are played in this sequence? No note is played twice-so don't worry about duplicates. Reply with ONLY a single integer. Nothing else. Output only the answer.
cello,5000,2,regular,2,"[44, 51]","G#2, D#3","[51, 44]",2,2,1,0,instrument,/home/hsnu2/PitchBench/data/audio/pitchbench_d1_seq_pitch_count/Ds3-Gs2_cello_seqcount_n2_dur5000ms_reg_t2.wav,Ds3-Gs2_cello_seqcount_n2_dur5000ms_reg_t2.wav,Listen to this audio. How many distinct musical pitches are played in this sequence? No note is played twice-so don't worry about duplicates. Reply with ONLY a single integer. Nothing else. Output only the answer.
organ,5000,2,regular,2,"[30, 40]","F#1, E2","[30, 40]",7,7,0,5,instrument,/home/hsnu2/PitchBench/data/audio/pitchbench_d1_seq_pitch_count/Fs1-E2_organ_seqcount_n2_dur5000ms_reg_t2.wav,Fs1-E2_organ_seqcount_n2_dur5000ms_reg_t2.wav,Listen to this audio. How many distinct musical pitches are played in this sequence? No note is played twice-so don't worry about duplicates. Reply with ONLY a single integer. Nothing else. Output only the answer.
oboe,5000,2,regular,0,"[31, 45]","G1, A2","[45, 31]",4,4,0,2,instrument,/home/hsnu2/PitchBench/data/audio/pitchbench_d1_seq_pitch_count/A2-G1_oboe_seqcount_n2_dur5000ms_reg_t0.wav,A2-G1_oboe_seqcount_n2_dur5000ms_reg_t0.wav,Listen to this audio. How many distinct musical pitches are played in this sequence? No note is played twice-so don't worry about duplicates. Reply with ONLY a single integer. Nothing else. Output only the answer.
trumpet,5000,3,irregular,2,"[54, 62, 88]","F#3, D4, E6","[54, 62, 88]",3,3,1,0,instrument,/home/hsnu2/PitchBench/data/audio/pitchbench_d1_seq_pitch_count/Fs3-D4-E6_trumpet_seqcount_n3_dur5000ms_irr_t2.wav,Fs3-D4-E6_trumpet_seqcount_n3_dur5000ms_irr_t2.wav,Listen to this audio. How many distinct musical pitches are played in this sequence? No note is played twice-so don't worry about duplicates. Reply with ONLY a single integer. Nothing else. Output only the answer.
piano,5000,3,irregular,1,"[35, 61, 67]","B1, C#4, G4","[35, 61, 67]",4,4,0,1,instrument,/home/hsnu2/PitchBench/data/audio/pitchbench_d1_seq_pitch_count/B1-Cs4-G4_piano_seqcount_n3_dur5000ms_irr_t1.wav,B1-Cs4-G4_piano_seqcount_n3_dur5000ms_irr_t1.wav,Listen to this audio. How many distinct musical pitches are played in this sequence? No note is played twice-so don't worry about duplicates. Reply with ONLY a single integer. Nothing else. Output only the answer.
trombone,5000,3,irregular,0,"[29, 33, 54]","F1, A1, F#3","[29, 54, 33]",3,3,1,0,instrument,/home/hsnu2/PitchBench/data/audio/pitchbench_d1_seq_pitch_count/F1-Fs3-A1_trombone_seqcount_n3_dur5000ms_irr_t0.wav,F1-Fs3-A1_trombone_seqcount_n3_dur5000ms_irr_t0.wav,Listen to this audio. How many distinct musical pitches are played in this sequence? No note is played twice-so don't worry about duplicates. Reply with ONLY a single integer. Nothing else. Output only the answer.
violin,5000,3,irregular,0,"[29, 34, 51]","F1, A#1, D#3","[51, 34, 29]",3,3,1,0,instrument,/home/hsnu2/PitchBench/data/audio/pitchbench_d1_seq_pitch_count/Ds3-As1-F1_violin_seqcount_n3_dur5000ms_irr_t0.wav,Ds3-As1-F1_violin_seqcount_n3_dur5000ms_irr_t0.wav,Listen to this audio. How many distinct musical pitches are played in this sequence? No note is played twice-so don't worry about duplicates. Reply with ONLY a single integer. Nothing else. Output only the answer.
electric_keyboard,5000,3,irregular,2,"[54, 75, 86]","F#3, D#5, D6","[86, 54, 75]",4,4,0,1,instrument,/home/hsnu2/PitchBench/data/audio/pitchbench_d1_seq_pitch_count/D6-Fs3-Ds5_electric_keyboard_seqcount_n3_dur5000ms_irr_t2.wav,D6-Fs3-Ds5_electric_keyboard_seqcount_n3_dur5000ms_irr_t2.wav,Listen to this audio. How many distinct musical pitches are played in this sequence? No note is played twice-so don't worry about duplicates. Reply with ONLY a single integer. Nothing else. Output only the answer.
synth_pad,1000,3,regular,1,"[51, 68, 80]","D#3, G#4, G#5","[68, 80, 51]",4,4,0,1,instrument,/home/hsnu2/PitchBench/data/audio/pitchbench_d1_seq_pitch_count/Gs4-Gs5-Ds3_synth_pad_seqcount_n3_dur1000ms_reg_t1.wav,Gs4-Gs5-Ds3_synth_pad_seqcount_n3_dur1000ms_reg_t1.wav,Listen to this audio. How many distinct musical pitches are played in this sequence? No note is played twice-so don't worry about duplicates. Reply with ONLY a single integer. Nothing else. Output only the answer.
voice,5000,3,regular,0,"[38, 54, 71]","D2, F#3, B4","[38, 71, 54]",4,4,0,1,instrument,/home/hsnu2/PitchBench/data/audio/pitchbench_d1_seq_pitch_count/D2-B4-Fs3_voice_seqcount_n3_dur5000ms_reg_t0.wav,D2-B4-Fs3_voice_seqcount_n3_dur5000ms_reg_t0.wav,Listen to this audio. How many distinct musical pitches are played in this sequence? No note is played twice-so don't worry about duplicates. Reply with ONLY a single integer. Nothing else. Output only the answer.
sine,1000,3,regular,0,"[34, 36, 76]","A#1, C2, E5","[34, 76, 36]",5,5,0,2,waveform,/home/hsnu2/PitchBench/data/audio/pitchbench_d1_seq_pitch_count/As1-E5-C2_sine_seqcount_n3_dur1000ms_reg_t0.wav,As1-E5-C2_sine_seqcount_n3_dur1000ms_reg_t0.wav,Listen to this audio. How many distinct musical pitches are played in this sequence? No note is played twice-so don't worry about duplicates. Reply with ONLY a single integer. Nothing else. Output only the answer.
synth_lead,1000,3,regular,1,"[32, 78, 84]","G#1, F#5, C6","[78, 32, 84]",4,4,0,1,instrument,/home/hsnu2/PitchBench/data/audio/pitchbench_d1_seq_pitch_count/Fs5-Gs1-C6_synth_lead_seqcount_n3_dur1000ms_reg_t1.wav,Fs5-Gs1-C6_synth_lead_seqcount_n3_dur1000ms_reg_t1.wav,Listen to this audio. How many distinct musical pitches are played in this sequence? No note is played twice-so don't worry about duplicates. Reply with ONLY a single integer. Nothing else. Output only the answer.
triangle,1000,3,regular,2,"[43, 46, 59]","G2, A#2, B3","[43, 59, 46]",5,5,0,2,waveform,/home/hsnu2/PitchBench/data/audio/pitchbench_d1_seq_pitch_count/G2-B3-As2_triangle_seqcount_n3_dur1000ms_reg_t2.wav,G2-B3-As2_triangle_seqcount_n3_dur1000ms_reg_t2.wav,Listen to this audio. How many distinct musical pitches are played in this sequence? No note is played twice-so don't worry about duplicates. Reply with ONLY a single integer. Nothing else. Output only the answer.
organ,5000,4,irregular,2,"[34, 35, 61, 82]","A#1, B1, C#4, A#5","[61, 82, 34, 35]",5,5,0,1,instrument,/home/hsnu2/PitchBench/data/audio/pitchbench_d1_seq_pitch_count/Cs4-As5-As1-B1_organ_seqcount_n4_dur5000ms_irr_t2.wav,Cs4-As5-As1-B1_organ_seqcount_n4_dur5000ms_irr_t2.wav,Listen to this audio. How many distinct musical pitches are played in this sequence? No note is played twice-so don't worry about duplicates. Reply with ONLY a single integer. Nothing else. Output only the answer.
trombone,1000,4,irregular,0,"[41, 70, 81, 82]","F2, A#4, A5, A#5","[70, 81, 41, 82]",3,3,0,1,instrument,/home/hsnu2/PitchBench/data/audio/pitchbench_d1_seq_pitch_count/As4-A5-F2-As5_trombone_seqcount_n4_dur1000ms_irr_t0.wav,As4-A5-F2-As5_trombone_seqcount_n4_dur1000ms_irr_t0.wav,Listen to this audio. How many distinct musical pitches are played in this sequence? No note is played twice-so don't worry about duplicates. Reply with ONLY a single integer. Nothing else. Output only the answer.
flute,1000,4,irregular,1,"[31, 62, 63, 66]","G1, D4, D#4, F#4","[66, 63, 31, 62]",4,4,1,0,instrument,/home/hsnu2/PitchBench/data/audio/pitchbench_d1_seq_pitch_count/Fs4-Ds4-G1-D4_flute_seqcount_n4_dur1000ms_irr_t1.wav,Fs4-Ds4-G1-D4_flute_seqcount_n4_dur1000ms_irr_t1.wav,Listen to this audio. How many distinct musical pitches are played in this sequence? No note is played twice-so don't worry about duplicates. Reply with ONLY a single integer. Nothing else. Output only the answer.
electric_keyboard,5000,4,irregular,2,"[59, 75, 76, 85]","B3, D#5, E5, C#6","[75, 76, 85, 59]",5,5,0,1,instrument,/home/hsnu2/PitchBench/data/audio/pitchbench_d1_seq_pitch_count/Ds5-E5-Cs6-B3_electric_keyboard_seqcount_n4_dur5000ms_irr_t2.wav,Ds5-E5-Cs6-B3_electric_keyboard_seqcount_n4_dur5000ms_irr_t2.wav,Listen to this audio. How many distinct musical pitches are played in this sequence? No note is played twice-so don't worry about duplicates. Reply with ONLY a single integer. Nothing else. Output only the answer.
triangle,1000,4,irregular,1,"[56, 57, 60, 69]","G#3, A3, C4, A4","[56, 69, 57, 60]",4,4,1,0,waveform,/home/hsnu2/PitchBench/data/audio/pitchbench_d1_seq_pitch_count/Gs3-A4-A3-C4_triangle_seqcount_n4_dur1000ms_irr_t1.wav,Gs3-A4-A3-C4_triangle_seqcount_n4_dur1000ms_irr_t1.wav,Listen to this audio. How many distinct musical pitches are played in this sequence? No note is played twice-so don't worry about duplicates. Reply with ONLY a single integer. Nothing else. Output only the answer.
piano,5000,4,regular,0,"[36, 44, 61, 70]","C2, G#2, C#4, A#4","[70, 61, 44, 36]",4,4,1,0,instrument,/home/hsnu2/PitchBench/data/audio/pitchbench_d1_seq_pitch_count/As4-Cs4-Gs2-C2_piano_seqcount_n4_dur5000ms_reg_t0.wav,As4-Cs4-Gs2-C2_piano_seqcount_n4_dur5000ms_reg_t0.wav,Listen to this audio. How many distinct musical pitches are played in this sequence? No note is played twice-so don't worry about duplicates. Reply with ONLY a single integer. Nothing else. Output only the answer.
synth_lead,1000,4,regular,1,"[37, 44, 50, 77]","C#2, G#2, D3, F5","[44, 37, 77, 50]",4,4,1,0,instrument,/home/hsnu2/PitchBench/data/audio/pitchbench_d1_seq_pitch_count/Gs2-Cs2-F5-D3_synth_lead_seqcount_n4_dur1000ms_reg_t1.wav,Gs2-Cs2-F5-D3_synth_lead_seqcount_n4_dur1000ms_reg_t1.wav,Listen to this audio. How many distinct musical pitches are played in this sequence? No note is played twice-so don't worry about duplicates. Reply with ONLY a single integer. Nothing else. Output only the answer.
flute,1000,4,regular,1,"[31, 62, 63, 66]","G1, D4, D#4, F#4","[66, 63, 31, 62]",4,4,1,0,instrument,/home/hsnu2/PitchBench/data/audio/pitchbench_d1_seq_pitch_count/Fs4-Ds4-G1-D4_flute_seqcount_n4_dur1000ms_reg_t1.wav,Fs4-Ds4-G1-D4_flute_seqcount_n4_dur1000ms_reg_t1.wav,Listen to this audio. How many distinct musical pitches are played in this sequence? No note is played twice-so don't worry about duplicates. Reply with ONLY a single integer. Nothing else. Output only the answer.
square,1000,4,regular,1,"[31, 46, 49, 53]","G1, A#2, C#3, F3","[49, 46, 53, 31]",5,5,0,1,waveform,/home/hsnu2/PitchBench/data/audio/pitchbench_d1_seq_pitch_count/Cs3-As2-F3-G1_square_seqcount_n4_dur1000ms_reg_t1.wav,Cs3-As2-F3-G1_square_seqcount_n4_dur1000ms_reg_t1.wav,Listen to this audio. How many distinct musical pitches are played in this sequence? No note is played twice-so don't worry about duplicates. Reply with ONLY a single integer. Nothing else. Output only the answer.
sawtooth,5000,4,regular,2,"[34, 49, 65, 76]","A#1, C#3, F4, E5","[49, 76, 65, 34]",7,7,0,3,waveform,/home/hsnu2/PitchBench/data/audio/pitchbench_d1_seq_pitch_count/Cs3-E5-F4-As1_sawtooth_seqcount_n4_dur5000ms_reg_t2.wav,Cs3-E5-F4-As1_sawtooth_seqcount_n4_dur5000ms_reg_t2.wav,Listen to this audio. How many distinct musical pitches are played in this sequence? No note is played twice-so don't worry about duplicates. Reply with ONLY a single integer. Nothing else. Output only the answer.
trumpet,1000,5,irregular,0,"[48, 55, 72, 74, 78]","C3, G3, C5, D5, F#5","[48, 72, 55, 78, 74]",4,4,0,1,instrument,/home/hsnu2/PitchBench/data/audio/pitchbench_d1_seq_pitch_count/C3-C5-G3-Fs5-D5_trumpet_seqcount_n5_dur1000ms_irr_t0.wav,C3-C5-G3-Fs5-D5_trumpet_seqcount_n5_dur1000ms_irr_t0.wav,Listen to this audio. How many distinct musical pitches are played in this sequence? No note is played twice-so don't worry about duplicates. Reply with ONLY a single integer. Nothing else. Output only the answer.
square,1000,5,irregular,0,"[44, 49, 75, 86, 88]","G#2, C#3, D#5, D6, E6","[49, 44, 75, 88, 86]",5,5,1,0,waveform,/home/hsnu2/PitchBench/data/audio/pitchbench_d1_seq_pitch_count/Cs3-Gs2-Ds5-E6-D6_square_seqcount_n5_dur1000ms_irr_t0.wav,Cs3-Gs2-Ds5-E6-D6_square_seqcount_n5_dur1000ms_irr_t0.wav,Listen to this audio. How many distinct musical pitches are played in this sequence? No note is played twice-so don't worry about duplicates. Reply with ONLY a single integer. Nothing else. Output only the answer.
flute,5000,5,irregular,0,"[47, 52, 73, 84, 89]","B2, E3, C#5, C6, F6","[52, 89, 47, 73, 84]",4,4,0,1,instrument,/home/hsnu2/PitchBench/data/audio/pitchbench_d1_seq_pitch_count/E3-F6-B2-Cs5-C6_flute_seqcount_n5_dur5000ms_irr_t0.wav,E3-F6-B2-Cs5-C6_flute_seqcount_n5_dur5000ms_irr_t0.wav,Listen to this audio. How many distinct musical pitches are played in this sequence? No note is played twice-so don't worry about duplicates. Reply with ONLY a single integer. Nothing else. Output only the answer.
voice,1000,5,irregular,0,"[63, 79, 82, 85, 89]","D#4, G5, A#5, C#6, F6","[79, 89, 82, 85, 63]",4,4,0,1,instrument,/home/hsnu2/PitchBench/data/audio/pitchbench_d1_seq_pitch_count/G5-F6-As5-Cs6-Ds4_voice_seqcount_n5_dur1000ms_irr_t0.wav,G5-F6-As5-Cs6-Ds4_voice_seqcount_n5_dur1000ms_irr_t0.wav,Listen to this audio. How many distinct musical pitches are played in this sequence? No note is played twice-so don't worry about duplicates. Reply with ONLY a single integer. Nothing else. Output only the answer.
flute,1000,5,irregular,2,"[41, 49, 62, 63, 83]","F2, C#3, D4, D#4, B5","[41, 83, 49, 63, 62]",4,4,0,1,instrument,/home/hsnu2/PitchBench/data/audio/pitchbench_d1_seq_pitch_count/F2-B5-Cs3-Ds4-D4_flute_seqcount_n5_dur1000ms_irr_t2.wav,F2-B5-Cs3-Ds4-D4_flute_seqcount_n5_dur1000ms_irr_t2.wav,Listen to this audio. How many distinct musical pitches are played in this sequence? No note is played twice-so don't worry about duplicates. Reply with ONLY a single integer. Nothing else. Output only the answer.
violin,5000,5,regular,2,"[55, 62, 83, 87, 89]","G3, D4, B5, D#6, F6","[89, 62, 55, 83, 87]",5,5,1,0,instrument,/home/hsnu2/PitchBench/data/audio/pitchbench_d1_seq_pitch_count/F6-D4-G3-B5-Ds6_violin_seqcount_n5_dur5000ms_reg_t2.wav,F6-D4-G3-B5-Ds6_violin_seqcount_n5_dur5000ms_reg_t2.wav,Listen to this audio. How many distinct musical pitches are played in this sequence? No note is played twice-so don't worry about duplicates. Reply with ONLY a single integer. Nothing else. Output only the answer.
electric_keyboard,5000,5,regular,0,"[47, 50, 53, 62, 76]","B2, D3, F3, D4, E5","[76, 50, 53, 62, 47]",5,5,1,0,instrument,/home/hsnu2/PitchBench/data/audio/pitchbench_d1_seq_pitch_count/E5-D3-F3-D4-B2_electric_keyboard_seqcount_n5_dur5000ms_reg_t0.wav,E5-D3-F3-D4-B2_electric_keyboard_seqcount_n5_dur5000ms_reg_t0.wav,Listen to this audio. How many distinct musical pitches are played in this sequence? No note is played twice-so don't worry about duplicates. Reply with ONLY a single integer. Nothing else. Output only the answer.
synth_pad,1000,5,regular,1,"[32, 40, 60, 78, 86]","G#1, E2, C4, F#5, D6","[40, 86, 78, 32, 60]",4,4,0,1,instrument,/home/hsnu2/PitchBench/data/audio/pitchbench_d1_seq_pitch_count/E2-D6-Fs5-Gs1-C4_synth_pad_seqcount_n5_dur1000ms_reg_t1.wav,E2-D6-Fs5-Gs1-C4_synth_pad_seqcount_n5_dur1000ms_reg_t1.wav,Listen to this audio. How many distinct musical pitches are played in this sequence? No note is played twice-so don't worry about duplicates. Reply with ONLY a single integer. Nothing else. Output only the answer.
sine,5000,5,regular,2,"[32, 60, 71, 83, 86]","G#1, C4, B4, B5, D6","[60, 83, 32, 71, 86]",5,5,1,0,waveform,/home/hsnu2/PitchBench/data/audio/pitchbench_d1_seq_pitch_count/C4-B5-Gs1-B4-D6_sine_seqcount_n5_dur5000ms_reg_t2.wav,C4-B5-Gs1-B4-D6_sine_seqcount_n5_dur5000ms_reg_t2.wav,Listen to this audio. How many distinct musical pitches are played in this sequence? No note is played twice-so don't worry about duplicates. Reply with ONLY a single integer. Nothing else. Output only the answer.
bass,5000,5,regular,0,"[31, 32, 37, 51, 57]","G1, G#1, C#2, D#3, A3","[37, 31, 32, 57, 51]",5,5,1,0,instrument,/home/hsnu2/PitchBench/data/audio/pitchbench_d1_seq_pitch_count/Cs2-G1-Gs1-A3-Ds3_bass_seqcount_n5_dur5000ms_reg_t0.wav,Cs2-G1-Gs1-A3-Ds3_bass_seqcount_n5_dur5000ms_reg_t0.wav,Listen to this audio. How many distinct musical pitches are played in this sequence? No note is played twice-so don't worry about duplicates. Reply with ONLY a single integer. Nothing else. Output only the answer.
trombone,5000,7,irregular,1,"[30, 49, 64, 65, 67, 70, 89]","F#1, C#3, E4, F4, G4, A#4, F6","[65, 70, 30, 64, 67, 89, 49]",6,6,0,1,instrument,/home/hsnu2/PitchBench/data/audio/pitchbench_d1_seq_pitch_count/F4-As4-Fs1-E4-G4-F6-Cs3_trombone_seqcount_n7_dur5000ms_irr_t1.wav,F4-As4-Fs1-E4-G4-F6-Cs3_trombone_seqcount_n7_dur5000ms_irr_t1.wav,Listen to this audio. How many distinct musical pitches are played in this sequence? No note is played twice-so don't worry about duplicates. Reply with ONLY a single integer. Nothing else. Output only the answer.
oboe,1000,7,irregular,2,"[33, 47, 50, 61, 72, 73, 74]","A1, B2, D3, C#4, C5, C#5, D5","[33, 74, 47, 72, 50, 61, 73]",5,5,0,2,instrument,/home/hsnu2/PitchBench/data/audio/pitchbench_d1_seq_pitch_count/A1-D5-B2-C5-D3-Cs4-Cs5_oboe_seqcount_n7_dur1000ms_irr_t2.wav,A1-D5-B2-C5-D3-Cs4-Cs5_oboe_seqcount_n7_dur1000ms_irr_t2.wav,Listen to this audio. How many distinct musical pitches are played in this sequence? No note is played twice-so don't worry about duplicates. Reply with ONLY a single integer. Nothing else. Output only the answer.
square,5000,7,irregular,0,"[31, 45, 50, 55, 73, 78, 83]","G1, A2, D3, G3, C#5, F#5, B5","[31, 73, 78, 50, 83, 45, 55]",5,5,0,2,waveform,/home/hsnu2/PitchBench/data/audio/pitchbench_d1_seq_pitch_count/G1-Cs5-Fs5-D3-B5-A2-G3_square_seqcount_n7_dur5000ms_irr_t0.wav,G1-Cs5-Fs5-D3-B5-A2-G3_square_seqcount_n7_dur5000ms_irr_t0.wav,Listen to this audio. How many distinct musical pitches are played in this sequence? No note is played twice-so don't worry about duplicates. Reply with ONLY a single integer. Nothing else. Output only the answer.
trumpet,1000,7,irregular,0,"[30, 35, 40, 43, 73, 76, 82]","F#1, B1, E2, G2, C#5, E5, A#5","[43, 73, 30, 40, 76, 35, 82]",4,4,0,3,instrument,/home/hsnu2/PitchBench/data/audio/pitchbench_d1_seq_pitch_count/G2-Cs5-Fs1-E2-E5-B1-As5_trumpet_seqcount_n7_dur1000ms_irr_t0.wav,G2-Cs5-Fs1-E2-E5-B1-As5_trumpet_seqcount_n7_dur1000ms_irr_t0.wav,Listen to this audio. How many distinct musical pitches are played in this sequence? No note is played twice-so don't worry about duplicates. Reply with ONLY a single integer. Nothing else. Output only the answer.
sawtooth,5000,7,irregular,1,"[33, 38, 42, 43, 48, 61, 69]","A1, D2, F#2, G2, C3, C#4, A4","[43, 38, 61, 69, 42, 48, 33]",5,5,0,2,waveform,/home/hsnu2/PitchBench/data/audio/pitchbench_d1_seq_pitch_count/G2-D2-Cs4-A4-Fs2-C3-A1_sawtooth_seqcount_n7_dur5000ms_irr_t1.wav,G2-D2-Cs4-A4-Fs2-C3-A1_sawtooth_seqcount_n7_dur5000ms_irr_t1.wav,Listen to this audio. How many distinct musical pitches are played in this sequence? No note is played twice-so don't worry about duplicates. Reply with ONLY a single integer. Nothing else. Output only the answer.
oboe,5000,7,regular,1,"[39, 40, 42, 61, 67, 79, 86]","D#2, E2, F#2, C#4, G4, G5, D6","[61, 39, 67, 42, 40, 79, 86]",4,4,0,3,instrument,/home/hsnu2/PitchBench/data/audio/pitchbench_d1_seq_pitch_count/Cs4-Ds2-G4-Fs2-E2-G5-D6_oboe_seqcount_n7_dur5000ms_reg_t1.wav,Cs4-Ds2-G4-Fs2-E2-G5-D6_oboe_seqcount_n7_dur5000ms_reg_t1.wav,Listen to this audio. How many distinct musical pitches are played in this sequence? No note is played twice-so don't worry about duplicates. Reply with ONLY a single integer. Nothing else. Output only the answer.
guitar,1000,7,regular,1,"[34, 54, 67, 70, 74, 75, 78]","A#1, F#3, G4, A#4, D5, D#5, F#5","[67, 78, 54, 75, 34, 74, 70]",5,5,0,2,instrument,/home/hsnu2/PitchBench/data/audio/pitchbench_d1_seq_pitch_count/G4-Fs5-Fs3-Ds5-As1-D5-As4_guitar_seqcount_n7_dur1000ms_reg_t1.wav,G4-Fs5-Fs3-Ds5-As1-D5-As4_guitar_seqcount_n7_dur1000ms_reg_t1.wav,Listen to this audio. How many distinct musical pitches are played in this sequence? No note is played twice-so don't worry about duplicates. Reply with ONLY a single integer. Nothing else. Output only the answer.
synth_pad,5000,7,regular,1,"[42, 61, 63, 69, 74, 84, 85]","F#2, C#4, D#4, A4, D5, C6, C#6","[74, 84, 63, 85, 42, 69, 61]",7,7,1,0,instrument,/home/hsnu2/PitchBench/data/audio/pitchbench_d1_seq_pitch_count/D5-C6-Ds4-Cs6-Fs2-A4-Cs4_synth_pad_seqcount_n7_dur5000ms_reg_t1.wav,D5-C6-Ds4-Cs6-Fs2-A4-Cs4_synth_pad_seqcount_n7_dur5000ms_reg_t1.wav,Listen to this audio. How many distinct musical pitches are played in this sequence? No note is played twice-so don't worry about duplicates. Reply with ONLY a single integer. Nothing else. Output only the answer.
cello,1000,7,regular,2,"[29, 59, 64, 68, 72, 73, 76]","F1, B3, E4, G#4, C5, C#5, E5","[64, 73, 59, 76, 29, 68, 72]",7,7,1,0,instrument,/home/hsnu2/PitchBench/data/audio/pitchbench_d1_seq_pitch_count/E4-Cs5-B3-E5-F1-Gs4-C5_cello_seqcount_n7_dur1000ms_reg_t2.wav,E4-Cs5-B3-E5-F1-Gs4-C5_cello_seqcount_n7_dur1000ms_reg_t2.wav,Listen to this audio. How many distinct musical pitches are played in this sequence? No note is played twice-so don't worry about duplicates. Reply with ONLY a single integer. Nothing else. Output only the answer.
cello,1000,7,regular,1,"[34, 39, 41, 55, 60, 65, 72]","A#1, D#2, F2, G3, C4, F4, C5","[34, 39, 65, 60, 55, 72, 41]",7,7,1,0,instrument,/home/hsnu2/PitchBench/data/audio/pitchbench_d1_seq_pitch_count/As1-Ds2-F4-C4-G3-C5-F2_cello_seqcount_n7_dur1000ms_reg_t1.wav,As1-Ds2-F4-C4-G3-C5-F2_cello_seqcount_n7_dur1000ms_reg_t1.wav,Listen to this audio. How many distinct musical pitches are played in this sequence? No note is played twice-so don't worry about duplicates. Reply with ONLY a single integer. Nothing else. Output only the answer.
