_source_arg,duration_ms,interval_st,midis,root_midi,same_instrument,source
"[""bass"",""sine""]",5000,1,"[30,31]",30,False,bass+sine
"[""oboe"",""piano""]",5000,1,"[36,37]",36,False,oboe+piano
"[""voice"",""triangle""]",5000,1,"[43,44]",43,False,voice+triangle
"[""cello"",""trumpet""]",5000,1,"[48,49]",48,False,cello+trumpet
"[""trombone"",""piano""]",1000,1,"[54,55]",54,False,trombone+piano
"[""piano"",""synth_pad""]",1000,1,"[60,61]",60,False,piano+synth_pad
"[""clarinet"",""triangle""]",1000,1,"[64,65]",64,False,clarinet+triangle
"[""oboe"",""clarinet""]",1000,1,"[69,70]",69,False,oboe+clarinet
"[""trombone"",""square""]",5000,1,"[79,80]",79,False,trombone+square
"[""violin"",""trombone""]",5000,1,"[88,89]",88,False,violin+trombone
cello,5000,1,"[30,31]",30,True,cello
sawtooth,1000,1,"[36,37]",36,True,sawtooth
sine,5000,1,"[43,44]",43,True,sine
square,5000,1,"[48,49]",48,True,square
guitar,5000,1,"[54,55]",54,True,guitar
flute,1000,1,"[60,61]",60,True,flute
synth_lead,1000,1,"[64,65]",64,True,synth_lead
sine,5000,1,"[69,70]",69,True,sine
synth_pad,5000,1,"[79,80]",79,True,synth_pad
guitar,1000,1,"[88,89]",88,True,guitar
"[""triangle"",""trumpet""]",1000,10,"[30,40]",30,False,triangle+trumpet
"[""voice"",""triangle""]",1000,10,"[36,46]",36,False,voice+triangle
"[""sine"",""cello""]",1000,10,"[43,53]",43,False,sine+cello
"[""guitar"",""clarinet""]",1000,10,"[48,58]",48,False,guitar+clarinet
"[""bass"",""clarinet""]",5000,10,"[54,64]",54,False,bass+clarinet
"[""sine"",""electric_keyboard""]",5000,10,"[60,70]",60,False,sine+electric_keyboard
"[""flute"",""piano""]",1000,10,"[64,74]",64,False,flute+piano
"[""oboe"",""triangle""]",1000,10,"[69,79]",69,False,oboe+triangle
"[""square"",""piano""]",5000,10,"[79,89]",79,False,square+piano
clarinet,5000,10,"[30,40]",30,True,clarinet
trumpet,5000,10,"[36,46]",36,True,trumpet
piano,5000,10,"[43,53]",43,True,piano
guitar,5000,10,"[48,58]",48,True,guitar
clarinet,5000,10,"[54,64]",54,True,clarinet
triangle,1000,10,"[60,70]",60,True,triangle
square,5000,10,"[64,74]",64,True,square
violin,1000,10,"[69,79]",69,True,violin
triangle,1000,10,"[79,89]",79,True,triangle
"[""clarinet"",""electric_keyboard""]",1000,11,"[30,41]",30,False,clarinet+electric_keyboard
"[""electric_keyboard"",""violin""]",1000,11,"[36,47]",36,False,electric_keyboard+violin
"[""organ"",""trumpet""]",1000,11,"[43,54]",43,False,organ+trumpet
"[""triangle"",""violin""]",1000,11,"[48,59]",48,False,triangle+violin
"[""electric_keyboard"",""organ""]",5000,11,"[54,65]",54,False,electric_keyboard+organ
"[""sine"",""oboe""]",1000,11,"[60,71]",60,False,sine+oboe
"[""electric_keyboard"",""trombone""]",5000,11,"[64,75]",64,False,electric_keyboard+trombone
"[""flute"",""square""]",1000,11,"[69,80]",69,False,flute+square
"[""flute"",""square""]",5000,11,"[79,90]",79,False,flute+square
synth_pad,5000,11,"[30,41]",30,True,synth_pad
trombone,1000,11,"[36,47]",36,True,trombone
oboe,5000,11,"[43,54]",43,True,oboe
voice,1000,11,"[48,59]",48,True,voice
guitar,1000,11,"[54,65]",54,True,guitar
square,1000,11,"[60,71]",60,True,square
sawtooth,1000,11,"[64,75]",64,True,sawtooth
flute,1000,11,"[69,80]",69,True,flute
trombone,1000,11,"[79,90]",79,True,trombone
"[""flute"",""triangle""]",5000,12,"[30,42]",30,False,flute+triangle
"[""square"",""sawtooth""]",1000,12,"[36,48]",36,False,square+sawtooth
"[""bass"",""triangle""]",1000,12,"[43,55]",43,False,bass+triangle
"[""sine"",""bass""]",1000,12,"[48,60]",48,False,sine+bass
"[""cello"",""flute""]",5000,12,"[54,66]",54,False,cello+flute
"[""voice"",""bass""]",5000,12,"[60,72]",60,False,voice+bass
"[""organ"",""triangle""]",5000,12,"[64,76]",64,False,organ+triangle
"[""clarinet"",""triangle""]",1000,12,"[69,81]",69,False,clarinet+triangle
"[""flute"",""synth_pad""]",5000,12,"[79,91]",79,False,flute+synth_pad
oboe,1000,12,"[30,42]",30,True,oboe
guitar,5000,12,"[36,48]",36,True,guitar
trumpet,5000,12,"[43,55]",43,True,trumpet
square,1000,12,"[48,60]",48,True,square
electric_keyboard,1000,12,"[54,66]",54,True,electric_keyboard
synth_pad,1000,12,"[60,72]",60,True,synth_pad
flute,5000,12,"[64,76]",64,True,flute
electric_keyboard,1000,12,"[69,81]",69,True,electric_keyboard
organ,5000,12,"[79,91]",79,True,organ
"[""square"",""violin""]",1000,2,"[30,32]",30,False,square+violin
"[""cello"",""trumpet""]",5000,2,"[36,38]",36,False,cello+trumpet
"[""triangle"",""guitar""]",5000,2,"[43,45]",43,False,triangle+guitar
"[""cello"",""voice""]",1000,2,"[48,50]",48,False,cello+voice
"[""square"",""synth_lead""]",1000,2,"[54,56]",54,False,square+synth_lead
"[""electric_keyboard"",""sine""]",5000,2,"[60,62]",60,False,electric_keyboard+sine
"[""triangle"",""trumpet""]",1000,2,"[64,66]",64,False,triangle+trumpet
"[""synth_lead"",""square""]",1000,2,"[69,71]",69,False,synth_lead+square
"[""piano"",""bass""]",1000,2,"[79,81]",79,False,piano+bass
"[""square"",""oboe""]",5000,2,"[88,90]",88,False,square+oboe
trumpet,5000,2,"[30,32]",30,True,trumpet
square,1000,2,"[36,38]",36,True,square
guitar,5000,2,"[43,45]",43,True,guitar
voice,1000,2,"[48,50]",48,True,voice
clarinet,1000,2,"[54,56]",54,True,clarinet
guitar,5000,2,"[60,62]",60,True,guitar
bass,5000,2,"[64,66]",64,True,bass
violin,5000,2,"[69,71]",69,True,violin
organ,5000,2,"[79,81]",79,True,organ
piano,5000,2,"[88,90]",88,True,piano
"[""voice"",""violin""]",1000,3,"[30,33]",30,False,voice+violin
"[""sine"",""square""]",1000,3,"[36,39]",36,False,sine+square
"[""bass"",""violin""]",5000,3,"[43,46]",43,False,bass+violin
"[""oboe"",""clarinet""]",5000,3,"[48,51]",48,False,oboe+clarinet
"[""sine"",""sawtooth""]",1000,3,"[54,57]",54,False,sine+sawtooth
"[""organ"",""voice""]",1000,3,"[60,63]",60,False,organ+voice
"[""synth_pad"",""guitar""]",5000,3,"[64,67]",64,False,synth_pad+guitar
"[""sine"",""oboe""]",5000,3,"[69,72]",69,False,sine+oboe
"[""sine"",""synth_pad""]",5000,3,"[79,82]",79,False,sine+synth_pad
"[""square"",""synth_lead""]",5000,3,"[88,91]",88,False,square+synth_lead
oboe,5000,3,"[30,33]",30,True,oboe
flute,1000,3,"[36,39]",36,True,flute
piano,1000,3,"[43,46]",43,True,piano
synth_lead,1000,3,"[48,51]",48,True,synth_lead
bass,5000,3,"[54,57]",54,True,bass
square,5000,3,"[60,63]",60,True,square
sawtooth,5000,3,"[64,67]",64,True,sawtooth
triangle,5000,3,"[69,72]",69,True,triangle
piano,5000,3,"[79,82]",79,True,piano
electric_keyboard,1000,3,"[88,91]",88,True,electric_keyboard
"[""violin"",""synth_pad""]",5000,4,"[30,34]",30,False,violin+synth_pad
"[""violin"",""synth_pad""]",1000,4,"[36,40]",36,False,violin+synth_pad
"[""cello"",""voice""]",1000,4,"[43,47]",43,False,cello+voice
"[""sawtooth"",""bass""]",1000,4,"[48,52]",48,False,sawtooth+bass
"[""sine"",""cello""]",5000,4,"[54,58]",54,False,sine+cello
"[""electric_keyboard"",""sine""]",5000,4,"[60,64]",60,False,electric_keyboard+sine
"[""flute"",""oboe""]",1000,4,"[64,68]",64,False,flute+oboe
"[""organ"",""voice""]",5000,4,"[69,73]",69,False,organ+voice
"[""piano"",""voice""]",1000,4,"[79,83]",79,False,piano+voice
"[""sawtooth"",""synth_lead""]",5000,4,"[88,92]",88,False,sawtooth+synth_lead
synth_pad,1000,4,"[30,34]",30,True,synth_pad
trumpet,5000,4,"[36,40]",36,True,trumpet
clarinet,5000,4,"[43,47]",43,True,clarinet
triangle,5000,4,"[48,52]",48,True,triangle
trombone,1000,4,"[54,58]",54,True,trombone
cello,5000,4,"[60,64]",60,True,cello
electric_keyboard,1000,4,"[64,68]",64,True,electric_keyboard
organ,5000,4,"[69,73]",69,True,organ
sine,1000,4,"[79,83]",79,True,sine
trumpet,1000,4,"[88,92]",88,True,trumpet
"[""synth_pad"",""trumpet""]",1000,5,"[30,35]",30,False,synth_pad+trumpet
"[""sawtooth"",""trumpet""]",5000,5,"[36,41]",36,False,sawtooth+trumpet
"[""piano"",""violin""]",1000,5,"[43,48]",43,False,piano+violin
"[""voice"",""clarinet""]",1000,5,"[48,53]",48,False,voice+clarinet
"[""flute"",""sine""]",5000,5,"[54,59]",54,False,flute+sine
"[""trombone"",""electric_keyboard""]",1000,5,"[60,65]",60,False,trombone+electric_keyboard
"[""guitar"",""synth_lead""]",1000,5,"[64,69]",64,False,guitar+synth_lead
"[""square"",""cello""]",5000,5,"[69,74]",69,False,square+cello
"[""oboe"",""trombone""]",5000,5,"[79,84]",79,False,oboe+trombone
"[""sawtooth"",""clarinet""]",1000,5,"[88,93]",88,False,sawtooth+clarinet
synth_pad,1000,5,"[30,35]",30,True,synth_pad
synth_lead,5000,5,"[36,41]",36,True,synth_lead
sine,1000,5,"[43,48]",43,True,sine
clarinet,1000,5,"[48,53]",48,True,clarinet
bass,5000,5,"[54,59]",54,True,bass
sine,5000,5,"[60,65]",60,True,sine
triangle,5000,5,"[64,69]",64,True,triangle
oboe,5000,5,"[69,74]",69,True,oboe
trombone,5000,5,"[79,84]",79,True,trombone
flute,5000,5,"[88,93]",88,True,flute
"[""piano"",""organ""]",5000,6,"[30,36]",30,False,piano+organ
"[""voice"",""cello""]",5000,6,"[36,42]",36,False,voice+cello
"[""flute"",""synth_pad""]",1000,6,"[43,49]",43,False,flute+synth_pad
"[""piano"",""trombone""]",5000,6,"[48,54]",48,False,piano+trombone
"[""sine"",""piano""]",5000,6,"[54,60]",54,False,sine+piano
"[""oboe"",""flute""]",5000,6,"[60,66]",60,False,oboe+flute
"[""oboe"",""cello""]",1000,6,"[64,70]",64,False,oboe+cello
"[""organ"",""piano""]",1000,6,"[69,75]",69,False,organ+piano
"[""synth_lead"",""organ""]",1000,6,"[79,85]",79,False,synth_lead+organ
"[""sawtooth"",""clarinet""]",1000,6,"[88,94]",88,False,sawtooth+clarinet
bass,1000,6,"[30,36]",30,True,bass
synth_pad,5000,6,"[36,42]",36,True,synth_pad
electric_keyboard,1000,6,"[43,49]",43,True,electric_keyboard
trumpet,1000,6,"[48,54]",48,True,trumpet
synth_lead,5000,6,"[54,60]",54,True,synth_lead
cello,5000,6,"[60,66]",60,True,cello
guitar,5000,6,"[64,70]",64,True,guitar
synth_pad,1000,6,"[69,75]",69,True,synth_pad
guitar,1000,6,"[79,85]",79,True,guitar
trombone,5000,6,"[88,94]",88,True,trombone
"[""synth_pad"",""piano""]",5000,7,"[30,37]",30,False,synth_pad+piano
"[""oboe"",""organ""]",5000,7,"[36,43]",36,False,oboe+organ
"[""organ"",""trumpet""]",1000,7,"[43,50]",43,False,organ+trumpet
"[""bass"",""trombone""]",5000,7,"[48,55]",48,False,bass+trombone
"[""flute"",""organ""]",1000,7,"[54,61]",54,False,flute+organ
"[""synth_pad"",""trumpet""]",5000,7,"[60,67]",60,False,synth_pad+trumpet
"[""clarinet"",""organ""]",5000,7,"[64,71]",64,False,clarinet+organ
"[""bass"",""piano""]",1000,7,"[69,76]",69,False,bass+piano
"[""synth_pad"",""electric_keyboard""]",1000,7,"[79,86]",79,False,synth_pad+electric_keyboard
"[""oboe"",""voice""]",5000,7,"[88,95]",88,False,oboe+voice
sine,5000,7,"[30,37]",30,True,sine
voice,5000,7,"[36,43]",36,True,voice
synth_pad,5000,7,"[43,50]",43,True,synth_pad
flute,1000,7,"[48,55]",48,True,flute
voice,5000,7,"[54,61]",54,True,voice
flute,1000,7,"[60,67]",60,True,flute
sine,1000,7,"[64,71]",64,True,sine
square,1000,7,"[69,76]",69,True,square
sawtooth,5000,7,"[79,86]",79,True,sawtooth
flute,1000,7,"[88,95]",88,True,flute
"[""guitar"",""trumpet""]",1000,8,"[30,38]",30,False,guitar+trumpet
"[""guitar"",""triangle""]",1000,8,"[36,44]",36,False,guitar+triangle
"[""violin"",""trombone""]",5000,8,"[43,51]",43,False,violin+trombone
"[""flute"",""synth_pad""]",1000,8,"[48,56]",48,False,flute+synth_pad
"[""synth_lead"",""electric_keyboard""]",1000,8,"[54,62]",54,False,synth_lead+electric_keyboard
"[""piano"",""triangle""]",5000,8,"[60,68]",60,False,piano+triangle
"[""cello"",""bass""]",5000,8,"[64,72]",64,False,cello+bass
"[""bass"",""guitar""]",5000,8,"[69,77]",69,False,bass+guitar
"[""synth_lead"",""sine""]",5000,8,"[79,87]",79,False,synth_lead+sine
"[""guitar"",""triangle""]",1000,8,"[88,96]",88,False,guitar+triangle
piano,1000,8,"[30,38]",30,True,piano
voice,1000,8,"[36,44]",36,True,voice
voice,1000,8,"[43,51]",43,True,voice
bass,1000,8,"[48,56]",48,True,bass
flute,5000,8,"[54,62]",54,True,flute
bass,1000,8,"[60,68]",60,True,bass
cello,1000,8,"[64,72]",64,True,cello
guitar,1000,8,"[69,77]",69,True,guitar
triangle,1000,8,"[79,87]",79,True,triangle
triangle,1000,8,"[88,96]",88,True,triangle
"[""clarinet"",""square""]",5000,9,"[30,39]",30,False,clarinet+square
"[""square"",""guitar""]",1000,9,"[36,45]",36,False,square+guitar
"[""sawtooth"",""synth_lead""]",5000,9,"[43,52]",43,False,sawtooth+synth_lead
"[""violin"",""organ""]",1000,9,"[48,57]",48,False,violin+organ
"[""synth_pad"",""piano""]",5000,9,"[54,63]",54,False,synth_pad+piano
"[""piano"",""guitar""]",5000,9,"[60,69]",60,False,piano+guitar
"[""trumpet"",""oboe""]",1000,9,"[64,73]",64,False,trumpet+oboe
"[""violin"",""voice""]",5000,9,"[69,78]",69,False,violin+voice
"[""electric_keyboard"",""sine""]",5000,9,"[79,88]",79,False,electric_keyboard+sine
clarinet,5000,9,"[30,39]",30,True,clarinet
triangle,1000,9,"[36,45]",36,True,triangle
flute,5000,9,"[43,52]",43,True,flute
guitar,1000,9,"[48,57]",48,True,guitar
guitar,1000,9,"[54,63]",54,True,guitar
synth_pad,1000,9,"[60,69]",60,True,synth_pad
organ,1000,9,"[64,73]",64,True,organ
piano,1000,9,"[69,78]",69,True,piano
cello,5000,9,"[79,88]",79,True,cello
